feature	reference_identifier	position	reference	mutation	antiviral	phenotype	fold_ic50	publication	source	comment
HCMVUL27	X17403.1	10	P	L	brincidofovir	sensitive		PMID:19704169	CHARMD	Source origin: Clinical Isolate | Observation: Natural polymorphism
HCMVUL27	X17403.1	10	P	L	cidofovir	sensitive		PMID:19704169	CHARMD	Source origin: Clinical Isolate | Observation: Natural polymorphism
HCMVUL27	X17403.1	10	P	L	cyclopropavir	sensitive		PMID:19704169	CHARMD	Source origin: Clinical Isolate | Observation: Natural polymorphism
HCMVUL27	X17403.1	10	P	L	foscarnet	sensitive		PMID:19704169	CHARMD	Source origin: Clinical Isolate | Observation: Natural polymorphism
HCMVUL27	X17403.1	10	P	L	ganciclovir	sensitive		PMID:19704169	CHARMD	Source origin: Clinical Isolate | Observation: Natural polymorphism
HCMVUL27	X17403.1	10	P	L	letermovir	sensitive		PMID:19704169	CHARMD	Source origin: Clinical Isolate | Observation: Natural polymorphism
HCMVUL27	X17403.1	10	P	L	maribavir	sensitive		PMID:19704169	CHARMD	Source origin: Clinical Isolate | Observation: Natural polymorphism
HCMVUL27	X17403.1	11	L	P	brincidofovir	sensitive		PMID:19704169	CHARMD	Source origin: Clinical Isolate | Observation: Natural polymorphism
HCMVUL27	X17403.1	11	L	P	cidofovir	sensitive		PMID:19704169	CHARMD	Source origin: Clinical Isolate | Observation: Natural polymorphism
HCMVUL27	X17403.1	11	L	P	cyclopropavir	sensitive		PMID:19704169	CHARMD	Source origin: Clinical Isolate | Observation: Natural polymorphism
HCMVUL27	X17403.1	11	L	P	foscarnet	sensitive		PMID:19704169	CHARMD	Source origin: Clinical Isolate | Observation: Natural polymorphism
HCMVUL27	X17403.1	11	L	P	ganciclovir	sensitive		PMID:19704169	CHARMD	Source origin: Clinical Isolate | Observation: Natural polymorphism
HCMVUL27	X17403.1	11	L	P	letermovir	sensitive		PMID:19704169	CHARMD	Source origin: Clinical Isolate | Observation: Natural polymorphism
HCMVUL27	X17403.1	11	L	P	maribavir	sensitive		PMID:19704169	CHARMD	Source origin: Clinical Isolate | Observation: Natural polymorphism
HCMVUL27	X17403.1	12	P	L	brincidofovir	sensitive		PMID:19704169	CHARMD	Source origin: Clinical Isolate | Observation: Natural polymorphism
HCMVUL27	X17403.1	12	P	L	cidofovir	sensitive		PMID:19704169	CHARMD	Source origin: Clinical Isolate | Observation: Natural polymorphism
HCMVUL27	X17403.1	12	P	L	cyclopropavir	sensitive		PMID:19704169	CHARMD	Source origin: Clinical Isolate | Observation: Natural polymorphism
HCMVUL27	X17403.1	12	P	L	foscarnet	sensitive		PMID:19704169	CHARMD	Source origin: Clinical Isolate | Observation: Natural polymorphism
HCMVUL27	X17403.1	12	P	L	ganciclovir	sensitive		PMID:19704169	CHARMD	Source origin: Clinical Isolate | Observation: Natural polymorphism
HCMVUL27	X17403.1	12	P	L	letermovir	sensitive		PMID:19704169	CHARMD	Source origin: Clinical Isolate | Observation: Natural polymorphism
HCMVUL27	X17403.1	12	P	L	maribavir	sensitive		PMID:19704169	CHARMD	Source origin: Clinical Isolate | Observation: Natural polymorphism
HCMVUL27	X17403.1	22	E	*	maribavir	low-level resistance	2	PMID:18981262	CHARMD	Source origin: Laboratory strain | Marker transfer: Recombinant | Assay details: Yield reduction assay, SEAP
HCMVUL27	X17403.1	58	A	T	brincidofovir	sensitive		PMID:19704169	CHARMD	Source origin: Clinical Isolate | Observation: Natural polymorphism
HCMVUL27	X17403.1	58	A	T	cidofovir	sensitive		PMID:19704169	CHARMD	Source origin: Clinical Isolate | Observation: Natural polymorphism
HCMVUL27	X17403.1	58	A	T	cyclopropavir	sensitive		PMID:19704169	CHARMD	Source origin: Clinical Isolate | Observation: Natural polymorphism
HCMVUL27	X17403.1	58	A	T	foscarnet	sensitive		PMID:19704169	CHARMD	Source origin: Clinical Isolate | Observation: Natural polymorphism
HCMVUL27	X17403.1	58	A	T	ganciclovir	sensitive		PMID:19704169	CHARMD	Source origin: Clinical Isolate | Observation: Natural polymorphism
HCMVUL27	X17403.1	58	A	T	letermovir	sensitive		PMID:19704169	CHARMD	Source origin: Clinical Isolate | Observation: Natural polymorphism
HCMVUL27	X17403.1	58	A	T	maribavir	sensitive		PMID:19704169	CHARMD	Source origin: Clinical Isolate | Observation: Natural polymorphism
HCMVUL27	X17403.1	81	D	N	brincidofovir	sensitive		PMID:19704169	CHARMD	Source origin: Clinical Isolate | Observation: Natural polymorphism
HCMVUL27	X17403.1	81	D	N	cidofovir	sensitive		PMID:19704169	CHARMD	Source origin: Clinical Isolate | Observation: Natural polymorphism
HCMVUL27	X17403.1	81	D	N	cyclopropavir	sensitive		PMID:19704169	CHARMD	Source origin: Clinical Isolate | Observation: Natural polymorphism
HCMVUL27	X17403.1	81	D	N	foscarnet	sensitive		PMID:19704169	CHARMD	Source origin: Clinical Isolate | Observation: Natural polymorphism
HCMVUL27	X17403.1	81	D	N	ganciclovir	sensitive		PMID:19704169	CHARMD	Source origin: Clinical Isolate | Observation: Natural polymorphism
HCMVUL27	X17403.1	81	D	N	letermovir	sensitive		PMID:19704169	CHARMD	Source origin: Clinical Isolate | Observation: Natural polymorphism
HCMVUL27	X17403.1	81	D	N	maribavir	sensitive		PMID:19704169	CHARMD	Source origin: Clinical Isolate | Observation: Natural polymorphism
HCMVUL27	X17403.1	83	A	V	brincidofovir	sensitive		PMID:19704169	CHARMD	Source origin: Clinical Isolate | Observation: Natural polymorphism
HCMVUL27	X17403.1	83	A	V	cidofovir	sensitive		PMID:19704169	CHARMD	Source origin: Clinical Isolate | Observation: Natural polymorphism
HCMVUL27	X17403.1	83	A	V	cyclopropavir	sensitive		PMID:19704169	CHARMD	Source origin: Clinical Isolate | Observation: Natural polymorphism
HCMVUL27	X17403.1	83	A	V	foscarnet	sensitive		PMID:19704169	CHARMD	Source origin: Clinical Isolate | Observation: Natural polymorphism
HCMVUL27	X17403.1	83	A	V	ganciclovir	sensitive		PMID:19704169	CHARMD	Source origin: Clinical Isolate | Observation: Natural polymorphism
HCMVUL27	X17403.1	83	A	V	letermovir	sensitive		PMID:19704169	CHARMD	Source origin: Clinical Isolate | Observation: Natural polymorphism
HCMVUL27	X17403.1	83	A	V	maribavir	sensitive		PMID:19704169	CHARMD	Source origin: Clinical Isolate | Observation: Natural polymorphism
HCMVUL27	X17403.1	84	A	P	brincidofovir	sensitive		PMID:19704169	CHARMD	Source origin: Clinical Isolate | Observation: Natural polymorphism
HCMVUL27	X17403.1	84	A	P	cidofovir	sensitive		PMID:19704169	CHARMD	Source origin: Clinical Isolate | Observation: Natural polymorphism
HCMVUL27	X17403.1	84	A	P	cyclopropavir	sensitive		PMID:19704169	CHARMD	Source origin: Clinical Isolate | Observation: Natural polymorphism
HCMVUL27	X17403.1	84	A	P	foscarnet	sensitive		PMID:19704169	CHARMD	Source origin: Clinical Isolate | Observation: Natural polymorphism
HCMVUL27	X17403.1	84	A	P	ganciclovir	sensitive		PMID:19704169	CHARMD	Source origin: Clinical Isolate | Observation: Natural polymorphism
HCMVUL27	X17403.1	84	A	P	letermovir	sensitive		PMID:19704169	CHARMD	Source origin: Clinical Isolate | Observation: Natural polymorphism
HCMVUL27	X17403.1	84	A	P	maribavir	sensitive		PMID:19704169	CHARMD	Source origin: Clinical Isolate | Observation: Natural polymorphism
HCMVUL27	X17403.1	84	A	V	brincidofovir	sensitive		PMID:19704169	CHARMD	Source origin: Clinical Isolate | Observation: Natural polymorphism
HCMVUL27	X17403.1	84	A	V	cidofovir	sensitive		PMID:19704169	CHARMD	Source origin: Clinical Isolate | Observation: Natural polymorphism
HCMVUL27	X17403.1	84	A	V	cyclopropavir	sensitive		PMID:19704169	CHARMD	Source origin: Clinical Isolate | Observation: Natural polymorphism
HCMVUL27	X17403.1	84	A	V	foscarnet	sensitive		PMID:19704169	CHARMD	Source origin: Clinical Isolate | Observation: Natural polymorphism
HCMVUL27	X17403.1	84	A	V	ganciclovir	sensitive		PMID:19704169	CHARMD	Source origin: Clinical Isolate | Observation: Natural polymorphism
HCMVUL27	X17403.1	84	A	V	letermovir	sensitive		PMID:19704169	CHARMD	Source origin: Clinical Isolate | Observation: Natural polymorphism
HCMVUL27	X17403.1	84	A	V	maribavir	sensitive		PMID:19704169	CHARMD	Source origin: Clinical Isolate | Observation: Natural polymorphism
HCMVUL27	X17403.1	90	K	R	brincidofovir	sensitive		PMID:19704169	CHARMD	Source origin: Clinical Isolate | Observation: Natural polymorphism
HCMVUL27	X17403.1	90	K	R	cidofovir	sensitive		PMID:19704169	CHARMD	Source origin: Clinical Isolate | Observation: Natural polymorphism
HCMVUL27	X17403.1	90	K	R	cyclopropavir	sensitive		PMID:19704169	CHARMD	Source origin: Clinical Isolate | Observation: Natural polymorphism
HCMVUL27	X17403.1	90	K	R	foscarnet	sensitive		PMID:19704169	CHARMD	Source origin: Clinical Isolate | Observation: Natural polymorphism
HCMVUL27	X17403.1	90	K	R	ganciclovir	sensitive		PMID:19704169	CHARMD	Source origin: Clinical Isolate | Observation: Natural polymorphism
HCMVUL27	X17403.1	90	K	R	letermovir	sensitive		PMID:19704169	CHARMD	Source origin: Clinical Isolate | Observation: Natural polymorphism
HCMVUL27	X17403.1	90	K	R	maribavir	sensitive		PMID:19704169	CHARMD	Source origin: Clinical Isolate | Observation: Natural polymorphism
HCMVUL27	X17403.1	97	H	R	brincidofovir	sensitive		PMID:19704169	CHARMD	Source origin: Clinical Isolate | Observation: Natural polymorphism
HCMVUL27	X17403.1	97	H	R	cidofovir	sensitive		PMID:19704169	CHARMD	Source origin: Clinical Isolate | Observation: Natural polymorphism
HCMVUL27	X17403.1	97	H	R	cyclopropavir	sensitive		PMID:19704169	CHARMD	Source origin: Clinical Isolate | Observation: Natural polymorphism
HCMVUL27	X17403.1	97	H	R	foscarnet	sensitive		PMID:19704169	CHARMD	Source origin: Clinical Isolate | Observation: Natural polymorphism
HCMVUL27	X17403.1	97	H	R	ganciclovir	sensitive		PMID:19704169	CHARMD	Source origin: Clinical Isolate | Observation: Natural polymorphism
HCMVUL27	X17403.1	97	H	R	letermovir	sensitive		PMID:19704169	CHARMD	Source origin: Clinical Isolate | Observation: Natural polymorphism
HCMVUL27	X17403.1	97	H	R	maribavir	sensitive		PMID:19704169	CHARMD	Source origin: Clinical Isolate | Observation: Natural polymorphism
HCMVUL27	X17403.1	133	L	I	brincidofovir	sensitive		PMID:19704169	CHARMD	Source origin: Clinical Isolate | Observation: Natural polymorphism
HCMVUL27	X17403.1	133	L	I	cidofovir	sensitive		PMID:19704169	CHARMD	Source origin: Clinical Isolate | Observation: Natural polymorphism
HCMVUL27	X17403.1	133	L	I	cyclopropavir	sensitive		PMID:19704169	CHARMD	Source origin: Clinical Isolate | Observation: Natural polymorphism
HCMVUL27	X17403.1	133	L	I	foscarnet	sensitive		PMID:19704169	CHARMD	Source origin: Clinical Isolate | Observation: Natural polymorphism
HCMVUL27	X17403.1	133	L	I	ganciclovir	sensitive		PMID:19704169	CHARMD	Source origin: Clinical Isolate | Observation: Natural polymorphism
HCMVUL27	X17403.1	133	L	I	letermovir	sensitive		PMID:19704169	CHARMD	Source origin: Clinical Isolate | Observation: Natural polymorphism
HCMVUL27	X17403.1	133	L	I	maribavir	sensitive		PMID:19704169	CHARMD	Source origin: Clinical Isolate | Observation: Natural polymorphism
HCMVUL27	X17403.1	134	A	T	brincidofovir	sensitive		PMID:19704169	CHARMD	Source origin: Clinical Isolate | Observation: Natural polymorphism
HCMVUL27	X17403.1	134	A	T	cidofovir	sensitive		PMID:19704169	CHARMD	Source origin: Clinical Isolate | Observation: Natural polymorphism
HCMVUL27	X17403.1	134	A	T	cyclopropavir	sensitive		PMID:19704169	CHARMD	Source origin: Clinical Isolate | Observation: Natural polymorphism
HCMVUL27	X17403.1	134	A	T	foscarnet	sensitive		PMID:19704169	CHARMD	Source origin: Clinical Isolate | Observation: Natural polymorphism
HCMVUL27	X17403.1	134	A	T	ganciclovir	sensitive		PMID:19704169	CHARMD	Source origin: Clinical Isolate | Observation: Natural polymorphism
HCMVUL27	X17403.1	134	A	T	letermovir	sensitive		PMID:19704169	CHARMD	Source origin: Clinical Isolate | Observation: Natural polymorphism
HCMVUL27	X17403.1	134	A	T	maribavir	sensitive		PMID:19704169	CHARMD	Source origin: Clinical Isolate | Observation: Natural polymorphism
HCMVUL27	X17403.1	153	W	R	maribavir	susceptible	1.7	PMID:18981262	CHARMD	Source origin: Laboratory strain | Marker transfer: Recombinant | Assay details: Yield reduction assay, SEAP
HCMVUL27	X17403.1	193	L	F	maribavir	low-level resistance	2.6	PMID:18981262	CHARMD	Source origin: Laboratory strain | Marker transfer: Recombinant | Assay details: Yield reduction assay, SEAP
HCMVUL27	X17403.1	218	C	C218del	maribavir	low-level resistance	2.5	PMID:18981262	CHARMD	Source origin: Laboratory strain | Marker transfer: Recombinant | Assay details: Yield reduction assay, SEAP
HCMVUL27	X17403.1	229	E	D	brincidofovir	sensitive		PMID:19704169	CHARMD	Source origin: Clinical Isolate | Observation: Natural polymorphism
HCMVUL27	X17403.1	229	E	D	cidofovir	sensitive		PMID:19704169	CHARMD	Source origin: Clinical Isolate | Observation: Natural polymorphism
HCMVUL27	X17403.1	229	E	D	cyclopropavir	sensitive		PMID:19704169	CHARMD	Source origin: Clinical Isolate | Observation: Natural polymorphism
HCMVUL27	X17403.1	229	E	D	foscarnet	sensitive		PMID:19704169	CHARMD	Source origin: Clinical Isolate | Observation: Natural polymorphism
HCMVUL27	X17403.1	229	E	D	ganciclovir	sensitive		PMID:19704169	CHARMD	Source origin: Clinical Isolate | Observation: Natural polymorphism
HCMVUL27	X17403.1	229	E	D	letermovir	sensitive		PMID:19704169	CHARMD	Source origin: Clinical Isolate | Observation: Natural polymorphism
HCMVUL27	X17403.1	229	E	D	maribavir	sensitive		PMID:19704169	CHARMD	Source origin: Clinical Isolate | Observation: Natural polymorphism
HCMVUL27	X17403.1	233	R	S	maribavir	susceptible	0.2	PMID:30040968,PMID:22664236,PMID:15194788	CHARMD	Source origin: Laboratory strain | Marker transfer: Recombinant | Assay details: Yield reduction assay, SEAP | Observation: ,
HCMVUL27	X17403.1	269	A	T	maribavir	low-level resistance	2	PMID:18981262	CHARMD	Source origin: Laboratory strain | Marker transfer: Recombinant | Assay details: Yield reduction assay, SEAP
HCMVUL27	X17403.1	289	N	D	brincidofovir	sensitive		PMID:19704169	CHARMD	Source origin: Clinical Isolate | Observation: Natural polymorphism
HCMVUL27	X17403.1	289	N	D	cidofovir	sensitive		PMID:19704169	CHARMD	Source origin: Clinical Isolate | Observation: Natural polymorphism
HCMVUL27	X17403.1	289	N	D	cyclopropavir	sensitive		PMID:19704169	CHARMD	Source origin: Clinical Isolate | Observation: Natural polymorphism
HCMVUL27	X17403.1	289	N	D	foscarnet	sensitive		PMID:19704169	CHARMD	Source origin: Clinical Isolate | Observation: Natural polymorphism
HCMVUL27	X17403.1	289	N	D	ganciclovir	sensitive		PMID:19704169	CHARMD	Source origin: Clinical Isolate | Observation: Natural polymorphism
HCMVUL27	X17403.1	289	N	D	letermovir	sensitive		PMID:19704169	CHARMD	Source origin: Clinical Isolate | Observation: Natural polymorphism
HCMVUL27	X17403.1	289	N	D	maribavir	sensitive		PMID:19704169	CHARMD	Source origin: Clinical Isolate | Observation: Natural polymorphism
HCMVUL27	X17403.1	294	D	G	brincidofovir	sensitive		PMID:19704169	CHARMD	Source origin: Clinical Isolate | Observation: Natural polymorphism
HCMVUL27	X17403.1	294	D	G	cidofovir	sensitive		PMID:19704169	CHARMD	Source origin: Clinical Isolate | Observation: Natural polymorphism
HCMVUL27	X17403.1	294	D	G	cyclopropavir	sensitive		PMID:19704169	CHARMD	Source origin: Clinical Isolate | Observation: Natural polymorphism
HCMVUL27	X17403.1	294	D	G	foscarnet	sensitive		PMID:19704169	CHARMD	Source origin: Clinical Isolate | Observation: Natural polymorphism
HCMVUL27	X17403.1	294	D	G	ganciclovir	sensitive		PMID:19704169	CHARMD	Source origin: Clinical Isolate | Observation: Natural polymorphism
HCMVUL27	X17403.1	294	D	G	letermovir	sensitive		PMID:19704169	CHARMD	Source origin: Clinical Isolate | Observation: Natural polymorphism
HCMVUL27	X17403.1	294	D	G	maribavir	sensitive		PMID:19704169	CHARMD	Source origin: Clinical Isolate | Observation: Natural polymorphism
HCMVUL27	X17403.1	294	D	N	brincidofovir	sensitive		PMID:19704169	CHARMD	Source origin: Clinical Isolate | Observation: Natural polymorphism
HCMVUL27	X17403.1	294	D	N	cidofovir	sensitive		PMID:19704169	CHARMD	Source origin: Clinical Isolate | Observation: Natural polymorphism
HCMVUL27	X17403.1	294	D	N	cyclopropavir	sensitive		PMID:19704169	CHARMD	Source origin: Clinical Isolate | Observation: Natural polymorphism
HCMVUL27	X17403.1	294	D	N	foscarnet	sensitive		PMID:19704169	CHARMD	Source origin: Clinical Isolate | Observation: Natural polymorphism
HCMVUL27	X17403.1	294	D	N	ganciclovir	sensitive		PMID:19704169	CHARMD	Source origin: Clinical Isolate | Observation: Natural polymorphism
HCMVUL27	X17403.1	294	D	N	letermovir	sensitive		PMID:19704169	CHARMD	Source origin: Clinical Isolate | Observation: Natural polymorphism
HCMVUL27	X17403.1	294	D	N	maribavir	sensitive		PMID:19704169	CHARMD	Source origin: Clinical Isolate | Observation: Natural polymorphism
HCMVUL27	X17403.1	297	H	Y	brincidofovir	sensitive		PMID:19704169	CHARMD	Source origin: Clinical Isolate | Observation: Natural polymorphism
HCMVUL27	X17403.1	297	H	Y	cidofovir	sensitive		PMID:19704169	CHARMD	Source origin: Clinical Isolate | Observation: Natural polymorphism
HCMVUL27	X17403.1	297	H	Y	cyclopropavir	sensitive		PMID:19704169	CHARMD	Source origin: Clinical Isolate | Observation: Natural polymorphism
HCMVUL27	X17403.1	297	H	Y	foscarnet	sensitive		PMID:19704169	CHARMD	Source origin: Clinical Isolate | Observation: Natural polymorphism
HCMVUL27	X17403.1	297	H	Y	ganciclovir	sensitive		PMID:19704169	CHARMD	Source origin: Clinical Isolate | Observation: Natural polymorphism
HCMVUL27	X17403.1	297	H	Y	letermovir	sensitive		PMID:19704169	CHARMD	Source origin: Clinical Isolate | Observation: Natural polymorphism
HCMVUL27	X17403.1	297	H	Y	maribavir	sensitive		PMID:19704169	CHARMD	Source origin: Clinical Isolate | Observation: Natural polymorphism
HCMVUL27	X17403.1	298	D	G	brincidofovir	sensitive		PMID:19704169	CHARMD	Source origin: Clinical Isolate | Observation: Natural polymorphism
HCMVUL27	X17403.1	298	D	G	cidofovir	sensitive		PMID:19704169	CHARMD	Source origin: Clinical Isolate | Observation: Natural polymorphism
HCMVUL27	X17403.1	298	D	G	cyclopropavir	sensitive		PMID:19704169	CHARMD	Source origin: Clinical Isolate | Observation: Natural polymorphism
HCMVUL27	X17403.1	298	D	G	foscarnet	sensitive		PMID:19704169	CHARMD	Source origin: Clinical Isolate | Observation: Natural polymorphism
HCMVUL27	X17403.1	298	D	G	ganciclovir	sensitive		PMID:19704169	CHARMD	Source origin: Clinical Isolate | Observation: Natural polymorphism
HCMVUL27	X17403.1	298	D	G	letermovir	sensitive		PMID:19704169	CHARMD	Source origin: Clinical Isolate | Observation: Natural polymorphism
HCMVUL27	X17403.1	298	D	G	maribavir	sensitive		PMID:19704169	CHARMD	Source origin: Clinical Isolate | Observation: Natural polymorphism
HCMVUL27	X17403.1	300	N	G	brincidofovir	sensitive		PMID:19704169	CHARMD	Source origin: Clinical Isolate | Observation: Natural polymorphism
HCMVUL27	X17403.1	300	N	G	cidofovir	sensitive		PMID:19704169	CHARMD	Source origin: Clinical Isolate | Observation: Natural polymorphism
HCMVUL27	X17403.1	300	N	G	cyclopropavir	sensitive		PMID:19704169	CHARMD	Source origin: Clinical Isolate | Observation: Natural polymorphism
HCMVUL27	X17403.1	300	N	G	foscarnet	sensitive		PMID:19704169	CHARMD	Source origin: Clinical Isolate | Observation: Natural polymorphism
HCMVUL27	X17403.1	300	N	G	ganciclovir	sensitive		PMID:19704169	CHARMD	Source origin: Clinical Isolate | Observation: Natural polymorphism
HCMVUL27	X17403.1	300	N	G	letermovir	sensitive		PMID:19704169	CHARMD	Source origin: Clinical Isolate | Observation: Natural polymorphism
HCMVUL27	X17403.1	300	N	G	maribavir	sensitive		PMID:19704169	CHARMD	Source origin: Clinical Isolate | Observation: Natural polymorphism
HCMVUL27	X17403.1	307	P	L	brincidofovir	sensitive		PMID:19704169	CHARMD	Source origin: Clinical Isolate | Observation: Natural polymorphism
HCMVUL27	X17403.1	307	P	L	cidofovir	sensitive		PMID:19704169	CHARMD	Source origin: Clinical Isolate | Observation: Natural polymorphism
HCMVUL27	X17403.1	307	P	L	cyclopropavir	sensitive		PMID:19704169	CHARMD	Source origin: Clinical Isolate | Observation: Natural polymorphism
HCMVUL27	X17403.1	307	P	L	foscarnet	sensitive		PMID:19704169	CHARMD	Source origin: Clinical Isolate | Observation: Natural polymorphism
HCMVUL27	X17403.1	307	P	L	ganciclovir	sensitive		PMID:19704169	CHARMD	Source origin: Clinical Isolate | Observation: Natural polymorphism
HCMVUL27	X17403.1	307	P	L	letermovir	sensitive		PMID:19704169	CHARMD	Source origin: Clinical Isolate | Observation: Natural polymorphism
HCMVUL27	X17403.1	307	P	L	maribavir	sensitive		PMID:19704169	CHARMD	Source origin: Clinical Isolate | Observation: Natural polymorphism
HCMVUL27	X17403.1	310	V	A	brincidofovir	sensitive		PMID:19704169	CHARMD	Source origin: Clinical Isolate | Observation: Natural polymorphism
HCMVUL27	X17403.1	310	V	A	cidofovir	sensitive		PMID:19704169	CHARMD	Source origin: Clinical Isolate | Observation: Natural polymorphism
HCMVUL27	X17403.1	310	V	A	cyclopropavir	sensitive		PMID:19704169	CHARMD	Source origin: Clinical Isolate | Observation: Natural polymorphism
HCMVUL27	X17403.1	310	V	A	foscarnet	sensitive		PMID:19704169	CHARMD	Source origin: Clinical Isolate | Observation: Natural polymorphism
HCMVUL27	X17403.1	310	V	A	ganciclovir	sensitive		PMID:19704169	CHARMD	Source origin: Clinical Isolate | Observation: Natural polymorphism
HCMVUL27	X17403.1	310	V	A	letermovir	sensitive		PMID:19704169	CHARMD	Source origin: Clinical Isolate | Observation: Natural polymorphism
HCMVUL27	X17403.1	310	V	A	maribavir	sensitive		PMID:19704169	CHARMD	Source origin: Clinical Isolate | Observation: Natural polymorphism
HCMVUL27	X17403.1	313	H	Y	brincidofovir	sensitive		PMID:19704169	CHARMD	Source origin: Clinical Isolate | Observation: Natural polymorphism
HCMVUL27	X17403.1	313	H	Y	cidofovir	sensitive		PMID:19704169	CHARMD	Source origin: Clinical Isolate | Observation: Natural polymorphism
HCMVUL27	X17403.1	313	H	Y	cyclopropavir	sensitive		PMID:19704169	CHARMD	Source origin: Clinical Isolate | Observation: Natural polymorphism
HCMVUL27	X17403.1	313	H	Y	foscarnet	sensitive		PMID:19704169	CHARMD	Source origin: Clinical Isolate | Observation: Natural polymorphism
HCMVUL27	X17403.1	313	H	Y	ganciclovir	sensitive		PMID:19704169	CHARMD	Source origin: Clinical Isolate | Observation: Natural polymorphism
HCMVUL27	X17403.1	313	H	Y	letermovir	sensitive		PMID:19704169	CHARMD	Source origin: Clinical Isolate | Observation: Natural polymorphism
HCMVUL27	X17403.1	313	H	Y	maribavir	sensitive		PMID:19704169	CHARMD	Source origin: Clinical Isolate | Observation: Natural polymorphism
HCMVUL27	X17403.1	335	L	P	maribavir	high-level resistance	23	PMID:14565505,PMID:14557635	CHARMD	Source origin: Laboratory strain | Marker transfer: Recombinant | Assay details: Yield reduction assay
HCMVUL27	X17403.1	344	G	D	maribavir	susceptible	0.9	PMID:32726419	CHARMD	Source origin: Clinical Isolate
HCMVUL27	X17403.1	351	D	N	brincidofovir	sensitive		PMID:19704169	CHARMD	Source origin: Clinical Isolate | Observation: Natural polymorphism
HCMVUL27	X17403.1	351	D	N	cidofovir	sensitive		PMID:19704169	CHARMD	Source origin: Clinical Isolate | Observation: Natural polymorphism
HCMVUL27	X17403.1	351	D	N	cyclopropavir	sensitive		PMID:19704169	CHARMD	Source origin: Clinical Isolate | Observation: Natural polymorphism
HCMVUL27	X17403.1	351	D	N	foscarnet	sensitive		PMID:19704169	CHARMD	Source origin: Clinical Isolate | Observation: Natural polymorphism
HCMVUL27	X17403.1	351	D	N	ganciclovir	sensitive		PMID:19704169	CHARMD	Source origin: Clinical Isolate | Observation: Natural polymorphism
HCMVUL27	X17403.1	351	D	N	letermovir	sensitive		PMID:19704169	CHARMD	Source origin: Clinical Isolate | Observation: Natural polymorphism
HCMVUL27	X17403.1	351	D	N	maribavir	sensitive		PMID:19704169	CHARMD	Source origin: Clinical Isolate | Observation: Natural polymorphism
HCMVUL27	X17403.1	353	V	E	maribavir	low-level resistance	2.1	PMID:18981262	CHARMD	Source origin: Laboratory strain | Marker transfer: Recombinant | Assay details: Yield reduction assay, SEAP
HCMVUL27	X17403.1	362	W	*	maribavir	low-level resistance	2.2	PMID:18981262	CHARMD	Source origin: Laboratory strain | Marker transfer: Recombinant | Assay details: Yield reduction assay, SEAP
HCMVUL27	X17403.1	362	W	R	maribavir	susceptible	1.9	PMID:15194788	CHARMD	Source origin: Laboratory strain | Marker transfer: Recombinant | Assay details: Yield reduction assay
HCMVUL27	X17403.1	363	S	W	brincidofovir	sensitive		PMID:19704169	CHARMD	Source origin: Clinical Isolate | Observation: Natural polymorphism
HCMVUL27	X17403.1	363	S	W	cidofovir	sensitive		PMID:19704169	CHARMD	Source origin: Clinical Isolate | Observation: Natural polymorphism
HCMVUL27	X17403.1	363	S	W	cyclopropavir	sensitive		PMID:19704169	CHARMD	Source origin: Clinical Isolate | Observation: Natural polymorphism
HCMVUL27	X17403.1	363	S	W	foscarnet	sensitive		PMID:19704169	CHARMD	Source origin: Clinical Isolate | Observation: Natural polymorphism
HCMVUL27	X17403.1	363	S	W	ganciclovir	sensitive		PMID:19704169	CHARMD	Source origin: Clinical Isolate | Observation: Natural polymorphism
HCMVUL27	X17403.1	363	S	W	letermovir	sensitive		PMID:19704169	CHARMD	Source origin: Clinical Isolate | Observation: Natural polymorphism
HCMVUL27	X17403.1	363	S	W	maribavir	sensitive		PMID:19704169	CHARMD	Source origin: Clinical Isolate | Observation: Natural polymorphism
HCMVUL27	X17403.1	367	I	V	brincidofovir	sensitive		PMID:19704169	CHARMD	Source origin: Clinical Isolate | Observation: Natural polymorphism
HCMVUL27	X17403.1	367	I	V	cidofovir	sensitive		PMID:19704169	CHARMD	Source origin: Clinical Isolate | Observation: Natural polymorphism
HCMVUL27	X17403.1	367	I	V	cyclopropavir	sensitive		PMID:19704169	CHARMD	Source origin: Clinical Isolate | Observation: Natural polymorphism
HCMVUL27	X17403.1	367	I	V	foscarnet	sensitive		PMID:19704169	CHARMD	Source origin: Clinical Isolate | Observation: Natural polymorphism
HCMVUL27	X17403.1	367	I	V	ganciclovir	sensitive		PMID:19704169	CHARMD	Source origin: Clinical Isolate | Observation: Natural polymorphism
HCMVUL27	X17403.1	367	I	V	letermovir	sensitive		PMID:19704169	CHARMD	Source origin: Clinical Isolate | Observation: Natural polymorphism
HCMVUL27	X17403.1	367	I	V	maribavir	sensitive		PMID:19704169	CHARMD	Source origin: Clinical Isolate | Observation: Natural polymorphism
HCMVUL27	X17403.1	421	G	E	brincidofovir	sensitive		PMID:19704169	CHARMD	Source origin: Clinical Isolate | Observation: Natural polymorphism
HCMVUL27	X17403.1	421	G	E	cidofovir	sensitive		PMID:19704169	CHARMD	Source origin: Clinical Isolate | Observation: Natural polymorphism
HCMVUL27	X17403.1	421	G	E	cyclopropavir	sensitive		PMID:19704169	CHARMD	Source origin: Clinical Isolate | Observation: Natural polymorphism
HCMVUL27	X17403.1	421	G	E	foscarnet	sensitive		PMID:19704169	CHARMD	Source origin: Clinical Isolate | Observation: Natural polymorphism
HCMVUL27	X17403.1	421	G	E	ganciclovir	sensitive		PMID:19704169	CHARMD	Source origin: Clinical Isolate | Observation: Natural polymorphism
HCMVUL27	X17403.1	421	G	E	letermovir	sensitive		PMID:19704169	CHARMD	Source origin: Clinical Isolate | Observation: Natural polymorphism
HCMVUL27	X17403.1	421	G	E	maribavir	sensitive		PMID:19704169	CHARMD	Source origin: Clinical Isolate | Observation: Natural polymorphism
HCMVUL27	X17403.1	426	L	F	maribavir	low-level resistance	2.2	PMID:18981262	CHARMD	Source origin: Laboratory strain | Marker transfer: Recombinant | Assay details: Yield reduction assay, SEAP
HCMVUL27	X17403.1	465	R	C	brincidofovir	sensitive		PMID:19704169	CHARMD	Source origin: Clinical Isolate | Observation: Natural polymorphism
HCMVUL27	X17403.1	465	R	C	cidofovir	sensitive		PMID:19704169	CHARMD	Source origin: Clinical Isolate | Observation: Natural polymorphism
HCMVUL27	X17403.1	465	R	C	cyclopropavir	sensitive		PMID:19704169	CHARMD	Source origin: Clinical Isolate | Observation: Natural polymorphism
HCMVUL27	X17403.1	465	R	C	foscarnet	sensitive		PMID:19704169	CHARMD	Source origin: Clinical Isolate | Observation: Natural polymorphism
HCMVUL27	X17403.1	465	R	C	ganciclovir	sensitive		PMID:19704169	CHARMD	Source origin: Clinical Isolate | Observation: Natural polymorphism
HCMVUL27	X17403.1	465	R	C	letermovir	sensitive		PMID:19704169	CHARMD	Source origin: Clinical Isolate | Observation: Natural polymorphism
HCMVUL27	X17403.1	465	R	C	maribavir	sensitive		PMID:19704169	CHARMD	Source origin: Clinical Isolate | Observation: Natural polymorphism
HCMVUL27	X17403.1	519	T	A	brincidofovir	sensitive		PMID:19704169	CHARMD	Source origin: Clinical Isolate | Observation: Natural polymorphism
HCMVUL27	X17403.1	519	T	A	cidofovir	sensitive		PMID:19704169	CHARMD	Source origin: Clinical Isolate | Observation: Natural polymorphism
HCMVUL27	X17403.1	519	T	A	cyclopropavir	sensitive		PMID:19704169	CHARMD	Source origin: Clinical Isolate | Observation: Natural polymorphism
HCMVUL27	X17403.1	519	T	A	foscarnet	sensitive		PMID:19704169	CHARMD	Source origin: Clinical Isolate | Observation: Natural polymorphism
HCMVUL27	X17403.1	519	T	A	ganciclovir	sensitive		PMID:19704169	CHARMD	Source origin: Clinical Isolate | Observation: Natural polymorphism
HCMVUL27	X17403.1	519	T	A	letermovir	sensitive		PMID:19704169	CHARMD	Source origin: Clinical Isolate | Observation: Natural polymorphism
HCMVUL27	X17403.1	519	T	A	maribavir	sensitive		PMID:19704169	CHARMD	Source origin: Clinical Isolate | Observation: Natural polymorphism
HCMVUL27	X17403.1	520	A	V	brincidofovir	sensitive		PMID:19704169	CHARMD	Source origin: Clinical Isolate | Observation: Natural polymorphism
HCMVUL27	X17403.1	520	A	V	cidofovir	sensitive		PMID:19704169	CHARMD	Source origin: Clinical Isolate | Observation: Natural polymorphism
HCMVUL27	X17403.1	520	A	V	cyclopropavir	sensitive		PMID:19704169	CHARMD	Source origin: Clinical Isolate | Observation: Natural polymorphism
HCMVUL27	X17403.1	520	A	V	foscarnet	sensitive		PMID:19704169	CHARMD	Source origin: Clinical Isolate | Observation: Natural polymorphism
HCMVUL27	X17403.1	520	A	V	ganciclovir	sensitive		PMID:19704169	CHARMD	Source origin: Clinical Isolate | Observation: Natural polymorphism
HCMVUL27	X17403.1	520	A	V	letermovir	sensitive		PMID:19704169	CHARMD	Source origin: Clinical Isolate | Observation: Natural polymorphism
HCMVUL27	X17403.1	520	A	V	maribavir	sensitive		PMID:19704169	CHARMD	Source origin: Clinical Isolate | Observation: Natural polymorphism
HCMVUL27	X17403.1	531	R	Q	brincidofovir	sensitive		PMID:19704169	CHARMD	Source origin: Clinical Isolate | Observation: Natural polymorphism
HCMVUL27	X17403.1	531	R	Q	cidofovir	sensitive		PMID:19704169	CHARMD	Source origin: Clinical Isolate | Observation: Natural polymorphism
HCMVUL27	X17403.1	531	R	Q	cyclopropavir	sensitive		PMID:19704169	CHARMD	Source origin: Clinical Isolate | Observation: Natural polymorphism
HCMVUL27	X17403.1	531	R	Q	foscarnet	sensitive		PMID:19704169	CHARMD	Source origin: Clinical Isolate | Observation: Natural polymorphism
HCMVUL27	X17403.1	531	R	Q	ganciclovir	sensitive		PMID:19704169	CHARMD	Source origin: Clinical Isolate | Observation: Natural polymorphism
HCMVUL27	X17403.1	531	R	Q	letermovir	sensitive		PMID:19704169	CHARMD	Source origin: Clinical Isolate | Observation: Natural polymorphism
HCMVUL27	X17403.1	531	R	Q	maribavir	sensitive		PMID:19704169	CHARMD	Source origin: Clinical Isolate | Observation: Natural polymorphism
HCMVUL27	X17403.1	557	H	Q	brincidofovir	sensitive		PMID:19704169	CHARMD	Source origin: Clinical Isolate | Observation: Natural polymorphism
HCMVUL27	X17403.1	557	H	Q	cidofovir	sensitive		PMID:19704169	CHARMD	Source origin: Clinical Isolate | Observation: Natural polymorphism
HCMVUL27	X17403.1	557	H	Q	cyclopropavir	sensitive		PMID:19704169	CHARMD	Source origin: Clinical Isolate | Observation: Natural polymorphism
HCMVUL27	X17403.1	557	H	Q	foscarnet	sensitive		PMID:19704169	CHARMD	Source origin: Clinical Isolate | Observation: Natural polymorphism
HCMVUL27	X17403.1	557	H	Q	ganciclovir	sensitive		PMID:19704169	CHARMD	Source origin: Clinical Isolate | Observation: Natural polymorphism
HCMVUL27	X17403.1	557	H	Q	letermovir	sensitive		PMID:19704169	CHARMD	Source origin: Clinical Isolate | Observation: Natural polymorphism
HCMVUL27	X17403.1	557	H	Q	maribavir	sensitive		PMID:19704169	CHARMD	Source origin: Clinical Isolate | Observation: Natural polymorphism
HCMVUL27	X17403.1	558	A	V	brincidofovir	sensitive		PMID:19704169	CHARMD	Source origin: Clinical Isolate | Observation: Natural polymorphism
HCMVUL27	X17403.1	558	A	V	cidofovir	sensitive		PMID:19704169	CHARMD	Source origin: Clinical Isolate | Observation: Natural polymorphism
HCMVUL27	X17403.1	558	A	V	cyclopropavir	sensitive		PMID:19704169	CHARMD	Source origin: Clinical Isolate | Observation: Natural polymorphism
HCMVUL27	X17403.1	558	A	V	foscarnet	sensitive		PMID:19704169	CHARMD	Source origin: Clinical Isolate | Observation: Natural polymorphism
HCMVUL27	X17403.1	558	A	V	ganciclovir	sensitive		PMID:19704169	CHARMD	Source origin: Clinical Isolate | Observation: Natural polymorphism
HCMVUL27	X17403.1	558	A	V	letermovir	sensitive		PMID:19704169	CHARMD	Source origin: Clinical Isolate | Observation: Natural polymorphism
HCMVUL27	X17403.1	558	A	V	maribavir	sensitive		PMID:19704169	CHARMD	Source origin: Clinical Isolate | Observation: Natural polymorphism
HCMVUL27	X17403.1	565	A	T	brincidofovir	sensitive		PMID:19704169	CHARMD	Source origin: Clinical Isolate | Observation: Natural polymorphism
HCMVUL27	X17403.1	565	A	T	cidofovir	sensitive		PMID:19704169	CHARMD	Source origin: Clinical Isolate | Observation: Natural polymorphism
HCMVUL27	X17403.1	565	A	T	cyclopropavir	sensitive		PMID:19704169	CHARMD	Source origin: Clinical Isolate | Observation: Natural polymorphism
HCMVUL27	X17403.1	565	A	T	foscarnet	sensitive		PMID:19704169	CHARMD	Source origin: Clinical Isolate | Observation: Natural polymorphism
HCMVUL27	X17403.1	565	A	T	ganciclovir	sensitive		PMID:19704169	CHARMD	Source origin: Clinical Isolate | Observation: Natural polymorphism
HCMVUL27	X17403.1	565	A	T	letermovir	sensitive		PMID:19704169	CHARMD	Source origin: Clinical Isolate | Observation: Natural polymorphism
HCMVUL27	X17403.1	565	A	T	maribavir	sensitive		PMID:19704169	CHARMD	Source origin: Clinical Isolate | Observation: Natural polymorphism
HCMVUL27	X17403.1	571	P	T	brincidofovir	sensitive		PMID:19704169	CHARMD	Source origin: Clinical Isolate | Observation: Natural polymorphism
HCMVUL27	X17403.1	571	P	T	cidofovir	sensitive		PMID:19704169	CHARMD	Source origin: Clinical Isolate | Observation: Natural polymorphism
HCMVUL27	X17403.1	571	P	T	cyclopropavir	sensitive		PMID:19704169	CHARMD	Source origin: Clinical Isolate | Observation: Natural polymorphism
HCMVUL27	X17403.1	571	P	T	foscarnet	sensitive		PMID:19704169	CHARMD	Source origin: Clinical Isolate | Observation: Natural polymorphism
HCMVUL27	X17403.1	571	P	T	ganciclovir	sensitive		PMID:19704169	CHARMD	Source origin: Clinical Isolate | Observation: Natural polymorphism
HCMVUL27	X17403.1	571	P	T	letermovir	sensitive		PMID:19704169	CHARMD	Source origin: Clinical Isolate | Observation: Natural polymorphism
HCMVUL27	X17403.1	571	P	T	maribavir	sensitive		PMID:19704169	CHARMD	Source origin: Clinical Isolate | Observation: Natural polymorphism
HCMVUL27	X17403.1	606	H	Y	brincidofovir	sensitive		PMID:19704169	CHARMD	Source origin: Clinical Isolate | Observation: Natural polymorphism
HCMVUL27	X17403.1	606	H	Y	cidofovir	sensitive		PMID:19704169	CHARMD	Source origin: Clinical Isolate | Observation: Natural polymorphism
HCMVUL27	X17403.1	606	H	Y	cyclopropavir	sensitive		PMID:19704169	CHARMD	Source origin: Clinical Isolate | Observation: Natural polymorphism
HCMVUL27	X17403.1	606	H	Y	foscarnet	sensitive		PMID:19704169	CHARMD	Source origin: Clinical Isolate | Observation: Natural polymorphism
HCMVUL27	X17403.1	606	H	Y	ganciclovir	sensitive		PMID:19704169	CHARMD	Source origin: Clinical Isolate | Observation: Natural polymorphism
HCMVUL27	X17403.1	606	H	Y	letermovir	sensitive		PMID:19704169	CHARMD	Source origin: Clinical Isolate | Observation: Natural polymorphism
HCMVUL27	X17403.1	606	H	Y	maribavir	sensitive		PMID:19704169	CHARMD	Source origin: Clinical Isolate | Observation: Natural polymorphism
HCMVUL51	X17403.1	4	A	T	brincidofovir	sensitive		PMID:35690130	CHARMD	Source origin: Clincial isolate | Observation: Polymorphisme naturel
HCMVUL51	X17403.1	4	A	T	cidofovir	sensitive		PMID:35690130	CHARMD	Source origin: Clincial isolate | Observation: Polymorphisme naturel
HCMVUL51	X17403.1	4	A	T	cyclopropavir	sensitive		PMID:35690130	CHARMD	Source origin: Clincial isolate | Observation: Polymorphisme naturel
HCMVUL51	X17403.1	4	A	T	foscarnet	sensitive		PMID:35690130	CHARMD	Source origin: Clincial isolate | Observation: Polymorphisme naturel
HCMVUL51	X17403.1	4	A	T	ganciclovir	sensitive		PMID:35690130	CHARMD	Source origin: Clincial isolate | Observation: Polymorphisme naturel
HCMVUL51	X17403.1	4	A	T	letermovir	sensitive		PMID:35690130	CHARMD	Source origin: Clincial isolate | Observation: Polymorphisme naturel
HCMVUL51	X17403.1	4	A	T	maribavir	sensitive		PMID:35690130	CHARMD	Source origin: Clincial isolate | Observation: Polymorphisme naturel
HCMVUL51	X17403.1	12	D	E	letermovir	susceptible	1.4	PMID:35690130	CHARMD	Source origin: Laboratory strain | Marker transfer: Recombinant | Observation: Polymorphisme naturel
HCMVUL51	X17403.1	16	G	A	brincidofovir	sensitive		PMID:35690130	CHARMD	Source origin: Clincial isolate | Observation: Polymorphisme naturel
HCMVUL51	X17403.1	16	G	A	cidofovir	sensitive		PMID:35690130	CHARMD	Source origin: Clincial isolate | Observation: Polymorphisme naturel
HCMVUL51	X17403.1	16	G	A	cyclopropavir	sensitive		PMID:35690130	CHARMD	Source origin: Clincial isolate | Observation: Polymorphisme naturel
HCMVUL51	X17403.1	16	G	A	foscarnet	sensitive		PMID:35690130	CHARMD	Source origin: Clincial isolate | Observation: Polymorphisme naturel
HCMVUL51	X17403.1	16	G	A	ganciclovir	sensitive		PMID:35690130	CHARMD	Source origin: Clincial isolate | Observation: Polymorphisme naturel
HCMVUL51	X17403.1	16	G	A	letermovir	sensitive		PMID:35690130	CHARMD	Source origin: Clincial isolate | Observation: Polymorphisme naturel
HCMVUL51	X17403.1	16	G	A	maribavir	sensitive		PMID:35690130	CHARMD	Source origin: Clincial isolate | Observation: Polymorphisme naturel
HCMVUL51	X17403.1	17	E	A	brincidofovir	sensitive		PMID:35690130	CHARMD	Source origin: Clincial isolate | Observation: Polymorphisme naturel
HCMVUL51	X17403.1	17	E	A	cidofovir	sensitive		PMID:35690130	CHARMD	Source origin: Clincial isolate | Observation: Polymorphisme naturel
HCMVUL51	X17403.1	17	E	A	cyclopropavir	sensitive		PMID:35690130	CHARMD	Source origin: Clincial isolate | Observation: Polymorphisme naturel
HCMVUL51	X17403.1	17	E	A	foscarnet	sensitive		PMID:35690130	CHARMD	Source origin: Clincial isolate | Observation: Polymorphisme naturel
HCMVUL51	X17403.1	17	E	A	ganciclovir	sensitive		PMID:35690130	CHARMD	Source origin: Clincial isolate | Observation: Polymorphisme naturel
HCMVUL51	X17403.1	17	E	A	letermovir	sensitive		PMID:35690130	CHARMD	Source origin: Clincial isolate | Observation: Polymorphisme naturel
HCMVUL51	X17403.1	17	E	A	maribavir	sensitive		PMID:35690130	CHARMD	Source origin: Clincial isolate | Observation: Polymorphisme naturel
HCMVUL51	X17403.1	17	E	E17del	letermovir	susceptible	1.3	PMID:35690130	CHARMD	Source origin: Laboratory strain | Marker transfer: Recombinant | Observation: Polymorphisme naturel
HCMVUL51	X17403.1	23	Q	K	brincidofovir	sensitive		PMID:35690130	CHARMD	Source origin: Clincial isolate | Observation: Polymorphisme naturel
HCMVUL51	X17403.1	23	Q	K	cidofovir	sensitive		PMID:35690130	CHARMD	Source origin: Clincial isolate | Observation: Polymorphisme naturel
HCMVUL51	X17403.1	23	Q	K	cyclopropavir	sensitive		PMID:35690130	CHARMD	Source origin: Clincial isolate | Observation: Polymorphisme naturel
HCMVUL51	X17403.1	23	Q	K	foscarnet	sensitive		PMID:35690130	CHARMD	Source origin: Clincial isolate | Observation: Polymorphisme naturel
HCMVUL51	X17403.1	23	Q	K	ganciclovir	sensitive		PMID:35690130	CHARMD	Source origin: Clincial isolate | Observation: Polymorphisme naturel
HCMVUL51	X17403.1	23	Q	K	letermovir	sensitive		PMID:35690130	CHARMD	Source origin: Clincial isolate | Observation: Polymorphisme naturel
HCMVUL51	X17403.1	23	Q	K	maribavir	sensitive		PMID:35690130	CHARMD	Source origin: Clincial isolate | Observation: Polymorphisme naturel
HCMVUL51	X17403.1	24	D	G	brincidofovir	sensitive		PMID:35690130	CHARMD	Source origin: Clincial isolate | Observation: Polymorphisme naturel
HCMVUL51	X17403.1	24	D	G	cidofovir	sensitive		PMID:35690130	CHARMD	Source origin: Clincial isolate | Observation: Polymorphisme naturel
HCMVUL51	X17403.1	24	D	G	cyclopropavir	sensitive		PMID:35690130	CHARMD	Source origin: Clincial isolate | Observation: Polymorphisme naturel
HCMVUL51	X17403.1	24	D	G	foscarnet	sensitive		PMID:35690130	CHARMD	Source origin: Clincial isolate | Observation: Polymorphisme naturel
HCMVUL51	X17403.1	24	D	G	ganciclovir	sensitive		PMID:35690130	CHARMD	Source origin: Clincial isolate | Observation: Polymorphisme naturel
HCMVUL51	X17403.1	24	D	G	letermovir	sensitive		PMID:35690130	CHARMD	Source origin: Clincial isolate | Observation: Polymorphisme naturel
HCMVUL51	X17403.1	24	D	G	maribavir	sensitive		PMID:35690130	CHARMD	Source origin: Clincial isolate | Observation: Polymorphisme naturel
HCMVUL51	X17403.1	28	S	F	brincidofovir	sensitive		PMID:35690130	CHARMD	Source origin: Clincial isolate | Observation: Polymorphisme naturel
HCMVUL51	X17403.1	28	S	F	cidofovir	sensitive		PMID:35690130	CHARMD	Source origin: Clincial isolate | Observation: Polymorphisme naturel
HCMVUL51	X17403.1	28	S	F	cyclopropavir	sensitive		PMID:35690130	CHARMD	Source origin: Clincial isolate | Observation: Polymorphisme naturel
HCMVUL51	X17403.1	28	S	F	foscarnet	sensitive		PMID:35690130	CHARMD	Source origin: Clincial isolate | Observation: Polymorphisme naturel
HCMVUL51	X17403.1	28	S	F	ganciclovir	sensitive		PMID:35690130	CHARMD	Source origin: Clincial isolate | Observation: Polymorphisme naturel
HCMVUL51	X17403.1	28	S	F	letermovir	sensitive		PMID:35690130	CHARMD	Source origin: Clincial isolate | Observation: Polymorphisme naturel
HCMVUL51	X17403.1	28	S	F	maribavir	sensitive		PMID:35690130	CHARMD	Source origin: Clincial isolate | Observation: Polymorphisme naturel
HCMVUL51	X17403.1	39	E	D	brincidofovir	sensitive		PMID:35690130	CHARMD	Source origin: Clincial isolate | Observation: Polymorphisme naturel
HCMVUL51	X17403.1	39	E	D	cidofovir	sensitive		PMID:35690130	CHARMD	Source origin: Clincial isolate | Observation: Polymorphisme naturel
HCMVUL51	X17403.1	39	E	D	cyclopropavir	sensitive		PMID:35690130	CHARMD	Source origin: Clincial isolate | Observation: Polymorphisme naturel
HCMVUL51	X17403.1	39	E	D	foscarnet	sensitive		PMID:35690130	CHARMD	Source origin: Clincial isolate | Observation: Polymorphisme naturel
HCMVUL51	X17403.1	39	E	D	ganciclovir	sensitive		PMID:35690130	CHARMD	Source origin: Clincial isolate | Observation: Polymorphisme naturel
HCMVUL51	X17403.1	39	E	D	letermovir	sensitive		PMID:35690130	CHARMD	Source origin: Clincial isolate | Observation: Polymorphisme naturel
HCMVUL51	X17403.1	39	E	D	maribavir	sensitive		PMID:35690130	CHARMD	Source origin: Clincial isolate | Observation: Polymorphisme naturel
HCMVUL51	X17403.1	40	D	N	brincidofovir	sensitive		PMID:35690130	CHARMD	Source origin: Clincial isolate | Observation: Polymorphisme naturel
HCMVUL51	X17403.1	40	D	N	cidofovir	sensitive		PMID:35690130	CHARMD	Source origin: Clincial isolate | Observation: Polymorphisme naturel
HCMVUL51	X17403.1	40	D	N	cyclopropavir	sensitive		PMID:35690130	CHARMD	Source origin: Clincial isolate | Observation: Polymorphisme naturel
HCMVUL51	X17403.1	40	D	N	foscarnet	sensitive		PMID:35690130	CHARMD	Source origin: Clincial isolate | Observation: Polymorphisme naturel
HCMVUL51	X17403.1	40	D	N	ganciclovir	sensitive		PMID:35690130	CHARMD	Source origin: Clincial isolate | Observation: Polymorphisme naturel
HCMVUL51	X17403.1	40	D	N	letermovir	sensitive		PMID:35690130	CHARMD	Source origin: Clincial isolate | Observation: Polymorphisme naturel
HCMVUL51	X17403.1	40	D	N	maribavir	sensitive		PMID:35690130	CHARMD	Source origin: Clincial isolate | Observation: Polymorphisme naturel
HCMVUL51	X17403.1	42	E	G	brincidofovir	sensitive		PMID:35690130	CHARMD	Source origin: Clincial isolate | Observation: Polymorphisme naturel
HCMVUL51	X17403.1	42	E	G	cidofovir	sensitive		PMID:35690130	CHARMD	Source origin: Clincial isolate | Observation: Polymorphisme naturel
HCMVUL51	X17403.1	42	E	G	cyclopropavir	sensitive		PMID:35690130	CHARMD	Source origin: Clincial isolate | Observation: Polymorphisme naturel
HCMVUL51	X17403.1	42	E	G	foscarnet	sensitive		PMID:35690130	CHARMD	Source origin: Clincial isolate | Observation: Polymorphisme naturel
HCMVUL51	X17403.1	42	E	G	ganciclovir	sensitive		PMID:35690130	CHARMD	Source origin: Clincial isolate | Observation: Polymorphisme naturel
HCMVUL51	X17403.1	42	E	G	letermovir	sensitive		PMID:35690130	CHARMD	Source origin: Clincial isolate | Observation: Polymorphisme naturel
HCMVUL51	X17403.1	42	E	G	maribavir	sensitive		PMID:35690130	CHARMD	Source origin: Clincial isolate | Observation: Polymorphisme naturel
HCMVUL51	X17403.1	56	G	D	brincidofovir	sensitive		PMID:35690130	CHARMD	Source origin: Clincial isolate | Observation: Polymorphisme naturel
HCMVUL51	X17403.1	56	G	D	cidofovir	sensitive		PMID:35690130	CHARMD	Source origin: Clincial isolate | Observation: Polymorphisme naturel
HCMVUL51	X17403.1	56	G	D	cyclopropavir	sensitive		PMID:35690130	CHARMD	Source origin: Clincial isolate | Observation: Polymorphisme naturel
HCMVUL51	X17403.1	56	G	D	foscarnet	sensitive		PMID:35690130	CHARMD	Source origin: Clincial isolate | Observation: Polymorphisme naturel
HCMVUL51	X17403.1	56	G	D	ganciclovir	sensitive		PMID:35690130	CHARMD	Source origin: Clincial isolate | Observation: Polymorphisme naturel
HCMVUL51	X17403.1	56	G	D	letermovir	sensitive		PMID:35690130	CHARMD	Source origin: Clincial isolate | Observation: Polymorphisme naturel
HCMVUL51	X17403.1	56	G	D	maribavir	sensitive		PMID:35690130	CHARMD	Source origin: Clincial isolate | Observation: Polymorphisme naturel
HCMVUL51	X17403.1	61	G	D	brincidofovir	sensitive		PMID:35690130	CHARMD	Source origin: Clincial isolate | Observation: Polymorphisme naturel
HCMVUL51	X17403.1	61	G	D	cidofovir	sensitive		PMID:35690130	CHARMD	Source origin: Clincial isolate | Observation: Polymorphisme naturel
HCMVUL51	X17403.1	61	G	D	cyclopropavir	sensitive		PMID:35690130	CHARMD	Source origin: Clincial isolate | Observation: Polymorphisme naturel
HCMVUL51	X17403.1	61	G	D	foscarnet	sensitive		PMID:35690130	CHARMD	Source origin: Clincial isolate | Observation: Polymorphisme naturel
HCMVUL51	X17403.1	61	G	D	ganciclovir	sensitive		PMID:35690130	CHARMD	Source origin: Clincial isolate | Observation: Polymorphisme naturel
HCMVUL51	X17403.1	61	G	D	letermovir	sensitive		PMID:35690130	CHARMD	Source origin: Clincial isolate | Observation: Polymorphisme naturel
HCMVUL51	X17403.1	61	G	D	maribavir	sensitive		PMID:35690130	CHARMD	Source origin: Clincial isolate | Observation: Polymorphisme naturel
HCMVUL51	X17403.1	70	L	I	brincidofovir	sensitive		PMID:35690130	CHARMD	Source origin: Clincial isolate | Observation: Polymorphisme naturel
HCMVUL51	X17403.1	70	L	I	cidofovir	sensitive		PMID:35690130	CHARMD	Source origin: Clincial isolate | Observation: Polymorphisme naturel
HCMVUL51	X17403.1	70	L	I	cyclopropavir	sensitive		PMID:35690130	CHARMD	Source origin: Clincial isolate | Observation: Polymorphisme naturel
HCMVUL51	X17403.1	70	L	I	foscarnet	sensitive		PMID:35690130	CHARMD	Source origin: Clincial isolate | Observation: Polymorphisme naturel
HCMVUL51	X17403.1	70	L	I	ganciclovir	sensitive		PMID:35690130	CHARMD	Source origin: Clincial isolate | Observation: Polymorphisme naturel
HCMVUL51	X17403.1	70	L	I	letermovir	sensitive		PMID:35690130	CHARMD	Source origin: Clincial isolate | Observation: Polymorphisme naturel
HCMVUL51	X17403.1	70	L	I	maribavir	sensitive		PMID:35690130	CHARMD	Source origin: Clincial isolate | Observation: Polymorphisme naturel
HCMVUL51	X17403.1	91	P	S	letermovir	low-level resistance	2.1	PMID:29107686,PMID:31940472	CHARMD	Source origin: Laboratory strain | Marker transfer: Recombinant | Assay details: SEAP
HCMVUL51	X17403.1	95	A	V	letermovir	high-level resistance	13.8	PMID:35690130	CHARMD	Source origin: Laboratory strain | Marker transfer: Recombinant | Assay details: marker transfer
HCMVUL51	X17403.1	113	V	L	letermovir	susceptible	1.5	PMID:35690130	CHARMD	Source origin: Laboratory strain | Marker transfer: Recombinant | Observation: Polymorphisme naturel
HCMVUL51	X17403.1	153	S	P	brincidofovir	sensitive		PMID:35690130	CHARMD	Source origin: Reference strain | Observation: Polymorphisme naturel
HCMVUL51	X17403.1	153	S	P	cidofovir	sensitive		PMID:35690130	CHARMD	Source origin: Reference strain | Observation: Polymorphisme naturel
HCMVUL51	X17403.1	153	S	P	cyclopropavir	sensitive		PMID:35690130	CHARMD	Source origin: Reference strain | Observation: Polymorphisme naturel
HCMVUL51	X17403.1	153	S	P	foscarnet	sensitive		PMID:35690130	CHARMD	Source origin: Reference strain | Observation: Polymorphisme naturel
HCMVUL51	X17403.1	153	S	P	ganciclovir	sensitive		PMID:35690130	CHARMD	Source origin: Reference strain | Observation: Polymorphisme naturel
HCMVUL51	X17403.1	153	S	P	letermovir	sensitive		PMID:35690130	CHARMD	Source origin: Reference strain | Observation: Polymorphisme naturel
HCMVUL51	X17403.1	153	S	P	maribavir	sensitive		PMID:35690130	CHARMD	Source origin: Reference strain | Observation: Polymorphisme naturel
HCMVUL54	X17403.1	4	N	H	brincidofovir	sensitive			CHARMD	Observation: Polymorphisme naturel
HCMVUL54	X17403.1	4	N	H	cidofovir	sensitive			CHARMD	Observation: Polymorphisme naturel
HCMVUL54	X17403.1	4	N	H	cyclopropavir	sensitive			CHARMD	Observation: Polymorphisme naturel
HCMVUL54	X17403.1	4	N	H	foscarnet	sensitive			CHARMD	Observation: Polymorphisme naturel
HCMVUL54	X17403.1	4	N	H	ganciclovir	sensitive			CHARMD	Observation: Polymorphisme naturel
HCMVUL54	X17403.1	4	N	H	letermovir	sensitive			CHARMD	Observation: Polymorphisme naturel
HCMVUL54	X17403.1	4	N	H	maribavir	sensitive			CHARMD	Observation: Polymorphisme naturel
HCMVUL54	X17403.1	4	N	Y	brincidofovir	sensitive			CHARMD	Observation: Polymorphisme naturel
HCMVUL54	X17403.1	4	N	Y	cidofovir	sensitive			CHARMD	Observation: Polymorphisme naturel
HCMVUL54	X17403.1	4	N	Y	cyclopropavir	sensitive			CHARMD	Observation: Polymorphisme naturel
HCMVUL54	X17403.1	4	N	Y	foscarnet	sensitive			CHARMD	Observation: Polymorphisme naturel
HCMVUL54	X17403.1	4	N	Y	ganciclovir	sensitive			CHARMD	Observation: Polymorphisme naturel
HCMVUL54	X17403.1	4	N	Y	letermovir	sensitive			CHARMD	Observation: Polymorphisme naturel
HCMVUL54	X17403.1	4	N	Y	maribavir	sensitive			CHARMD	Observation: Polymorphisme naturel
HCMVUL54	X17403.1	8	S	N	brincidofovir	sensitive			CHARMD	Observation: Polymorphisme naturel
HCMVUL54	X17403.1	8	S	N	cidofovir	sensitive			CHARMD	Observation: Polymorphisme naturel
HCMVUL54	X17403.1	8	S	N	cyclopropavir	sensitive			CHARMD	Observation: Polymorphisme naturel
HCMVUL54	X17403.1	8	S	N	foscarnet	sensitive			CHARMD	Observation: Polymorphisme naturel
HCMVUL54	X17403.1	8	S	N	ganciclovir	sensitive			CHARMD	Observation: Polymorphisme naturel
HCMVUL54	X17403.1	8	S	N	letermovir	sensitive			CHARMD	Observation: Polymorphisme naturel
HCMVUL54	X17403.1	8	S	N	maribavir	sensitive			CHARMD	Observation: Polymorphisme naturel
HCMVUL54	X17403.1	8	S	T	brincidofovir	sensitive			CHARMD	Observation: Polymorphisme naturel
HCMVUL54	X17403.1	8	S	T	cidofovir	sensitive			CHARMD	Observation: Polymorphisme naturel
HCMVUL54	X17403.1	8	S	T	cyclopropavir	sensitive			CHARMD	Observation: Polymorphisme naturel
HCMVUL54	X17403.1	8	S	T	foscarnet	sensitive			CHARMD	Observation: Polymorphisme naturel
HCMVUL54	X17403.1	8	S	T	ganciclovir	sensitive			CHARMD	Observation: Polymorphisme naturel
HCMVUL54	X17403.1	8	S	T	letermovir	sensitive			CHARMD	Observation: Polymorphisme naturel
HCMVUL54	X17403.1	8	S	T	maribavir	sensitive			CHARMD	Observation: Polymorphisme naturel
HCMVUL54	X17403.1	15	A	S	brincidofovir	sensitive			CHARMD	Observation: Polymorphisme naturel
HCMVUL54	X17403.1	15	A	S	cidofovir	sensitive			CHARMD	Observation: Polymorphisme naturel
HCMVUL54	X17403.1	15	A	S	cyclopropavir	sensitive			CHARMD	Observation: Polymorphisme naturel
HCMVUL54	X17403.1	15	A	S	foscarnet	sensitive			CHARMD	Observation: Polymorphisme naturel
HCMVUL54	X17403.1	15	A	S	ganciclovir	sensitive			CHARMD	Observation: Polymorphisme naturel
HCMVUL54	X17403.1	15	A	S	letermovir	sensitive			CHARMD	Observation: Polymorphisme naturel
HCMVUL54	X17403.1	15	A	S	maribavir	sensitive			CHARMD	Observation: Polymorphisme naturel
HCMVUL54	X17403.1	17	A	P	brincidofovir	sensitive			CHARMD	Observation: Polymorphisme naturel
HCMVUL54	X17403.1	17	A	P	cidofovir	sensitive			CHARMD	Observation: Polymorphisme naturel
HCMVUL54	X17403.1	17	A	P	cyclopropavir	sensitive			CHARMD	Observation: Polymorphisme naturel
HCMVUL54	X17403.1	17	A	P	foscarnet	sensitive			CHARMD	Observation: Polymorphisme naturel
HCMVUL54	X17403.1	17	A	P	ganciclovir	sensitive			CHARMD	Observation: Polymorphisme naturel
HCMVUL54	X17403.1	17	A	P	letermovir	sensitive			CHARMD	Observation: Polymorphisme naturel
HCMVUL54	X17403.1	17	A	P	maribavir	sensitive			CHARMD	Observation: Polymorphisme naturel
HCMVUL54	X17403.1	21	R	C	brincidofovir	sensitive			CHARMD	Observation: Polymorphisme naturel
HCMVUL54	X17403.1	21	R	C	cidofovir	sensitive			CHARMD	Observation: Polymorphisme naturel
HCMVUL54	X17403.1	21	R	C	cyclopropavir	sensitive			CHARMD	Observation: Polymorphisme naturel
HCMVUL54	X17403.1	21	R	C	foscarnet	sensitive			CHARMD	Observation: Polymorphisme naturel
HCMVUL54	X17403.1	21	R	C	ganciclovir	sensitive			CHARMD	Observation: Polymorphisme naturel
HCMVUL54	X17403.1	21	R	C	letermovir	sensitive			CHARMD	Observation: Polymorphisme naturel
HCMVUL54	X17403.1	21	R	C	maribavir	sensitive			CHARMD	Observation: Polymorphisme naturel
HCMVUL54	X17403.1	24	S	L	brincidofovir	sensitive			CHARMD	Observation: Polymorphisme naturel
HCMVUL54	X17403.1	24	S	L	cidofovir	sensitive			CHARMD	Observation: Polymorphisme naturel
HCMVUL54	X17403.1	24	S	L	cyclopropavir	sensitive			CHARMD	Observation: Polymorphisme naturel
HCMVUL54	X17403.1	24	S	L	foscarnet	sensitive			CHARMD	Observation: Polymorphisme naturel
HCMVUL54	X17403.1	24	S	L	ganciclovir	sensitive			CHARMD	Observation: Polymorphisme naturel
HCMVUL54	X17403.1	24	S	L	letermovir	sensitive			CHARMD	Observation: Polymorphisme naturel
HCMVUL54	X17403.1	24	S	L	maribavir	sensitive			CHARMD	Observation: Polymorphisme naturel
HCMVUL54	X17403.1	32	S	P	brincidofovir	sensitive			CHARMD	Observation: Polymorphisme naturel
HCMVUL54	X17403.1	32	S	P	cidofovir	sensitive			CHARMD	Observation: Polymorphisme naturel
HCMVUL54	X17403.1	32	S	P	cyclopropavir	sensitive			CHARMD	Observation: Polymorphisme naturel
HCMVUL54	X17403.1	32	S	P	foscarnet	sensitive			CHARMD	Observation: Polymorphisme naturel
HCMVUL54	X17403.1	32	S	P	ganciclovir	sensitive			CHARMD	Observation: Polymorphisme naturel
HCMVUL54	X17403.1	32	S	P	letermovir	sensitive			CHARMD	Observation: Polymorphisme naturel
HCMVUL54	X17403.1	32	S	P	maribavir	sensitive			CHARMD	Observation: Polymorphisme naturel
HCMVUL54	X17403.1	95	V	E	brincidofovir	sensitive			CHARMD	Observation: Polymorphisme naturel
HCMVUL54	X17403.1	95	V	E	cidofovir	sensitive			CHARMD	Observation: Polymorphisme naturel
HCMVUL54	X17403.1	95	V	E	cyclopropavir	sensitive			CHARMD	Observation: Polymorphisme naturel
HCMVUL54	X17403.1	95	V	E	foscarnet	sensitive			CHARMD	Observation: Polymorphisme naturel
HCMVUL54	X17403.1	95	V	E	ganciclovir	sensitive			CHARMD	Observation: Polymorphisme naturel
HCMVUL54	X17403.1	95	V	E	letermovir	sensitive			CHARMD	Observation: Polymorphisme naturel
HCMVUL54	X17403.1	95	V	E	maribavir	sensitive			CHARMD	Observation: Polymorphisme naturel
HCMVUL54	X17403.1	142	H	Y	brincidofovir	sensitive		PMID:10348781	CHARMD	Observation: Polymorphisme naturel
HCMVUL54	X17403.1	142	H	Y	cidofovir	sensitive		PMID:10348781	CHARMD	Observation: Polymorphisme naturel
HCMVUL54	X17403.1	142	H	Y	cyclopropavir	sensitive		PMID:10348781	CHARMD	Observation: Polymorphisme naturel
HCMVUL54	X17403.1	142	H	Y	foscarnet	sensitive		PMID:10348781	CHARMD	Observation: Polymorphisme naturel
HCMVUL54	X17403.1	142	H	Y	ganciclovir	sensitive		PMID:10348781	CHARMD	Observation: Polymorphisme naturel
HCMVUL54	X17403.1	142	H	Y	letermovir	sensitive		PMID:10348781	CHARMD	Observation: Polymorphisme naturel
HCMVUL54	X17403.1	142	H	Y	maribavir	sensitive		PMID:10348781	CHARMD	Observation: Polymorphisme naturel
HCMVUL54	X17403.1	143	G	S	brincidofovir	sensitive		PMID:10348781	CHARMD	Observation: Polymorphisme naturel
HCMVUL54	X17403.1	143	G	S	cidofovir	sensitive		PMID:10348781	CHARMD	Observation: Polymorphisme naturel
HCMVUL54	X17403.1	143	G	S	cyclopropavir	sensitive		PMID:10348781	CHARMD	Observation: Polymorphisme naturel
HCMVUL54	X17403.1	143	G	S	foscarnet	sensitive		PMID:10348781	CHARMD	Observation: Polymorphisme naturel
HCMVUL54	X17403.1	143	G	S	ganciclovir	sensitive		PMID:10348781	CHARMD	Observation: Polymorphisme naturel
HCMVUL54	X17403.1	143	G	S	letermovir	sensitive		PMID:10348781	CHARMD	Observation: Polymorphisme naturel
HCMVUL54	X17403.1	143	G	S	maribavir	sensitive		PMID:10348781	CHARMD	Observation: Polymorphisme naturel
HCMVUL54	X17403.1	163	D	H	brincidofovir	sensitive			CHARMD	Observation: Polymorphisme naturel
HCMVUL54	X17403.1	163	D	H	cidofovir	sensitive			CHARMD	Observation: Polymorphisme naturel
HCMVUL54	X17403.1	163	D	H	cyclopropavir	sensitive			CHARMD	Observation: Polymorphisme naturel
HCMVUL54	X17403.1	163	D	H	foscarnet	sensitive			CHARMD	Observation: Polymorphisme naturel
HCMVUL54	X17403.1	163	D	H	ganciclovir	sensitive			CHARMD	Observation: Polymorphisme naturel
HCMVUL54	X17403.1	163	D	H	letermovir	sensitive			CHARMD	Observation: Polymorphisme naturel
HCMVUL54	X17403.1	163	D	H	maribavir	sensitive			CHARMD	Observation: Polymorphisme naturel
HCMVUL54	X17403.1	229	Q	K	cidofovir	susceptible	1	PMID:24273181	CHARMD	Marker transfer: Recombinant
HCMVUL54	X17403.1	229	Q	K	foscarnet	susceptible	1.2	PMID:24273181	CHARMD	Marker transfer: Recombinant
HCMVUL54	X17403.1	229	Q	K	ganciclovir	susceptible	1.2	PMID:24273181	CHARMD	Marker transfer: Recombinant
HCMVUL54	X17403.1	242	T	K	brincidofovir	sensitive			CHARMD	Observation: Polymorphisme naturel
HCMVUL54	X17403.1	242	T	K	cidofovir	sensitive			CHARMD	Observation: Polymorphisme naturel
HCMVUL54	X17403.1	242	T	K	cyclopropavir	sensitive			CHARMD	Observation: Polymorphisme naturel
HCMVUL54	X17403.1	242	T	K	foscarnet	sensitive			CHARMD	Observation: Polymorphisme naturel
HCMVUL54	X17403.1	242	T	K	ganciclovir	sensitive			CHARMD	Observation: Polymorphisme naturel
HCMVUL54	X17403.1	242	T	K	letermovir	sensitive			CHARMD	Observation: Polymorphisme naturel
HCMVUL54	X17403.1	242	T	K	maribavir	sensitive			CHARMD	Observation: Polymorphisme naturel
HCMVUL54	X17403.1	247	D	N	cidofovir	susceptible	0.9	PMID:24273181	CHARMD	Marker transfer: Recombinant
HCMVUL54	X17403.1	247	D	N	foscarnet	susceptible	1.3	PMID:24273181	CHARMD	Marker transfer: Recombinant
HCMVUL54	X17403.1	247	D	N	ganciclovir	susceptible	0.9	PMID:24273181	CHARMD	Marker transfer: Recombinant
HCMVUL54	X17403.1	256	C	L	brincidofovir	sensitive			CHARMD	Observation: Polymorphisme naturel
HCMVUL54	X17403.1	256	C	L	cidofovir	sensitive			CHARMD	Observation: Polymorphisme naturel
HCMVUL54	X17403.1	256	C	L	cyclopropavir	sensitive			CHARMD	Observation: Polymorphisme naturel
HCMVUL54	X17403.1	256	C	L	foscarnet	sensitive			CHARMD	Observation: Polymorphisme naturel
HCMVUL54	X17403.1	256	C	L	ganciclovir	sensitive			CHARMD	Observation: Polymorphisme naturel
HCMVUL54	X17403.1	256	C	L	letermovir	sensitive			CHARMD	Observation: Polymorphisme naturel
HCMVUL54	X17403.1	256	C	L	maribavir	sensitive			CHARMD	Observation: Polymorphisme naturel
HCMVUL54	X17403.1	256	C	S	brincidofovir	sensitive			CHARMD	Observation: Polymorphisme naturel
HCMVUL54	X17403.1	256	C	S	cidofovir	sensitive			CHARMD	Observation: Polymorphisme naturel
HCMVUL54	X17403.1	256	C	S	cyclopropavir	sensitive			CHARMD	Observation: Polymorphisme naturel
HCMVUL54	X17403.1	256	C	S	foscarnet	sensitive			CHARMD	Observation: Polymorphisme naturel
HCMVUL54	X17403.1	256	C	S	ganciclovir	sensitive			CHARMD	Observation: Polymorphisme naturel
HCMVUL54	X17403.1	256	C	S	letermovir	sensitive			CHARMD	Observation: Polymorphisme naturel
HCMVUL54	X17403.1	256	C	S	maribavir	sensitive			CHARMD	Observation: Polymorphisme naturel
HCMVUL54	X17403.1	262	D	N	cidofovir	susceptible	1	PMID:24273181	CHARMD	Marker transfer: Recombinant
HCMVUL54	X17403.1	262	D	N	foscarnet	susceptible	1.2	PMID:24273181	CHARMD	Marker transfer: Recombinant
HCMVUL54	X17403.1	262	D	N	ganciclovir	susceptible	1.1	PMID:24273181	CHARMD	Marker transfer: Recombinant
HCMVUL54	X17403.1	267	N	Y	brincidofovir	sensitive			CHARMD	Observation: Polymorphisme naturel
HCMVUL54	X17403.1	267	N	Y	cidofovir	sensitive			CHARMD	Observation: Polymorphisme naturel
HCMVUL54	X17403.1	267	N	Y	cyclopropavir	sensitive			CHARMD	Observation: Polymorphisme naturel
HCMVUL54	X17403.1	267	N	Y	foscarnet	sensitive			CHARMD	Observation: Polymorphisme naturel
HCMVUL54	X17403.1	267	N	Y	ganciclovir	sensitive			CHARMD	Observation: Polymorphisme naturel
HCMVUL54	X17403.1	267	N	Y	letermovir	sensitive			CHARMD	Observation: Polymorphisme naturel
HCMVUL54	X17403.1	267	N	Y	maribavir	sensitive			CHARMD	Observation: Polymorphisme naturel
HCMVUL54	X17403.1	269	A	V	brincidofovir	sensitive		PMID:24273181	CHARMD	Observation: Victor trial , before any exposure
HCMVUL54	X17403.1	269	A	V	cidofovir	sensitive		PMID:24273181	CHARMD	Observation: Victor trial , before any exposure
HCMVUL54	X17403.1	269	A	V	cyclopropavir	sensitive		PMID:24273181	CHARMD	Observation: Victor trial , before any exposure
HCMVUL54	X17403.1	269	A	V	foscarnet	sensitive		PMID:24273181	CHARMD	Observation: Victor trial , before any exposure
HCMVUL54	X17403.1	269	A	V	ganciclovir	sensitive		PMID:24273181	CHARMD	Observation: Victor trial , before any exposure
HCMVUL54	X17403.1	269	A	V	letermovir	sensitive		PMID:24273181	CHARMD	Observation: Victor trial , before any exposure
HCMVUL54	X17403.1	269	A	V	maribavir	sensitive		PMID:24273181	CHARMD	Observation: Victor trial , before any exposure
HCMVUL54	X17403.1	271	D	A	cidofovir	susceptible	1.1	PMID:24273181	CHARMD	Marker transfer: Recombinant
HCMVUL54	X17403.1	271	D	A	foscarnet	susceptible	1.2	PMID:24273181	CHARMD	Marker transfer: Recombinant
HCMVUL54	X17403.1	271	D	A	ganciclovir	susceptible	1.2	PMID:24273181	CHARMD	Marker transfer: Recombinant
HCMVUL54	X17403.1	284	D	E	foscarnet	susceptible	1.2	PMID:24273181	CHARMD	Marker transfer: Recombinant
HCMVUL54	X17403.1	288	D	N	cidofovir	susceptible	1.2	PMID:24273181	CHARMD	Marker transfer: Recombinant
HCMVUL54	X17403.1	288	D	N	foscarnet	susceptible	1.2	PMID:24273181	CHARMD	Marker transfer: Recombinant
HCMVUL54	X17403.1	288	D	N	ganciclovir	susceptible	1.2	PMID:24273181	CHARMD	Marker transfer: Recombinant
HCMVUL54	X17403.1	290	S	R	cidofovir	susceptible	1.35	PMID:27940027	CHARMD	Fold IC50 values: 1.3, 1.4; mean displayed | Source origin: Laboratory strain, Clinical Isolate
HCMVUL54	X17403.1	290	S	R	foscarnet	low-level resistance	2.25	PMID:27940027	CHARMD	Fold IC50 values: 2.2, 2.3; mean displayed | Source origin: Laboratory strain, Clinical Isolate
HCMVUL54	X17403.1	290	S	R	ganciclovir	susceptible	1.6	PMID:27940027	CHARMD	Fold IC50 values: 1.5, 1.7; mean displayed | Source origin: Laboratory strain, Clinical Isolate
HCMVUL54	X17403.1	301	D	N	cidofovir	intermediate	3	PMID:12825168,PMID:24903568	CHARMD	Source origin: Clincial isolate | Marker transfer: Recombinant | Assay details: PRA, ELISA tests, flow cytometry and DNA-DNA hybridization assays, quantitative real-time PCR, reporter cell lines, polymerase biochemical assays, marker transfer
HCMVUL54	X17403.1	301	D	N	foscarnet	susceptible	0.5	PMID:12825168,PMID:24903568	CHARMD	Source origin: Clincial isolate | Marker transfer: Recombinant | Assay details: PRA, ELISA tests, flow cytometry and DNA-DNA hybridization assays, quantitative real-time PCR, reporter cell lines, polymerase biochemical assays, marker transfer
HCMVUL54	X17403.1	301	D	N	ganciclovir	low-level resistance	2.6	PMID:12825168,PMID:24903568	CHARMD	Source origin: Clincial isolate | Marker transfer: Recombinant | Assay details: PRA, ELISA tests, flow cytometry and DNA-DNA hybridization assays, quantitative real-time PCR, reporter cell lines, polymerase biochemical assays, marker transfer
HCMVUL54	X17403.1	303	E	D	brincidofovir	high-level resistance	9.7	PMID:27044553	CHARMD	Source origin: Laboratory strain | Marker transfer: Recombinant
HCMVUL54	X17403.1	303	E	D	cidofovir	high-level resistance	16	PMID:27044553	CHARMD	Source origin: Laboratory strain | Marker transfer: Recombinant
HCMVUL54	X17403.1	303	E	D	foscarnet	susceptible	0.8	PMID:27044553	CHARMD	Source origin: Laboratory strain | Marker transfer: Recombinant
HCMVUL54	X17403.1	303	E	D	ganciclovir	high-level resistance	6.3	PMID:27044553	CHARMD	Source origin: Laboratory strain | Marker transfer: Recombinant
HCMVUL54	X17403.1	303	E	G	brincidofovir	high-level resistance	11	PMID:27044553	CHARMD	Source origin: Laboratory strain | Marker transfer: Recombinant
HCMVUL54	X17403.1	303	E	G	cidofovir	high-level resistance	20	PMID:27044553	CHARMD	Source origin: Laboratory strain | Marker transfer: Recombinant
HCMVUL54	X17403.1	303	E	G	foscarnet	susceptible	0.8	PMID:27044553	CHARMD	Source origin: Laboratory strain | Marker transfer: Recombinant
HCMVUL54	X17403.1	303	E	G	ganciclovir	high-level resistance	7.3	PMID:27044553	CHARMD	Source origin: Laboratory strain | Marker transfer: Recombinant
HCMVUL54	X17403.1	336	A	T	brincidofovir	sensitive		PMID:24273181	CHARMD	Observation: Victor trial , before any exposure
HCMVUL54	X17403.1	336	A	T	cidofovir	sensitive		PMID:24273181	CHARMD	Observation: Victor trial , before any exposure
HCMVUL54	X17403.1	336	A	T	cyclopropavir	sensitive		PMID:24273181	CHARMD	Observation: Victor trial , before any exposure
HCMVUL54	X17403.1	336	A	T	foscarnet	sensitive		PMID:24273181	CHARMD	Observation: Victor trial , before any exposure
HCMVUL54	X17403.1	336	A	T	ganciclovir	sensitive		PMID:24273181	CHARMD	Observation: Victor trial , before any exposure
HCMVUL54	X17403.1	336	A	T	letermovir	sensitive		PMID:24273181	CHARMD	Observation: Victor trial , before any exposure
HCMVUL54	X17403.1	336	A	T	maribavir	sensitive		PMID:24273181	CHARMD	Observation: Victor trial , before any exposure
HCMVUL54	X17403.1	341	I	T	brincidofovir	sensitive		PMID:24273181	CHARMD	Observation: Victor trial , before any exposure
HCMVUL54	X17403.1	341	I	T	cidofovir	sensitive		PMID:24273181	CHARMD	Observation: Victor trial , before any exposure
HCMVUL54	X17403.1	341	I	T	cyclopropavir	sensitive		PMID:24273181	CHARMD	Observation: Victor trial , before any exposure
HCMVUL54	X17403.1	341	I	T	foscarnet	sensitive		PMID:24273181	CHARMD	Observation: Victor trial , before any exposure
HCMVUL54	X17403.1	341	I	T	ganciclovir	sensitive		PMID:24273181	CHARMD	Observation: Victor trial , before any exposure
HCMVUL54	X17403.1	341	I	T	letermovir	sensitive		PMID:24273181	CHARMD	Observation: Victor trial , before any exposure
HCMVUL54	X17403.1	341	I	T	maribavir	sensitive		PMID:24273181	CHARMD	Observation: Victor trial , before any exposure
HCMVUL54	X17403.1	347	G	D	brincidofovir	sensitive		PMID:10348781	CHARMD	Observation: Polymorphisme naturel
HCMVUL54	X17403.1	347	G	D	cidofovir	sensitive		PMID:10348781	CHARMD	Observation: Polymorphisme naturel
HCMVUL54	X17403.1	347	G	D	cyclopropavir	sensitive		PMID:10348781	CHARMD	Observation: Polymorphisme naturel
HCMVUL54	X17403.1	347	G	D	foscarnet	sensitive		PMID:10348781	CHARMD	Observation: Polymorphisme naturel
HCMVUL54	X17403.1	347	G	D	ganciclovir	sensitive		PMID:10348781	CHARMD	Observation: Polymorphisme naturel
HCMVUL54	X17403.1	347	G	D	letermovir	sensitive		PMID:10348781	CHARMD	Observation: Polymorphisme naturel
HCMVUL54	X17403.1	347	G	D	maribavir	sensitive		PMID:10348781	CHARMD	Observation: Polymorphisme naturel
HCMVUL54	X17403.1	351	T	A	brincidofovir	sensitive			CHARMD	Observation: Polymorphisme naturel
HCMVUL54	X17403.1	351	T	A	cidofovir	sensitive			CHARMD	Observation: Polymorphisme naturel
HCMVUL54	X17403.1	351	T	A	cyclopropavir	sensitive			CHARMD	Observation: Polymorphisme naturel
HCMVUL54	X17403.1	351	T	A	foscarnet	sensitive			CHARMD	Observation: Polymorphisme naturel
HCMVUL54	X17403.1	351	T	A	ganciclovir	sensitive			CHARMD	Observation: Polymorphisme naturel
HCMVUL54	X17403.1	351	T	A	letermovir	sensitive			CHARMD	Observation: Polymorphisme naturel
HCMVUL54	X17403.1	351	T	A	maribavir	sensitive			CHARMD	Observation: Polymorphisme naturel
HCMVUL54	X17403.1	355	V	A	brincidofovir	sensitive		PMID:10348781	CHARMD	Observation: Polymorphisme naturel
HCMVUL54	X17403.1	355	V	A	cidofovir	sensitive		PMID:10348781	CHARMD	Observation: Polymorphisme naturel
HCMVUL54	X17403.1	355	V	A	cyclopropavir	sensitive		PMID:10348781	CHARMD	Observation: Polymorphisme naturel
HCMVUL54	X17403.1	355	V	A	foscarnet	sensitive		PMID:10348781	CHARMD	Observation: Polymorphisme naturel
HCMVUL54	X17403.1	355	V	A	ganciclovir	sensitive		PMID:10348781	CHARMD	Observation: Polymorphisme naturel
HCMVUL54	X17403.1	355	V	A	letermovir	sensitive		PMID:10348781	CHARMD	Observation: Polymorphisme naturel
HCMVUL54	X17403.1	355	V	A	maribavir	sensitive		PMID:10348781	CHARMD	Observation: Polymorphisme naturel
HCMVUL54	X17403.1	357	F	I	brincidofovir	sensitive			CHARMD	Observation: Polymorphisme naturel
HCMVUL54	X17403.1	357	F	I	cidofovir	sensitive			CHARMD	Observation: Polymorphisme naturel
HCMVUL54	X17403.1	357	F	I	cyclopropavir	sensitive			CHARMD	Observation: Polymorphisme naturel
HCMVUL54	X17403.1	357	F	I	foscarnet	sensitive			CHARMD	Observation: Polymorphisme naturel
HCMVUL54	X17403.1	357	F	I	ganciclovir	sensitive			CHARMD	Observation: Polymorphisme naturel
HCMVUL54	X17403.1	357	F	I	letermovir	sensitive			CHARMD	Observation: Polymorphisme naturel
HCMVUL54	X17403.1	357	F	I	maribavir	sensitive			CHARMD	Observation: Polymorphisme naturel
HCMVUL54	X17403.1	375	P	L	brincidofovir	sensitive		PMID:24273181	CHARMD	Observation: Victor trial , before any exposure
HCMVUL54	X17403.1	375	P	L	cidofovir	sensitive		PMID:24273181	CHARMD	Observation: Victor trial , before any exposure
HCMVUL54	X17403.1	375	P	L	cyclopropavir	sensitive		PMID:24273181	CHARMD	Observation: Victor trial , before any exposure
HCMVUL54	X17403.1	375	P	L	foscarnet	sensitive		PMID:24273181	CHARMD	Observation: Victor trial , before any exposure
HCMVUL54	X17403.1	375	P	L	ganciclovir	sensitive		PMID:24273181	CHARMD	Observation: Victor trial , before any exposure
HCMVUL54	X17403.1	375	P	L	letermovir	sensitive		PMID:24273181	CHARMD	Observation: Victor trial , before any exposure
HCMVUL54	X17403.1	375	P	L	maribavir	sensitive		PMID:24273181	CHARMD	Observation: Victor trial , before any exposure
HCMVUL54	X17403.1	394	L	F	brincidofovir	sensitive		PMID:24273181	CHARMD	Observation: Victor trial , before any exposure
HCMVUL54	X17403.1	394	L	F	cidofovir	sensitive		PMID:24273181	CHARMD	Observation: Victor trial , before any exposure
HCMVUL54	X17403.1	394	L	F	cyclopropavir	sensitive		PMID:24273181	CHARMD	Observation: Victor trial , before any exposure
HCMVUL54	X17403.1	394	L	F	foscarnet	sensitive		PMID:24273181	CHARMD	Observation: Victor trial , before any exposure
HCMVUL54	X17403.1	394	L	F	ganciclovir	sensitive		PMID:24273181	CHARMD	Observation: Victor trial , before any exposure
HCMVUL54	X17403.1	394	L	F	letermovir	sensitive		PMID:24273181	CHARMD	Observation: Victor trial , before any exposure
HCMVUL54	X17403.1	394	L	F	maribavir	sensitive		PMID:24273181	CHARMD	Observation: Victor trial , before any exposure
HCMVUL54	X17403.1	396	F	L	cidofovir	susceptible	1.5	PMID:24273181	CHARMD	Marker transfer: Recombinant
HCMVUL54	X17403.1	396	F	L	foscarnet	susceptible	0.9	PMID:24273181	CHARMD	Marker transfer: Recombinant
HCMVUL54	X17403.1	396	F	L	ganciclovir	susceptible	1.4	PMID:24273181	CHARMD	Marker transfer: Recombinant
HCMVUL54	X17403.1	408	N	D	cidofovir	high-level resistance	5.6	PMID:9621055,PMID:24903568,PMID:9207351,PMID:15258973,PMID:20961907,PMID:26098499,PMID:17043128,PMID:9129070	CHARMD	Source origin: Clincial isolate | Marker transfer: Recombinant | Assay details: PRA, ELISA tests, flow cytometry and DNA-DNA hybridization assays, quantitative real-time PCR, reporter cell lines, polymerase biochemical assays, marker transfer | Observation: Mutation fr?quemment retrouv?e chez les patients re?evant des CS h?matopo?etiques
HCMVUL54	X17403.1	408	N	D	foscarnet	susceptible	1.3	PMID:9621055,PMID:24903568,PMID:9207351,PMID:15258973,PMID:20961907,PMID:26098499,PMID:17043128,PMID:9129070	CHARMD	Source origin: Clincial isolate | Marker transfer: Recombinant | Assay details: PRA, ELISA tests, flow cytometry and DNA-DNA hybridization assays, quantitative real-time PCR, reporter cell lines, polymerase biochemical assays, marker transfer | Observation: Mutation fr?quemment retrouv?e chez les patients re?evant des CS h?matopo?etiques
HCMVUL54	X17403.1	408	N	D	ganciclovir	intermediate	4.9	PMID:9621055,PMID:24903568,PMID:9207351,PMID:15258973,PMID:20961907,PMID:26098499,PMID:17043128,PMID:9129070	CHARMD	Source origin: Clincial isolate | Marker transfer: Recombinant | Assay details: PRA, ELISA tests, flow cytometry and DNA-DNA hybridization assays, quantitative real-time PCR, reporter cell lines, polymerase biochemical assays, marker transfer | Observation: Mutation fr?quemment retrouv?e chez les patients re?evant des CS h?matopo?etiques
HCMVUL54	X17403.1	408	N	H	cidofovir	intermediate	3.3	PMID:37506264	CHARMD	Source origin: Clincial isolate | Marker transfer: Recombinant | Assay details: PRA, ELISA tests, flow cytometry and DNA-DNA hybridization assays, quantitative real-time PCR, reporter cell lines, polymerase biochemical assays, marker transfer
HCMVUL54	X17403.1	408	N	H	foscarnet	intermediate	3	PMID:37506264	CHARMD	Source origin: Clincial isolate | Marker transfer: Recombinant | Assay details: PRA, ELISA tests, flow cytometry and DNA-DNA hybridization assays, quantitative real-time PCR, reporter cell lines, polymerase biochemical assays, marker transfer
HCMVUL54	X17403.1	408	N	H	ganciclovir	low-level resistance	2	PMID:37506264	CHARMD	Source origin: Clincial isolate | Marker transfer: Recombinant | Assay details: PRA, ELISA tests, flow cytometry and DNA-DNA hybridization assays, quantitative real-time PCR, reporter cell lines, polymerase biochemical assays, marker transfer
HCMVUL54	X17403.1	408	N	K	brincidofovir	high-level resistance	11	PMID:27044553	CHARMD	Source origin: Laboratory strain | Marker transfer: Recombinant
HCMVUL54	X17403.1	408	N	K	cidofovir	high-level resistance	21	PMID:17043128,PMID:24903568,PMID:20961907,PMID:15258974	CHARMD	Source origin: Clincial isolate | Marker transfer: Recombinant | Assay details: PRA, ELISA tests, flow cytometry and DNA-DNA hybridization assays, quantitative real-time PCR, reporter cell lines, polymerase biochemical assays, marker transfer
HCMVUL54	X17403.1	408	N	K	foscarnet	susceptible	0.7	PMID:17043128,PMID:24903568,PMID:20961907,PMID:15258975	CHARMD	Source origin: Clincial isolate | Marker transfer: Recombinant | Assay details: PRA, ELISA tests, flow cytometry and DNA-DNA hybridization assays, quantitative real-time PCR, reporter cell lines, polymerase biochemical assays, marker transfer
HCMVUL54	X17403.1	408	N	K	ganciclovir	intermediate	4.2	PMID:17043128,PMID:24903568,PMID:20961907,PMID:15258973	CHARMD	Source origin: Clincial isolate | Marker transfer: Recombinant | Assay details: PRA, ELISA tests, flow cytometry and DNA-DNA hybridization assays, quantitative real-time PCR, reporter cell lines, polymerase biochemical assays, marker transfer
HCMVUL54	X17403.1	408	N	S	cidofovir	high-level resistance	7.5	PMID:23415883	CHARMD	Source origin: Clincial isolate | Marker transfer: Recombinant | Assay details: PRA, ELISA tests, flow cytometry and DNA-DNA hybridization assays, quantitative real-time PCR, reporter cell lines, polymerase biochemical assays, marker transfer | Observation: Mutation fr?quemment retrouv?e chez les patients re?evant des CS h?matopo?etiques
HCMVUL54	X17403.1	408	N	S	foscarnet	susceptible	1	PMID:23415883	CHARMD	Source origin: Clincial isolate | Marker transfer: Recombinant | Assay details: PRA, ELISA tests, flow cytometry and DNA-DNA hybridization assays, quantitative real-time PCR, reporter cell lines, polymerase biochemical assays, marker transfer | Observation: Mutation fr?quemment retrouv?e chez les patients re?evant des CS h?matopo?etiques
HCMVUL54	X17403.1	408	N	S	ganciclovir	intermediate	3.1	PMID:23415883	CHARMD	Source origin: Clincial isolate | Marker transfer: Recombinant | Assay details: PRA, ELISA tests, flow cytometry and DNA-DNA hybridization assays, quantitative real-time PCR, reporter cell lines, polymerase biochemical assays, marker transfer | Observation: Mutation fr?quemment retrouv?e chez les patients re?evant des CS h?matopo?etiques
HCMVUL54	X17403.1	410	N	K	cidofovir	intermediate	3	PMID:12825168,PMID:24903568	CHARMD	Source origin: Clincial isolate | Marker transfer: Recombinant | Assay details: PRA, ELISA tests, flow cytometry and DNA-DNA hybridization assays, quantitative real-time PCR, reporter cell lines, polymerase biochemical assays, marker transfer
HCMVUL54	X17403.1	410	N	K	foscarnet	susceptible	0.8	PMID:12825168,PMID:24903568	CHARMD	Source origin: Clincial isolate | Marker transfer: Recombinant | Assay details: PRA, ELISA tests, flow cytometry and DNA-DNA hybridization assays, quantitative real-time PCR, reporter cell lines, polymerase biochemical assays, marker transfer
HCMVUL54	X17403.1	410	N	K	ganciclovir	low-level resistance	2.9	PMID:12825168,PMID:24903568	CHARMD	Source origin: Clincial isolate | Marker transfer: Recombinant | Assay details: PRA, ELISA tests, flow cytometry and DNA-DNA hybridization assays, quantitative real-time PCR, reporter cell lines, polymerase biochemical assays, marker transfer
HCMVUL54	X17403.1	412	F	C	cidofovir	high-level resistance	18	PMID:9291334,PMID:11595579,PMID:24903568,PMID:9207351,PMID:23985917	CHARMD	Source origin: Clincial isolate | Marker transfer: Recombinant | Assay details: PRA, ELISA tests, flow cytometry and DNA-DNA hybridization assays, quantitative real-time PCR, reporter cell lines, polymerase biochemical assays, marker transfer
HCMVUL54	X17403.1	412	F	C	foscarnet	susceptible	1.2	PMID:9291334,PMID:11595579,PMID:24903568,PMID:9207351,PMID:23985918	CHARMD	Source origin: Clincial isolate | Marker transfer: Recombinant | Assay details: PRA, ELISA tests, flow cytometry and DNA-DNA hybridization assays, quantitative real-time PCR, reporter cell lines, polymerase biochemical assays, marker transfer
HCMVUL54	X17403.1	412	F	C	ganciclovir	intermediate	4.2	PMID:9291334,PMID:11595579,PMID:24903568,PMID:9207351,PMID:23985916	CHARMD	Source origin: Clincial isolate | Marker transfer: Recombinant | Assay details: PRA, ELISA tests, flow cytometry and DNA-DNA hybridization assays, quantitative real-time PCR, reporter cell lines, polymerase biochemical assays, marker transfer
HCMVUL54	X17403.1	412	F	L	cidofovir	high-level resistance	9.4	PMID:21295516,PMID:22001948,PMID:24903568	CHARMD	Source origin: Clincial isolate | Marker transfer: Recombinant | Assay details: PRA, ELISA tests, flow cytometry and DNA-DNA hybridization assays, quantitative real-time PCR, reporter cell lines, polymerase biochemical assays, marker transfer
HCMVUL54	X17403.1	412	F	L	foscarnet	susceptible	1.1	PMID:21295516,PMID:22001948,PMID:24903568	CHARMD	Source origin: Clincial isolate | Marker transfer: Recombinant | Assay details: PRA, ELISA tests, flow cytometry and DNA-DNA hybridization assays, quantitative real-time PCR, reporter cell lines, polymerase biochemical assays, marker transfer
HCMVUL54	X17403.1	412	F	L	ganciclovir	intermediate	4.6	PMID:21295516,PMID:22001948,PMID:24903568	CHARMD	Source origin: Clincial isolate | Marker transfer: Recombinant | Assay details: PRA, ELISA tests, flow cytometry and DNA-DNA hybridization assays, quantitative real-time PCR, reporter cell lines, polymerase biochemical assays, marker transfer
HCMVUL54	X17403.1	412	F	S	cidofovir	high-level resistance	13	PMID:21295516,PMID:22001948,PMID:24903568,PMID:12198610	CHARMD	Source origin: Clincial isolate | Marker transfer: Recombinant | Assay details: PRA, ELISA tests, flow cytometry and DNA-DNA hybridization assays, quantitative real-time PCR, reporter cell lines, polymerase biochemical assays, marker transfer
HCMVUL54	X17403.1	412	F	S	foscarnet	susceptible	0.8	PMID:21295516,PMID:22001948,PMID:24903568,PMID:12198611	CHARMD	Source origin: Clincial isolate | Marker transfer: Recombinant | Assay details: PRA, ELISA tests, flow cytometry and DNA-DNA hybridization assays, quantitative real-time PCR, reporter cell lines, polymerase biochemical assays, marker transfer
HCMVUL54	X17403.1	412	F	S	ganciclovir	high-level resistance	5.3	PMID:21295516,PMID:22001948,PMID:24903568,PMID:12198609	CHARMD	Source origin: Clincial isolate | Marker transfer: Recombinant | Assay details: PRA, ELISA tests, flow cytometry and DNA-DNA hybridization assays, quantitative real-time PCR, reporter cell lines, polymerase biochemical assays, marker transfer
HCMVUL54	X17403.1	412	F	V	cidofovir	high-level resistance	15.5	PMID:9621055,PMID:24903568	CHARMD	Source origin: Clincial isolate | Marker transfer: Recombinant | Assay details: PRA, ELISA tests, flow cytometry and DNA-DNA hybridization assays, quantitative real-time PCR, reporter cell lines, polymerase biochemical assays, marker transfer
HCMVUL54	X17403.1	412	F	V	foscarnet	susceptible	1.1	PMID:9621055,PMID:24903568	CHARMD	Source origin: Clincial isolate | Marker transfer: Recombinant | Assay details: PRA, ELISA tests, flow cytometry and DNA-DNA hybridization assays, quantitative real-time PCR, reporter cell lines, polymerase biochemical assays, marker transfer
HCMVUL54	X17403.1	412	F	V	ganciclovir	intermediate	4.3	PMID:9621055,PMID:24903568	CHARMD	Source origin: Clincial isolate | Marker transfer: Recombinant | Assay details: PRA, ELISA tests, flow cytometry and DNA-DNA hybridization assays, quantitative real-time PCR, reporter cell lines, polymerase biochemical assays, marker transfer
HCMVUL54	X17403.1	413	D	A	cidofovir	high-level resistance	11	PMID:17157554,PMID:24903568	CHARMD	Source origin: Clincial isolate | Marker transfer: Recombinant | Assay details: PRA, ELISA tests, flow cytometry and DNA-DNA hybridization assays, quantitative real-time PCR, reporter cell lines, polymerase biochemical assays, marker transfer | Observation: Mutation fr?quemment retrouv?e chez les patients re?evant des CS h?matopo?etiques
HCMVUL54	X17403.1	413	D	A	foscarnet	susceptible	0.8	PMID:17157554,PMID:24903568	CHARMD	Source origin: Clincial isolate | Marker transfer: Recombinant | Assay details: PRA, ELISA tests, flow cytometry and DNA-DNA hybridization assays, quantitative real-time PCR, reporter cell lines, polymerase biochemical assays, marker transfer | Observation: Mutation fr?quemment retrouv?e chez les patients re?evant des CS h?matopo?etiques
HCMVUL54	X17403.1	413	D	A	ganciclovir	high-level resistance	6.5	PMID:17157554,PMID:24903568	CHARMD	Source origin: Clincial isolate | Marker transfer: Recombinant | Assay details: PRA, ELISA tests, flow cytometry and DNA-DNA hybridization assays, quantitative real-time PCR, reporter cell lines, polymerase biochemical assays, marker transfer | Observation: Mutation fr?quemment retrouv?e chez les patients re?evant des CS h?matopo?etiques
HCMVUL54	X17403.1	413	D	D413del	brincidofovir	high-level resistance	5.2	PMID:27044553	CHARMD	Source origin: Laboratory strain | Marker transfer: Recombinant
HCMVUL54	X17403.1	413	D	D413del	cidofovir	high-level resistance	5.8	PMID:27044553	CHARMD	Source origin: Laboratory strain | Marker transfer: Recombinant
HCMVUL54	X17403.1	413	D	D413del	foscarnet	susceptible	1.3	PMID:27044553	CHARMD	Source origin: Laboratory strain | Marker transfer: Recombinant
HCMVUL54	X17403.1	413	D	D413del	ganciclovir	intermediate	3.8	PMID:27044553	CHARMD	Source origin: Laboratory strain | Marker transfer: Recombinant
HCMVUL54	X17403.1	413	D	E	cidofovir	intermediate	4.3	PMID:12825168,PMID:24903568,PMID:20961907,PMID:9129071	CHARMD	Source origin: Clincial isolate | Marker transfer: Recombinant | Assay details: PRA, ELISA tests, flow cytometry and DNA-DNA hybridization assays, quantitative real-time PCR, reporter cell lines, polymerase biochemical assays, marker transfer
HCMVUL54	X17403.1	413	D	E	foscarnet	susceptible	0.8	PMID:12825168,PMID:24903568,PMID:20961907,PMID:9129072	CHARMD	Source origin: Clincial isolate | Marker transfer: Recombinant | Assay details: PRA, ELISA tests, flow cytometry and DNA-DNA hybridization assays, quantitative real-time PCR, reporter cell lines, polymerase biochemical assays, marker transfer
HCMVUL54	X17403.1	413	D	E	ganciclovir	intermediate	4.8	PMID:12825168,PMID:24903568,PMID:20961907,PMID:9129070	CHARMD	Source origin: Clincial isolate | Marker transfer: Recombinant | Assay details: PRA, ELISA tests, flow cytometry and DNA-DNA hybridization assays, quantitative real-time PCR, reporter cell lines, polymerase biochemical assays, marker transfer
HCMVUL54	X17403.1	413	D	N	cidofovir	high-level resistance	10	PMID:24890586	CHARMD	Source origin: Clincial isolate | Marker transfer: Recombinant | Assay details: PRA, ELISA tests, flow cytometry and DNA-DNA hybridization assays, quantitative real-time PCR, reporter cell lines, polymerase biochemical assays, marker transfer | Observation: Mutation fr?quemment retrouv?e chez les patients re?evant des CS h?matopo?etiques
HCMVUL54	X17403.1	413	D	N	foscarnet	susceptible	1	PMID:24890586	CHARMD	Source origin: Clincial isolate | Marker transfer: Recombinant | Assay details: PRA, ELISA tests, flow cytometry and DNA-DNA hybridization assays, quantitative real-time PCR, reporter cell lines, polymerase biochemical assays, marker transfer | Observation: Mutation fr?quemment retrouv?e chez les patients re?evant des CS h?matopo?etiques
HCMVUL54	X17403.1	413	D	N	ganciclovir	intermediate	3.8	PMID:24890586	CHARMD	Source origin: Clincial isolate | Marker transfer: Recombinant | Assay details: PRA, ELISA tests, flow cytometry and DNA-DNA hybridization assays, quantitative real-time PCR, reporter cell lines, polymerase biochemical assays, marker transfer | Observation: Mutation fr?quemment retrouv?e chez les patients re?evant des CS h?matopo?etiques
HCMVUL54	X17403.1	413	D	Y	brincidofovir	high-level resistance	6	PMID:27044553	CHARMD	Source origin: Laboratory strain, Clinical Isolate | Marker transfer: Recombinant
HCMVUL54	X17403.1	413	D	Y	cidofovir	high-level resistance	9.3	PMID:27044553	CHARMD	Source origin: Laboratory strain, Clinical Isolate | Marker transfer: Recombinant
HCMVUL54	X17403.1	413	D	Y	foscarnet	susceptible	1	PMID:27044553	CHARMD	Source origin: Laboratory strain, Clinical Isolate | Marker transfer: Recombinant
HCMVUL54	X17403.1	413	D	Y	ganciclovir	intermediate	4.4	PMID:27044553	CHARMD	Source origin: Laboratory strain, Clinical Isolate | Marker transfer: Recombinant
HCMVUL54	X17403.1	424	L	V	cidofovir	susceptible	1.3	PMID:24273181	CHARMD	Marker transfer: Recombinant
HCMVUL54	X17403.1	424	L	V	foscarnet	susceptible	1.2	PMID:24273181	CHARMD	Marker transfer: Recombinant
HCMVUL54	X17403.1	424	L	V	ganciclovir	susceptible	1.3	PMID:24273181	CHARMD	Marker transfer: Recombinant
HCMVUL54	X17403.1	426	K	E	cidofovir	susceptible	0.95	PMID:27940027	CHARMD	Fold IC50 values: 1, 0.9; mean displayed | Source origin: Laboratory strain
HCMVUL54	X17403.1	426	K	E	foscarnet	susceptible	1	PMID:27940027	CHARMD	Fold IC50 values: 1.1, 0.9; mean displayed | Source origin: Laboratory strain
HCMVUL54	X17403.1	426	K	E	ganciclovir	susceptible	1.05	PMID:27940027	CHARMD	Fold IC50 values: 1, 1.1; mean displayed | Source origin: Laboratory strain
HCMVUL54	X17403.1	426	K	R	brincidofovir	sensitive		PMID:24273181	CHARMD	Observation: Victor trial , before any exposure
HCMVUL54	X17403.1	426	K	R	cidofovir	sensitive		PMID:24273181	CHARMD	Observation: Victor trial , before any exposure
HCMVUL54	X17403.1	426	K	R	cyclopropavir	sensitive		PMID:24273181	CHARMD	Observation: Victor trial , before any exposure
HCMVUL54	X17403.1	426	K	R	foscarnet	sensitive		PMID:24273181	CHARMD	Observation: Victor trial , before any exposure
HCMVUL54	X17403.1	426	K	R	ganciclovir	sensitive		PMID:24273181	CHARMD	Observation: Victor trial , before any exposure
HCMVUL54	X17403.1	426	K	R	letermovir	sensitive		PMID:24273181	CHARMD	Observation: Victor trial , before any exposure
HCMVUL54	X17403.1	426	K	R	maribavir	sensitive		PMID:24273181	CHARMD	Observation: Victor trial , before any exposure
HCMVUL54	X17403.1	450	V	G	brincidofovir	sensitive		PMID:24273181	CHARMD	Observation: Victor trial , before any exposure
HCMVUL54	X17403.1	450	V	G	cidofovir	sensitive		PMID:24273181	CHARMD	Observation: Victor trial , before any exposure
HCMVUL54	X17403.1	450	V	G	cyclopropavir	sensitive		PMID:24273181	CHARMD	Observation: Victor trial , before any exposure
HCMVUL54	X17403.1	450	V	G	foscarnet	sensitive		PMID:24273181	CHARMD	Observation: Victor trial , before any exposure
HCMVUL54	X17403.1	450	V	G	ganciclovir	sensitive		PMID:24273181	CHARMD	Observation: Victor trial , before any exposure
HCMVUL54	X17403.1	450	V	G	letermovir	sensitive		PMID:24273181	CHARMD	Observation: Victor trial , before any exposure
HCMVUL54	X17403.1	450	V	G	maribavir	sensitive		PMID:24273181	CHARMD	Observation: Victor trial , before any exposure
HCMVUL54	X17403.1	460	F	L	cidofovir	susceptible	1.2	PMID:24273181	CHARMD	Marker transfer: Recombinant
HCMVUL54	X17403.1	460	F	L	foscarnet	susceptible	1.2	PMID:24273181	CHARMD	Marker transfer: Recombinant
HCMVUL54	X17403.1	460	F	L	ganciclovir	susceptible	1.2	PMID:24273181	CHARMD	Marker transfer: Recombinant
HCMVUL54	X17403.1	464	S	F	brincidofovir	sensitive		PMID:10348781	CHARMD	Observation: Polymorphisme naturel
HCMVUL54	X17403.1	464	S	F	cidofovir	sensitive		PMID:10348781	CHARMD	Observation: Polymorphisme naturel
HCMVUL54	X17403.1	464	S	F	cyclopropavir	sensitive		PMID:10348781	CHARMD	Observation: Polymorphisme naturel
HCMVUL54	X17403.1	464	S	F	foscarnet	sensitive		PMID:10348781	CHARMD	Observation: Polymorphisme naturel
HCMVUL54	X17403.1	464	S	F	ganciclovir	sensitive		PMID:10348781	CHARMD	Observation: Polymorphisme naturel
HCMVUL54	X17403.1	464	S	F	letermovir	sensitive		PMID:10348781	CHARMD	Observation: Polymorphisme naturel
HCMVUL54	X17403.1	464	S	F	maribavir	sensitive		PMID:10348781	CHARMD	Observation: Polymorphisme naturel
HCMVUL54	X17403.1	465	H	Y	brincidofovir	sensitive		PMID:24273181	CHARMD	Observation: Victor trial , before any exposure
HCMVUL54	X17403.1	465	H	Y	cidofovir	sensitive		PMID:24273181	CHARMD	Observation: Victor trial , before any exposure
HCMVUL54	X17403.1	465	H	Y	cyclopropavir	sensitive		PMID:24273181	CHARMD	Observation: Victor trial , before any exposure
HCMVUL54	X17403.1	465	H	Y	foscarnet	sensitive		PMID:24273181	CHARMD	Observation: Victor trial , before any exposure
HCMVUL54	X17403.1	465	H	Y	ganciclovir	sensitive		PMID:24273181	CHARMD	Observation: Victor trial , before any exposure
HCMVUL54	X17403.1	465	H	Y	letermovir	sensitive		PMID:24273181	CHARMD	Observation: Victor trial , before any exposure
HCMVUL54	X17403.1	465	H	Y	maribavir	sensitive		PMID:24273181	CHARMD	Observation: Victor trial , before any exposure
HCMVUL54	X17403.1	467	N	S	brincidofovir	sensitive			CHARMD	Observation: Polymorphisme naturel
HCMVUL54	X17403.1	467	N	S	cidofovir	sensitive			CHARMD	Observation: Polymorphisme naturel
HCMVUL54	X17403.1	467	N	S	cyclopropavir	sensitive			CHARMD	Observation: Polymorphisme naturel
HCMVUL54	X17403.1	467	N	S	foscarnet	sensitive			CHARMD	Observation: Polymorphisme naturel
HCMVUL54	X17403.1	467	N	S	ganciclovir	sensitive			CHARMD	Observation: Polymorphisme naturel
HCMVUL54	X17403.1	467	N	S	letermovir	sensitive			CHARMD	Observation: Polymorphisme naturel
HCMVUL54	X17403.1	467	N	S	maribavir	sensitive			CHARMD	Observation: Polymorphisme naturel
HCMVUL54	X17403.1	469	A	T	brincidofovir	sensitive			CHARMD	Observation: Polymorphisme naturel
HCMVUL54	X17403.1	469	A	T	cidofovir	sensitive			CHARMD	Observation: Polymorphisme naturel
HCMVUL54	X17403.1	469	A	T	cyclopropavir	sensitive			CHARMD	Observation: Polymorphisme naturel
HCMVUL54	X17403.1	469	A	T	foscarnet	sensitive			CHARMD	Observation: Polymorphisme naturel
HCMVUL54	X17403.1	469	A	T	ganciclovir	sensitive			CHARMD	Observation: Polymorphisme naturel
HCMVUL54	X17403.1	469	A	T	letermovir	sensitive			CHARMD	Observation: Polymorphisme naturel
HCMVUL54	X17403.1	469	A	T	maribavir	sensitive			CHARMD	Observation: Polymorphisme naturel
HCMVUL54	X17403.1	473	A	V	brincidofovir	sensitive		PMID:24273181	CHARMD	Observation: Victor trial , before any exposure
HCMVUL54	X17403.1	473	A	V	cidofovir	sensitive		PMID:24273181	CHARMD	Observation: Victor trial , before any exposure
HCMVUL54	X17403.1	473	A	V	cyclopropavir	sensitive		PMID:24273181	CHARMD	Observation: Victor trial , before any exposure
HCMVUL54	X17403.1	473	A	V	foscarnet	sensitive		PMID:24273181	CHARMD	Observation: Victor trial , before any exposure
HCMVUL54	X17403.1	473	A	V	ganciclovir	sensitive		PMID:24273181	CHARMD	Observation: Victor trial , before any exposure
HCMVUL54	X17403.1	473	A	V	letermovir	sensitive		PMID:24273181	CHARMD	Observation: Victor trial , before any exposure
HCMVUL54	X17403.1	473	A	V	maribavir	sensitive		PMID:24273181	CHARMD	Observation: Victor trial , before any exposure
HCMVUL54	X17403.1	476	V	G	cidofovir	susceptible	0.9	PMID:24273181	CHARMD	Marker transfer: Recombinant
HCMVUL54	X17403.1	476	V	G	foscarnet	susceptible	0.4	PMID:24273181	CHARMD	Marker transfer: Recombinant
HCMVUL54	X17403.1	476	V	G	ganciclovir	susceptible	0.8	PMID:24273181	CHARMD	Marker transfer: Recombinant
HCMVUL54	X17403.1	483	V	A	brincidofovir	sensitive		PMID:24273181	CHARMD	Observation: Victor trial , before any exposure
HCMVUL54	X17403.1	483	V	A	cidofovir	sensitive		PMID:24273181	CHARMD	Observation: Victor trial , before any exposure
HCMVUL54	X17403.1	483	V	A	cyclopropavir	sensitive		PMID:24273181	CHARMD	Observation: Victor trial , before any exposure
HCMVUL54	X17403.1	483	V	A	foscarnet	sensitive		PMID:24273181	CHARMD	Observation: Victor trial , before any exposure
HCMVUL54	X17403.1	483	V	A	ganciclovir	sensitive		PMID:24273181	CHARMD	Observation: Victor trial , before any exposure
HCMVUL54	X17403.1	483	V	A	letermovir	sensitive		PMID:24273181	CHARMD	Observation: Victor trial , before any exposure
HCMVUL54	X17403.1	483	V	A	maribavir	sensitive		PMID:24273181	CHARMD	Observation: Victor trial , before any exposure
HCMVUL54	X17403.1	488	P	R	cidofovir	high-level resistance	7.9	PMID:21709106,PMID:22001948	CHARMD	Source origin: Clincial isolate | Marker transfer: Recombinant | Assay details: PRA, ELISA tests, flow cytometry and DNA-DNA hybridization assays, quantitative real-time PCR, reporter cell lines, polymerase biochemical assays, marker transfer
HCMVUL54	X17403.1	488	P	R	foscarnet	susceptible	0.6	PMID:21709106,PMID:22001948	CHARMD	Source origin: Clincial isolate | Marker transfer: Recombinant | Assay details: PRA, ELISA tests, flow cytometry and DNA-DNA hybridization assays, quantitative real-time PCR, reporter cell lines, polymerase biochemical assays, marker transfer
HCMVUL54	X17403.1	488	P	R	ganciclovir	intermediate	3.5	PMID:21709106,PMID:22001948	CHARMD	Source origin: Clincial isolate | Marker transfer: Recombinant | Assay details: PRA, ELISA tests, flow cytometry and DNA-DNA hybridization assays, quantitative real-time PCR, reporter cell lines, polymerase biochemical assays, marker transfer
HCMVUL54	X17403.1	492	A	D	cidofovir	susceptible	1.36	PMID:27058773	CHARMD	Marker transfer: Recombinant | Assay details: Modified plaque reduction assay | Observation: Polymorphisme naturel
HCMVUL54	X17403.1	492	A	D	foscarnet	susceptible	1.45	PMID:27058773	CHARMD	Marker transfer: Recombinant | Assay details: Modified plaque reduction assay | Observation: Polymorphisme naturel
HCMVUL54	X17403.1	492	A	D	ganciclovir	susceptible	1.35	PMID:27058773	CHARMD	Marker transfer: Recombinant | Assay details: Modified plaque reduction assay | Observation: Polymorphisme naturel
HCMVUL54	X17403.1	493	K	N	cidofovir	low-level resistance	2	PMID:32726419	CHARMD	Source origin: Laboratory strain, Clinical Isolate
HCMVUL54	X17403.1	493	K	N	foscarnet	intermediate	3.3	PMID:32726419	CHARMD	Source origin: Laboratory strain, Clinical Isolate
HCMVUL54	X17403.1	493	K	N	ganciclovir	intermediate	4.1	PMID:32726419	CHARMD	Source origin: Laboratory strain, Clinical Isolate
HCMVUL54	X17403.1	495	N	K	cidofovir	susceptible	1.1	PMID:16856628,PMID:18992772,PMID:24903568,PMID:27940027	CHARMD	Fold IC50 values: 1.1, 1.2, 1; mean displayed | Source origin: Clincial isolate | Marker transfer: Recombinant | Assay details: PRA, ELISA tests, flow cytometry and DNA-DNA hybridization assays, quantitative real-time PCR, reporter cell lines, polymerase biochemical assays, marker transfer | Source origin: Laboratory strain, Clinical Isolate
HCMVUL54	X17403.1	495	N	K	foscarnet	low-level resistance	2.83333	PMID:16856628,PMID:18992772,PMID:24903568,PMID:27940027	CHARMD	Fold IC50 values: 3.4, 2.5, 2.6; mean displayed | Source origin: Clincial isolate | Marker transfer: Recombinant | Assay details: PRA, ELISA tests, flow cytometry and DNA-DNA hybridization assays, quantitative real-time PCR, reporter cell lines, polymerase biochemical assays, marker transfer | Source origin: Laboratory strain, Clinical Isolate
HCMVUL54	X17403.1	495	N	K	ganciclovir	susceptible	1.26667	PMID:16856628,PMID:18992772,PMID:24903568,PMID:27940027	CHARMD	Fold IC50 values: 1.1, 1.3, 1.4; mean displayed | Source origin: Clincial isolate | Marker transfer: Recombinant | Assay details: PRA, ELISA tests, flow cytometry and DNA-DNA hybridization assays, quantitative real-time PCR, reporter cell lines, polymerase biochemical assays, marker transfer | Source origin: Laboratory strain, Clinical Isolate
HCMVUL54	X17403.1	497	P	S	cidofovir	low-level resistance	2.4	PMID:32726419	CHARMD	Source origin: Clinical Isolate
HCMVUL54	X17403.1	497	P	S	foscarnet	susceptible	0.8	PMID:32726419	CHARMD	Source origin: Clinical Isolate
HCMVUL54	X17403.1	497	P	S	ganciclovir	susceptible	1.9	PMID:32726419	CHARMD	Source origin: Clinical Isolate
HCMVUL54	X17403.1	498	N	S	cidofovir	susceptible	1.8	PMID:41482062	CHARMD	Source origin: Clinical Isolate
HCMVUL54	X17403.1	498	N	S	foscarnet	susceptible	1.7	PMID:41482062	CHARMD	Source origin: Clinical Isolate
HCMVUL54	X17403.1	498	N	S	ganciclovir	susceptible	1.7	PMID:41482062	CHARMD	Source origin: Clinical Isolate
HCMVUL54	X17403.1	500	K	N	cidofovir	intermediate	3	PMID:21709106,PMID:22001948	CHARMD	Source origin: Clincial isolate | Marker transfer: Recombinant | Assay details: PRA, ELISA tests, flow cytometry and DNA-DNA hybridization assays, quantitative real-time PCR, reporter cell lines, polymerase biochemical assays, marker transfer
HCMVUL54	X17403.1	500	K	N	foscarnet	susceptible	1.2	PMID:21709106,PMID:22001948	CHARMD	Source origin: Clincial isolate | Marker transfer: Recombinant | Assay details: PRA, ELISA tests, flow cytometry and DNA-DNA hybridization assays, quantitative real-time PCR, reporter cell lines, polymerase biochemical assays, marker transfer
HCMVUL54	X17403.1	500	K	N	ganciclovir	intermediate	3.2	PMID:21709106,PMID:22001948	CHARMD	Source origin: Clincial isolate | Marker transfer: Recombinant | Assay details: PRA, ELISA tests, flow cytometry and DNA-DNA hybridization assays, quantitative real-time PCR, reporter cell lines, polymerase biochemical assays, marker transfer
HCMVUL54	X17403.1	501	L	F	cidofovir	intermediate	3.8	PMID:37506264,PMID:23985916,PMID:15258973,PMID:9207351,PMID:24903569	CHARMD	Source origin: Clincial isolate | Marker transfer: Recombinant | Assay details: PRA, ELISA tests, flow cytometry and DNA-DNA hybridization assays, quantitative real-time PCR, reporter cell lines, polymerase biochemical assays, marker transfer
HCMVUL54	X17403.1	501	L	F	foscarnet	susceptible	1.3	PMID:37506264,PMID:23985916,PMID:15258973,PMID:9207351,PMID:24903570	CHARMD	Source origin: Clincial isolate | Marker transfer: Recombinant | Assay details: PRA, ELISA tests, flow cytometry and DNA-DNA hybridization assays, quantitative real-time PCR, reporter cell lines, polymerase biochemical assays, marker transfer
HCMVUL54	X17403.1	501	L	F	ganciclovir	low-level resistance	2.6	PMID:37506264,PMID:23985916,PMID:15258973,PMID:9207351,PMID:24903568	CHARMD	Source origin: Clincial isolate | Marker transfer: Recombinant | Assay details: PRA, ELISA tests, flow cytometry and DNA-DNA hybridization assays, quantitative real-time PCR, reporter cell lines, polymerase biochemical assays, marker transfer
HCMVUL54	X17403.1	501	L	I	cidofovir	high-level resistance	9.1	PMID:9621055,PMID:23985916,PMID:15258973,PMID:9207351,PMID:24903569	CHARMD	Source origin: Clincial isolate | Marker transfer: Recombinant | Assay details: PRA, ELISA tests, flow cytometry and DNA-DNA hybridization assays, quantitative real-time PCR, reporter cell lines, polymerase biochemical assays, marker transfer
HCMVUL54	X17403.1	501	L	I	foscarnet	susceptible	1.4	PMID:9621055,PMID:23985916,PMID:15258973,PMID:9207351,PMID:24903570	CHARMD	Source origin: Clincial isolate | Marker transfer: Recombinant | Assay details: PRA, ELISA tests, flow cytometry and DNA-DNA hybridization assays, quantitative real-time PCR, reporter cell lines, polymerase biochemical assays, marker transfer
HCMVUL54	X17403.1	501	L	I	ganciclovir	high-level resistance	6	PMID:9621055,PMID:23985916,PMID:15258973,PMID:9207351,PMID:24903568	CHARMD	Source origin: Clincial isolate | Marker transfer: Recombinant | Assay details: PRA, ELISA tests, flow cytometry and DNA-DNA hybridization assays, quantitative real-time PCR, reporter cell lines, polymerase biochemical assays, marker transfer
HCMVUL54	X17403.1	503	T	A	cidofovir	intermediate	3.7	PMID:37506264	CHARMD	Source origin: Clincial isolate | Marker transfer: Recombinant | Assay details: PRA, ELISA tests, flow cytometry and DNA-DNA hybridization assays, quantitative real-time PCR, reporter cell lines, polymerase biochemical assays, marker transfer
HCMVUL54	X17403.1	503	T	A	foscarnet	susceptible	1.5	PMID:37506264	CHARMD	Source origin: Clincial isolate | Marker transfer: Recombinant | Assay details: PRA, ELISA tests, flow cytometry and DNA-DNA hybridization assays, quantitative real-time PCR, reporter cell lines, polymerase biochemical assays, marker transfer
HCMVUL54	X17403.1	503	T	A	ganciclovir	intermediate	3.1	PMID:37506264	CHARMD	Source origin: Clincial isolate | Marker transfer: Recombinant | Assay details: PRA, ELISA tests, flow cytometry and DNA-DNA hybridization assays, quantitative real-time PCR, reporter cell lines, polymerase biochemical assays, marker transfer
HCMVUL54	X17403.1	503	T	I	cidofovir	high-level resistance	6.1	PMID:12825168,PMID:23985916,PMID:15258973,PMID:24903568	CHARMD	Source origin: Clincial isolate | Marker transfer: Recombinant | Assay details: PRA, ELISA tests, flow cytometry and DNA-DNA hybridization assays, quantitative real-time PCR, reporter cell lines, polymerase biochemical assays, marker transfer
HCMVUL54	X17403.1	503	T	I	foscarnet	susceptible	0.5	PMID:12825168,PMID:23985916,PMID:15258973,PMID:24903568	CHARMD	Source origin: Clincial isolate | Marker transfer: Recombinant | Assay details: PRA, ELISA tests, flow cytometry and DNA-DNA hybridization assays, quantitative real-time PCR, reporter cell lines, polymerase biochemical assays, marker transfer
HCMVUL54	X17403.1	503	T	I	ganciclovir	low-level resistance	2.9	PMID:12825168,PMID:23985916,PMID:15258973,PMID:9207351,PMID:24903568	CHARMD	Source origin: Clincial isolate | Marker transfer: Recombinant | Assay details: PRA, ELISA tests, flow cytometry and DNA-DNA hybridization assays, quantitative real-time PCR, reporter cell lines, polymerase biochemical assays, marker transfer
HCMVUL54	X17403.1	505	A	V	cidofovir	low-level resistance	2	PMID:24273181	CHARMD	Source origin: Clincial isolate | Marker transfer: Recombinant | Assay details: PRA, ELISA tests, flow cytometry and DNA-DNA hybridization assays, quantitative real-time PCR, reporter cell lines, polymerase biochemical assays, marker transfer | Observation: Victor Study
HCMVUL54	X17403.1	505	A	V	foscarnet	susceptible	1.1	PMID:24273181	CHARMD	Source origin: Clincial isolate | Marker transfer: Recombinant | Assay details: PRA, ELISA tests, flow cytometry and DNA-DNA hybridization assays, quantitative real-time PCR, reporter cell lines, polymerase biochemical assays, marker transfer | Observation: Victor Study
HCMVUL54	X17403.1	505	A	V	ganciclovir	susceptible	1.8	PMID:24273181	CHARMD	Source origin: Clincial isolate | Marker transfer: Recombinant | Assay details: PRA, ELISA tests, flow cytometry and DNA-DNA hybridization assays, quantitative real-time PCR, reporter cell lines, polymerase biochemical assays, marker transfer | Observation: Victor Study
HCMVUL54	X17403.1	513	K	E	cidofovir	high-level resistance	9.1	PMID:9621055,PMID:24903568,PMID:11595579,PMID:9207352	CHARMD	Source origin: Clincial isolate | Marker transfer: Recombinant | Assay details: PRA, ELISA tests, flow cytometry and DNA-DNA hybridization assays, quantitative real-time PCR, reporter cell lines, polymerase biochemical assays, marker transfer
HCMVUL54	X17403.1	513	K	E	foscarnet	susceptible	1.4	PMID:9621055,PMID:24903568,PMID:11595579,PMID:9207353	CHARMD	Source origin: Clincial isolate | Marker transfer: Recombinant | Assay details: PRA, ELISA tests, flow cytometry and DNA-DNA hybridization assays, quantitative real-time PCR, reporter cell lines, polymerase biochemical assays, marker transfer
HCMVUL54	X17403.1	513	K	E	ganciclovir	high-level resistance	5	PMID:9621055,PMID:24903568,PMID:11595579,PMID:9207351	CHARMD	Source origin: Clincial isolate | Marker transfer: Recombinant | Assay details: PRA, ELISA tests, flow cytometry and DNA-DNA hybridization assays, quantitative real-time PCR, reporter cell lines, polymerase biochemical assays, marker transfer
HCMVUL54	X17403.1	513	K	N	cidofovir	high-level resistance	12.5	PMID:9721246,PMID:24903568	CHARMD	Source origin: Clincial isolate | Marker transfer: Recombinant | Assay details: PRA, ELISA tests, flow cytometry and DNA-DNA hybridization assays, quantitative real-time PCR, reporter cell lines, polymerase biochemical assays, marker transfer
HCMVUL54	X17403.1	513	K	N	foscarnet	susceptible	1.5	PMID:9721246,PMID:24903568	CHARMD	Source origin: Clincial isolate | Marker transfer: Recombinant | Assay details: PRA, ELISA tests, flow cytometry and DNA-DNA hybridization assays, quantitative real-time PCR, reporter cell lines, polymerase biochemical assays, marker transfer
HCMVUL54	X17403.1	513	K	N	ganciclovir	high-level resistance	6	PMID:9721246,PMID:24903568	CHARMD	Source origin: Clincial isolate | Marker transfer: Recombinant | Assay details: PRA, ELISA tests, flow cytometry and DNA-DNA hybridization assays, quantitative real-time PCR, reporter cell lines, polymerase biochemical assays, marker transfer
HCMVUL54	X17403.1	513	K	Q	cidofovir	high-level resistance	18	PMID:37506264	CHARMD	Source origin: Clincial isolate | Marker transfer: Recombinant | Assay details: PRA, ELISA tests, flow cytometry and DNA-DNA hybridization assays, quantitative real-time PCR, reporter cell lines, polymerase biochemical assays, marker transfer
HCMVUL54	X17403.1	513	K	Q	foscarnet	susceptible	1	PMID:37506264	CHARMD	Source origin: Clincial isolate | Marker transfer: Recombinant | Assay details: PRA, ELISA tests, flow cytometry and DNA-DNA hybridization assays, quantitative real-time PCR, reporter cell lines, polymerase biochemical assays, marker transfer
HCMVUL54	X17403.1	513	K	Q	ganciclovir	high-level resistance	6.6	PMID:37506264	CHARMD	Source origin: Clincial isolate | Marker transfer: Recombinant | Assay details: PRA, ELISA tests, flow cytometry and DNA-DNA hybridization assays, quantitative real-time PCR, reporter cell lines, polymerase biochemical assays, marker transfer
HCMVUL54	X17403.1	513	K	R	cidofovir	high-level resistance	10	PMID:24890586,PMID:9207351	CHARMD	Source origin: Clincial isolate | Marker transfer: Recombinant | Assay details: PRA, ELISA tests, flow cytometry and DNA-DNA hybridization assays, quantitative real-time PCR, reporter cell lines, polymerase biochemical assays, marker transfer | Observation: Mutation fr?quemment retrouv?e chez les patients re?evant des CS h?matopo?etiques
HCMVUL54	X17403.1	513	K	R	foscarnet	susceptible	1.1	PMID:24890586,PMID:9207351	CHARMD	Source origin: Clincial isolate | Marker transfer: Recombinant | Assay details: PRA, ELISA tests, flow cytometry and DNA-DNA hybridization assays, quantitative real-time PCR, reporter cell lines, polymerase biochemical assays, marker transfer | Observation: Mutation fr?quemment retrouv?e chez les patients re?evant des CS h?matopo?etiques
HCMVUL54	X17403.1	513	K	R	ganciclovir	intermediate	3.7	PMID:24890586,PMID:9207351	CHARMD	Source origin: Clincial isolate | Marker transfer: Recombinant | Assay details: PRA, ELISA tests, flow cytometry and DNA-DNA hybridization assays, quantitative real-time PCR, reporter cell lines, polymerase biochemical assays, marker transfer | Observation: Mutation fr?quemment retrouv?e chez les patients re?evant des CS h?matopo?etiques
HCMVUL54	X17403.1	513	K	T	cidofovir	high-level resistance	19	PMID:32726419	CHARMD	Source origin: Clinical Isolate
HCMVUL54	X17403.1	513	K	T	foscarnet	susceptible	1	PMID:32726419	CHARMD	Source origin: Clinical Isolate
HCMVUL54	X17403.1	513	K	T	ganciclovir	intermediate	4.9	PMID:32726419	CHARMD	Source origin: Clinical Isolate
HCMVUL54	X17403.1	515	D	E	cidofovir	susceptible	1.35	PMID:11050017,PMID:26209398,PMID:41482062	CHARMD	Fold IC50 values: 1.6, 1.1; mean displayed | Marker transfer: Recombinant | Assay details: PRA, ELISA tests, flow cytometry and DNA-DNA hybridization assays, quantitative real-time PCR, reporter cell lines, polymerase biochemical assays, marker transfer | Observation: Mutation fr?quemment retrouv?e chez les patients re?evant des CS h?matopo?etiques | Source origin: Clinical Isolate
HCMVUL54	X17403.1	515	D	E	foscarnet	low-level resistance	2.75	PMID:11050017,PMID:26209398,PMID:41482062	CHARMD	Fold IC50 values: 4.6, 0.9; mean displayed | Marker transfer: Recombinant | Assay details: PRA, ELISA tests, flow cytometry and DNA-DNA hybridization assays, quantitative real-time PCR, reporter cell lines, polymerase biochemical assays, marker transfer | Observation: Mutation fr?quemment retrouv?e chez les patients re?evant des CS h?matopo?etiques | Source origin: Clinical Isolate
HCMVUL54	X17403.1	515	D	E	ganciclovir	susceptible	1.85	PMID:11050017,PMID:26209398,PMID:41482062	CHARMD	Fold IC50 values: 2.7, 1; mean displayed | Marker transfer: Recombinant | Assay details: PRA, ELISA tests, flow cytometry and DNA-DNA hybridization assays, quantitative real-time PCR, reporter cell lines, polymerase biochemical assays, marker transfer | Observation: Mutation fr?quemment retrouv?e chez les patients re?evant des CS h?matopo?etiques | Source origin: Clinical Isolate
HCMVUL54	X17403.1	515	D	G	brincidofovir	sensitive			CHARMD	Observation: Polymorphisme naturel
HCMVUL54	X17403.1	515	D	G	cidofovir	sensitive			CHARMD	Observation: Polymorphisme naturel
HCMVUL54	X17403.1	515	D	G	cyclopropavir	sensitive			CHARMD	Observation: Polymorphisme naturel
HCMVUL54	X17403.1	515	D	G	foscarnet	sensitive			CHARMD	Observation: Polymorphisme naturel
HCMVUL54	X17403.1	515	D	G	ganciclovir	sensitive			CHARMD	Observation: Polymorphisme naturel
HCMVUL54	X17403.1	515	D	G	letermovir	sensitive			CHARMD	Observation: Polymorphisme naturel
HCMVUL54	X17403.1	515	D	G	maribavir	sensitive			CHARMD	Observation: Polymorphisme naturel
HCMVUL54	X17403.1	515	D	Y	cidofovir	susceptible	1.735	PMID:26872863,PMID:20961907,PMID:30286286	CHARMD	Fold IC50 values: 0.87, 2.6; mean displayed | Source origin: Clincial isolate | Marker transfer: Recombinant | Assay details: PRA, ELISA tests, flow cytometry and DNA-DNA hybridization assays, quantitative real-time PCR, reporter cell lines, polymerase biochemical assays, marker transfer | Source origin: Laboratory strain, Clinical Isolate
HCMVUL54	X17403.1	515	D	Y	foscarnet	low-level resistance	2.9	PMID:26872863,PMID:20961907,PMID:30286286	CHARMD	Fold IC50 values: 4.7, 1.1; mean displayed | Source origin: Clincial isolate | Marker transfer: Recombinant | Assay details: PRA, ELISA tests, flow cytometry and DNA-DNA hybridization assays, quantitative real-time PCR, reporter cell lines, polymerase biochemical assays, marker transfer | Source origin: Laboratory strain, Clinical Isolate
HCMVUL54	X17403.1	515	D	Y	ganciclovir	intermediate	4.7	PMID:26872863,PMID:20961907,PMID:30286286	CHARMD	Fold IC50 values: 6.2, 3.2; mean displayed | Source origin: Clincial isolate | Marker transfer: Recombinant | Assay details: PRA, ELISA tests, flow cytometry and DNA-DNA hybridization assays, quantitative real-time PCR, reporter cell lines, polymerase biochemical assays, marker transfer | Source origin: Laboratory strain, Clinical Isolate
HCMVUL54	X17403.1	516	L	P	cidofovir	high-level resistance	5.9	PMID:30286286	CHARMD	Source origin: Clinical Isolate
HCMVUL54	X17403.1	516	L	P	foscarnet	susceptible	0.9	PMID:30286286	CHARMD	Source origin: Clinical Isolate
HCMVUL54	X17403.1	516	L	P	ganciclovir	intermediate	4.4	PMID:30286286	CHARMD	Source origin: Clinical Isolate
HCMVUL54	X17403.1	516	L	R	cidofovir	high-level resistance	5.1	PMID:12825168,PMID:24903568	CHARMD	Source origin: Clincial isolate | Marker transfer: Recombinant | Assay details: PRA, ELISA tests, flow cytometry and DNA-DNA hybridization assays, quantitative real-time PCR, reporter cell lines, polymerase biochemical assays, marker transfer
HCMVUL54	X17403.1	516	L	R	foscarnet	susceptible	0.8	PMID:12825168,PMID:24903568	CHARMD	Source origin: Clincial isolate | Marker transfer: Recombinant | Assay details: PRA, ELISA tests, flow cytometry and DNA-DNA hybridization assays, quantitative real-time PCR, reporter cell lines, polymerase biochemical assays, marker transfer
HCMVUL54	X17403.1	516	L	R	ganciclovir	low-level resistance	2.1	PMID:12825168,PMID:24903568	CHARMD	Source origin: Clincial isolate | Marker transfer: Recombinant | Assay details: PRA, ELISA tests, flow cytometry and DNA-DNA hybridization assays, quantitative real-time PCR, reporter cell lines, polymerase biochemical assays, marker transfer
HCMVUL54	X17403.1	516	L	W	cidofovir	high-level resistance	8.49	PMID:27058773	CHARMD	Source origin: Clincial isolate | Assay details: Modified plaque reduction assay
HCMVUL54	X17403.1	516	L	W	foscarnet	susceptible	1.22	PMID:27058773	CHARMD	Source origin: Clincial isolate | Assay details: Modified plaque reduction assay
HCMVUL54	X17403.1	516	L	W	ganciclovir	intermediate	4.2	PMID:27058773	CHARMD	Source origin: Clincial isolate | Assay details: Modified plaque reduction assay
HCMVUL54	X17403.1	518	Y	C	brincidofovir	sensitive			CHARMD	Observation: Polymorphisme naturel
HCMVUL54	X17403.1	518	Y	C	cidofovir	sensitive			CHARMD	Observation: Polymorphisme naturel
HCMVUL54	X17403.1	518	Y	C	cyclopropavir	sensitive			CHARMD	Observation: Polymorphisme naturel
HCMVUL54	X17403.1	518	Y	C	foscarnet	sensitive			CHARMD	Observation: Polymorphisme naturel
HCMVUL54	X17403.1	518	Y	C	ganciclovir	sensitive			CHARMD	Observation: Polymorphisme naturel
HCMVUL54	X17403.1	518	Y	C	letermovir	sensitive			CHARMD	Observation: Polymorphisme naturel
HCMVUL54	X17403.1	518	Y	C	maribavir	sensitive			CHARMD	Observation: Polymorphisme naturel
HCMVUL54	X17403.1	521	I	T	cidofovir	high-level resistance	5.1	PMID:18502683,PMID:11050017,PMID:24903568	CHARMD	Source origin: Clincial isolate | Marker transfer: Recombinant | Assay details: PRA, ELISA tests, flow cytometry and DNA-DNA hybridization assays, quantitative real-time PCR, reporter cell lines, polymerase biochemical assays, marker transfer | Observation: Mutation fr?quemment retrouv?e chez les patients re?evant des CS h?matopo?etiques
HCMVUL54	X17403.1	521	I	T	foscarnet	susceptible	0.8	PMID:18502683,PMID:11050017,PMID:24903568	CHARMD	Source origin: Clincial isolate | Marker transfer: Recombinant | Assay details: PRA, ELISA tests, flow cytometry and DNA-DNA hybridization assays, quantitative real-time PCR, reporter cell lines, polymerase biochemical assays, marker transfer | Observation: Mutation fr?quemment retrouv?e chez les patients re?evant des CS h?matopo?etiques
HCMVUL54	X17403.1	521	I	T	ganciclovir	low-level resistance	2.1	PMID:18502683,PMID:11050017,PMID:24903568	CHARMD	Source origin: Clincial isolate | Marker transfer: Recombinant | Assay details: PRA, ELISA tests, flow cytometry and DNA-DNA hybridization assays, quantitative real-time PCR, reporter cell lines, polymerase biochemical assays, marker transfer | Observation: Mutation fr?quemment retrouv?e chez les patients re?evant des CS h?matopo?etiques
HCMVUL54	X17403.1	522	P	A	cidofovir	intermediate	4.1	PMID:18502683,PMID:9129070,PMID:23985916,PMID:24903569	CHARMD	Source origin: Clincial isolate | Marker transfer: Recombinant | Assay details: PRA, ELISA tests, flow cytometry and DNA-DNA hybridization assays, quantitative real-time PCR, reporter cell lines, polymerase biochemical assays, marker transfer
HCMVUL54	X17403.1	522	P	A	foscarnet	susceptible	1	PMID:18502683,PMID:9129070,PMID:23985916,PMID:24903570	CHARMD	Source origin: Clincial isolate | Marker transfer: Recombinant | Assay details: PRA, ELISA tests, flow cytometry and DNA-DNA hybridization assays, quantitative real-time PCR, reporter cell lines, polymerase biochemical assays, marker transfer
HCMVUL54	X17403.1	522	P	A	ganciclovir	intermediate	3	PMID:18502683,PMID:9129070,PMID:23985916,PMID:24903568	CHARMD	Source origin: Clincial isolate | Marker transfer: Recombinant | Assay details: PRA, ELISA tests, flow cytometry and DNA-DNA hybridization assays, quantitative real-time PCR, reporter cell lines, polymerase biochemical assays, marker transfer
HCMVUL54	X17403.1	522	P	L	brincidofovir	sensitive		PMID:18502683	CHARMD	Observation: Polymorphisme naturel
HCMVUL54	X17403.1	522	P	L	cidofovir	sensitive		PMID:18502683	CHARMD	Observation: Polymorphisme naturel
HCMVUL54	X17403.1	522	P	L	cyclopropavir	sensitive		PMID:18502683	CHARMD	Observation: Polymorphisme naturel
HCMVUL54	X17403.1	522	P	L	foscarnet	sensitive		PMID:18502683	CHARMD	Observation: Polymorphisme naturel
HCMVUL54	X17403.1	522	P	L	ganciclovir	sensitive		PMID:18502683	CHARMD	Observation: Polymorphisme naturel
HCMVUL54	X17403.1	522	P	L	letermovir	sensitive		PMID:18502683	CHARMD	Observation: Polymorphisme naturel
HCMVUL54	X17403.1	522	P	L	maribavir	sensitive		PMID:18502683	CHARMD	Observation: Polymorphisme naturel
HCMVUL54	X17403.1	522	P	S	cidofovir	intermediate	3.6	PMID:9621055	CHARMD	Source origin: Clincial isolate | Marker transfer: Recombinant | Assay details: PRA, ELISA tests, flow cytometry and DNA-DNA hybridization assays, quantitative real-time PCR, reporter cell lines, polymerase biochemical assays, marker transfer | Observation: Mutation fr?quemment retrouv?e chez les patients re?evant des CS h?matopo?etiques
HCMVUL54	X17403.1	522	P	S	foscarnet	susceptible	1.1	PMID:9621055	CHARMD	Source origin: Clincial isolate | Marker transfer: Recombinant | Assay details: PRA, ELISA tests, flow cytometry and DNA-DNA hybridization assays, quantitative real-time PCR, reporter cell lines, polymerase biochemical assays, marker transfer | Observation: Mutation fr?quemment retrouv?e chez les patients re?evant des CS h?matopo?etiques
HCMVUL54	X17403.1	522	P	S	ganciclovir	intermediate	3.1	PMID:9621055,PMID:24903568,PMID:15230476,PMID:12198609,PMID:23985916,PMID:18992772,PMID:11704031,PMID:24890586,PMID:12599051	CHARMD	Source origin: Clincial isolate | Marker transfer: Recombinant | Assay details: PRA, ELISA tests, flow cytometry and DNA-DNA hybridization assays, quantitative real-time PCR, reporter cell lines, polymerase biochemical assays, marker transfer | Observation: Mutation fr?quemment retrouv?e chez les patients re?evant des CS h?matopo?etiques
HCMVUL54	X17403.1	522	P	T	cidofovir	low-level resistance	2	PMID:37506264	CHARMD	Source origin: Clincial isolate | Marker transfer: Recombinant | Assay details: PRA, ELISA tests, flow cytometry and DNA-DNA hybridization assays, quantitative real-time PCR, reporter cell lines, polymerase biochemical assays, marker transfer
HCMVUL54	X17403.1	522	P	T	foscarnet	susceptible	1.4	PMID:37506264	CHARMD	Source origin: Clincial isolate | Marker transfer: Recombinant | Assay details: PRA, ELISA tests, flow cytometry and DNA-DNA hybridization assays, quantitative real-time PCR, reporter cell lines, polymerase biochemical assays, marker transfer
HCMVUL54	X17403.1	522	P	T	ganciclovir	low-level resistance	2.1	PMID:37506264	CHARMD	Source origin: Clincial isolate | Marker transfer: Recombinant | Assay details: PRA, ELISA tests, flow cytometry and DNA-DNA hybridization assays, quantitative real-time PCR, reporter cell lines, polymerase biochemical assays, marker transfer
HCMVUL54	X17403.1	524	C	C524del	cidofovir	high-level resistance	9.7	PMID:23415883	CHARMD	Source origin: Clincial isolate | Marker transfer: Recombinant | Assay details: PRA, ELISA tests, flow cytometry and DNA-DNA hybridization assays, quantitative real-time PCR, reporter cell lines, polymerase biochemical assays, marker transfer
HCMVUL54	X17403.1	524	C	C524del	foscarnet	susceptible	1.1	PMID:23415883	CHARMD	Source origin: Clincial isolate | Marker transfer: Recombinant | Assay details: PRA, ELISA tests, flow cytometry and DNA-DNA hybridization assays, quantitative real-time PCR, reporter cell lines, polymerase biochemical assays, marker transfer
HCMVUL54	X17403.1	524	C	C524del	ganciclovir	intermediate	3.5	PMID:23415883	CHARMD	Source origin: Clincial isolate | Marker transfer: Recombinant | Assay details: PRA, ELISA tests, flow cytometry and DNA-DNA hybridization assays, quantitative real-time PCR, reporter cell lines, polymerase biochemical assays, marker transfer
HCMVUL54	X17403.1	526	V	L	cidofovir	low-level resistance	2.5	PMID:25143583	CHARMD	Source origin: Clincial isolate | Marker transfer: Recombinant | Assay details: PRA, ELISA tests, flow cytometry and DNA-DNA hybridization assays, quantitative real-time PCR, reporter cell lines, polymerase biochemical assays, marker transfer | Observation: Mutation fr?quemment retrouv?e chez les patients re?evant des CS h?matopo?etiques
HCMVUL54	X17403.1	526	V	L	foscarnet	susceptible	1.8	PMID:25143583	CHARMD	Source origin: Clincial isolate | Marker transfer: Recombinant | Assay details: PRA, ELISA tests, flow cytometry and DNA-DNA hybridization assays, quantitative real-time PCR, reporter cell lines, polymerase biochemical assays, marker transfer | Observation: Mutation fr?quemment retrouv?e chez les patients re?evant des CS h?matopo?etiques
HCMVUL54	X17403.1	526	V	L	ganciclovir	high-level resistance	5.5	PMID:25143583	CHARMD	Source origin: Clincial isolate | Marker transfer: Recombinant | Assay details: PRA, ELISA tests, flow cytometry and DNA-DNA hybridization assays, quantitative real-time PCR, reporter cell lines, polymerase biochemical assays, marker transfer | Observation: Mutation fr?quemment retrouv?e chez les patients re?evant des CS h?matopo?etiques
HCMVUL54	X17403.1	539	C	G	cidofovir	intermediate	4.4	PMID:24890586	CHARMD	Source origin: Clincial isolate | Marker transfer: Recombinant | Assay details: PRA, ELISA tests, flow cytometry and DNA-DNA hybridization assays, quantitative real-time PCR, reporter cell lines, polymerase biochemical assays, marker transfer | Observation: Mutation fr?quemment retrouv?e chez les patients re?evant des CS h?matopo?etiques
HCMVUL54	X17403.1	539	C	G	foscarnet	susceptible	1	PMID:24890586	CHARMD	Source origin: Clincial isolate | Marker transfer: Recombinant | Assay details: PRA, ELISA tests, flow cytometry and DNA-DNA hybridization assays, quantitative real-time PCR, reporter cell lines, polymerase biochemical assays, marker transfer | Observation: Mutation fr?quemment retrouv?e chez les patients re?evant des CS h?matopo?etiques
HCMVUL54	X17403.1	539	C	G	ganciclovir	intermediate	3.1	PMID:24890586	CHARMD	Source origin: Clincial isolate | Marker transfer: Recombinant | Assay details: PRA, ELISA tests, flow cytometry and DNA-DNA hybridization assays, quantitative real-time PCR, reporter cell lines, polymerase biochemical assays, marker transfer | Observation: Mutation fr?quemment retrouv?e chez les patients re?evant des CS h?matopo?etiques
HCMVUL54	X17403.1	539	C	R	cidofovir	high-level resistance	13.3	PMID:21709106,PMID:22001948	CHARMD	Source origin: Clincial isolate | Marker transfer: Recombinant | Assay details: PRA, ELISA tests, flow cytometry and DNA-DNA hybridization assays, quantitative real-time PCR, reporter cell lines, polymerase biochemical assays, marker transfer
HCMVUL54	X17403.1	539	C	R	foscarnet	susceptible	0.7	PMID:21709106,PMID:22001948	CHARMD	Source origin: Clincial isolate | Marker transfer: Recombinant | Assay details: PRA, ELISA tests, flow cytometry and DNA-DNA hybridization assays, quantitative real-time PCR, reporter cell lines, polymerase biochemical assays, marker transfer
HCMVUL54	X17403.1	539	C	R	ganciclovir	intermediate	3.2	PMID:21709106,PMID:22001948	CHARMD	Source origin: Clincial isolate | Marker transfer: Recombinant | Assay details: PRA, ELISA tests, flow cytometry and DNA-DNA hybridization assays, quantitative real-time PCR, reporter cell lines, polymerase biochemical assays, marker transfer
HCMVUL54	X17403.1	541	Q	P	brincidofovir	sensitive			CHARMD	Observation: Polymorphisme naturel
HCMVUL54	X17403.1	541	Q	P	cidofovir	sensitive			CHARMD	Observation: Polymorphisme naturel
HCMVUL54	X17403.1	541	Q	P	cyclopropavir	sensitive			CHARMD	Observation: Polymorphisme naturel
HCMVUL54	X17403.1	541	Q	P	foscarnet	sensitive			CHARMD	Observation: Polymorphisme naturel
HCMVUL54	X17403.1	541	Q	P	ganciclovir	sensitive			CHARMD	Observation: Polymorphisme naturel
HCMVUL54	X17403.1	541	Q	P	letermovir	sensitive			CHARMD	Observation: Polymorphisme naturel
HCMVUL54	X17403.1	541	Q	P	maribavir	sensitive			CHARMD	Observation: Polymorphisme naturel
HCMVUL54	X17403.1	542	D	E	cidofovir	high-level resistance	12.5	PMID:23650158,PMID:41482062	CHARMD	Fold IC50 values: 12, 13; mean displayed | Source origin: Laboratory strain | Marker transfer: Recombinant | Assay details: PRA, ELISA tests, flow cytometry and DNA-DNA hybridization assays, quantitative real-time PCR, reporter cell lines, polymerase biochemical assays, marker transfer | Source origin: Laboratory strain, Clinical Isolate
HCMVUL54	X17403.1	542	D	E	foscarnet	susceptible	1.1	PMID:23650158,PMID:41482062	CHARMD	Fold IC50 values: 1.7, 0.5; mean displayed | Source origin: Laboratory strain | Marker transfer: Recombinant | Assay details: PRA, ELISA tests, flow cytometry and DNA-DNA hybridization assays, quantitative real-time PCR, reporter cell lines, polymerase biochemical assays, marker transfer | Source origin: Laboratory strain, Clinical Isolate
HCMVUL54	X17403.1	542	D	E	ganciclovir	low-level resistance	2.5	PMID:23650158,PMID:41482062	CHARMD	Fold IC50 values: 1.5, 3.5; mean displayed | Source origin: Laboratory strain | Marker transfer: Recombinant | Assay details: PRA, ELISA tests, flow cytometry and DNA-DNA hybridization assays, quantitative real-time PCR, reporter cell lines, polymerase biochemical assays, marker transfer | Source origin: Laboratory strain, Clinical Isolate
HCMVUL54	X17403.1	543	A	S	cidofovir	susceptible	1	PMID:24273181	CHARMD	Marker transfer: Recombinant
HCMVUL54	X17403.1	543	A	S	foscarnet	susceptible	1	PMID:24273181	CHARMD	Marker transfer: Recombinant
HCMVUL54	X17403.1	543	A	S	ganciclovir	susceptible	1	PMID:24273181	CHARMD	Marker transfer: Recombinant
HCMVUL54	X17403.1	543	A	V	cidofovir	intermediate	3.2	PMID:41482062	CHARMD	Source origin: Laboratory strain, Clinical Isolate
HCMVUL54	X17403.1	543	A	V	foscarnet	susceptible	0.7	PMID:41482062	CHARMD	Source origin: Laboratory strain, Clinical Isolate
HCMVUL54	X17403.1	543	A	V	ganciclovir	low-level resistance	2.1	PMID:41482062	CHARMD	Source origin: Laboratory strain, Clinical Isolate
HCMVUL54	X17403.1	545	L	F	cidofovir	high-level resistance	11	PMID:37506264	CHARMD	Source origin: Clincial isolate | Marker transfer: Recombinant | Assay details: PRA, ELISA tests, flow cytometry and DNA-DNA hybridization assays, quantitative real-time PCR, reporter cell lines, polymerase biochemical assays, marker transfer
HCMVUL54	X17403.1	545	L	F	foscarnet	susceptible	1.2	PMID:37506264	CHARMD	Source origin: Clincial isolate | Marker transfer: Recombinant | Assay details: PRA, ELISA tests, flow cytometry and DNA-DNA hybridization assays, quantitative real-time PCR, reporter cell lines, polymerase biochemical assays, marker transfer
HCMVUL54	X17403.1	545	L	F	ganciclovir	intermediate	4	PMID:37506264	CHARMD	Source origin: Clincial isolate | Marker transfer: Recombinant | Assay details: PRA, ELISA tests, flow cytometry and DNA-DNA hybridization assays, quantitative real-time PCR, reporter cell lines, polymerase biochemical assays, marker transfer
HCMVUL54	X17403.1	545	L	S	cidofovir	high-level resistance	9.1	PMID:9621055,PMID:19063923,PMID:24903568,PMID:21709106,PMID:16173018	CHARMD	Source origin: Clincial isolate | Marker transfer: Recombinant | Assay details: PRA, ELISA tests, flow cytometry and DNA-DNA hybridization assays, quantitative real-time PCR, reporter cell lines, polymerase biochemical assays, marker transfer
HCMVUL54	X17403.1	545	L	S	foscarnet	susceptible	1.2	PMID:9621055,PMID:19063923,PMID:24903568,PMID:21709106,PMID:16173018	CHARMD	Source origin: Clincial isolate | Marker transfer: Recombinant | Assay details: PRA, ELISA tests, flow cytometry and DNA-DNA hybridization assays, quantitative real-time PCR, reporter cell lines, polymerase biochemical assays, marker transfer
HCMVUL54	X17403.1	545	L	S	ganciclovir	intermediate	3.5	PMID:9621055,PMID:19063923,PMID:24903568,PMID:21709106,PMID:16173018	CHARMD	Source origin: Clincial isolate | Marker transfer: Recombinant | Assay details: PRA, ELISA tests, flow cytometry and DNA-DNA hybridization assays, quantitative real-time PCR, reporter cell lines, polymerase biochemical assays, marker transfer
HCMVUL54	X17403.1	545	L	W	cidofovir	high-level resistance	6.3	PMID:21295516,PMID:22001948,PMID:24903568	CHARMD	Source origin: Clincial isolate | Marker transfer: Recombinant | Assay details: PRA, ELISA tests, flow cytometry and DNA-DNA hybridization assays, quantitative real-time PCR, reporter cell lines, polymerase biochemical assays, marker transfer
HCMVUL54	X17403.1	545	L	W	foscarnet	susceptible	1.3	PMID:21295516,PMID:22001948,PMID:24903568	CHARMD	Source origin: Clincial isolate | Marker transfer: Recombinant | Assay details: PRA, ELISA tests, flow cytometry and DNA-DNA hybridization assays, quantitative real-time PCR, reporter cell lines, polymerase biochemical assays, marker transfer
HCMVUL54	X17403.1	545	L	W	ganciclovir	intermediate	4.9	PMID:21295516,PMID:22001948,PMID:24903568	CHARMD	Source origin: Clincial isolate | Marker transfer: Recombinant | Assay details: PRA, ELISA tests, flow cytometry and DNA-DNA hybridization assays, quantitative real-time PCR, reporter cell lines, polymerase biochemical assays, marker transfer
HCMVUL54	X17403.1	552	T	N	cidofovir	susceptible	1.3	PMID:21709106,PMID:22001948,PMID:27940027	CHARMD	Fold IC50 values: 1.2, 1, 1.7; mean displayed | Source origin: Laboratory strain, Clinical Isolate | Marker transfer: Recombinant | Assay details: PRA, ELISA tests, flow cytometry and DNA-DNA hybridization assays, quantitative real-time PCR, reporter cell lines, polymerase biochemical assays, marker transfer | Source origin: Laboratory strain
HCMVUL54	X17403.1	552	T	N	foscarnet	low-level resistance	2.73333	PMID:21709106,PMID:22001948,PMID:27940027	CHARMD	Fold IC50 values: 2.6, 2.5, 3.1; mean displayed | Source origin: Laboratory strain, Clinical Isolate | Marker transfer: Recombinant | Assay details: PRA, ELISA tests, flow cytometry and DNA-DNA hybridization assays, quantitative real-time PCR, reporter cell lines, polymerase biochemical assays, marker transfer | Source origin: Laboratory strain
HCMVUL54	X17403.1	552	T	N	ganciclovir	low-level resistance	2.1	PMID:21709106,PMID:22001948,PMID:27940027	CHARMD	Fold IC50 values: 1.9, 1.8, 2.6; mean displayed | Source origin: Laboratory strain, Clinical Isolate | Marker transfer: Recombinant | Assay details: PRA, ELISA tests, flow cytometry and DNA-DNA hybridization assays, quantitative real-time PCR, reporter cell lines, polymerase biochemical assays, marker transfer | Source origin: Laboratory strain
HCMVUL54	X17403.1	552	T	S	cidofovir	low-level resistance	2.7	PMID:35021130	CHARMD	Source origin: Laboratory strain, Clinical Isolate | Marker transfer: Recombinant
HCMVUL54	X17403.1	552	T	S	foscarnet	susceptible	0.5	PMID:35021130	CHARMD	Source origin: Laboratory strain, Clinical Isolate | Marker transfer: Recombinant
HCMVUL54	X17403.1	552	T	S	ganciclovir	intermediate	3	PMID:35021130	CHARMD	Source origin: Laboratory strain, Clinical Isolate | Marker transfer: Recombinant
HCMVUL54	X17403.1	565	L	V	cidofovir	susceptible	1.6	PMID:32726419	CHARMD	Source origin: Clinical Isolate
HCMVUL54	X17403.1	565	L	V	foscarnet	intermediate	3.7	PMID:32726419	CHARMD	Source origin: Clinical Isolate
HCMVUL54	X17403.1	565	L	V	ganciclovir	susceptible	1.8	PMID:32726419	CHARMD	Source origin: Clinical Isolate
HCMVUL54	X17403.1	578	Q	H	cidofovir	low-level resistance	2.3	PMID:21295516,PMID:12637079,PMID:22001948,PMID:24903568,PMID:24183928,PMID:24890586	CHARMD	Source origin: Clincial isolate | Marker transfer: Recombinant | Assay details: PRA, ELISA tests, flow cytometry and DNA-DNA hybridization assays, quantitative real-time PCR, reporter cell lines, polymerase biochemical assays, marker transfer | Observation: Mutation fr?quemment retrouv?e chez les patients re?evant des CS h?matopo?etiques
HCMVUL54	X17403.1	578	Q	H	foscarnet	intermediate	4.5	PMID:21295516,PMID:12637079,PMID:22001948,PMID:24903568,PMID:24183928,PMID:24890586	CHARMD	Source origin: Clincial isolate | Marker transfer: Recombinant | Assay details: PRA, ELISA tests, flow cytometry and DNA-DNA hybridization assays, quantitative real-time PCR, reporter cell lines, polymerase biochemical assays, marker transfer | Observation: Mutation fr?quemment retrouv?e chez les patients re?evant des CS h?matopo?etiques
HCMVUL54	X17403.1	578	Q	H	ganciclovir	intermediate	3.3	PMID:21295516,PMID:12637079,PMID:22001948,PMID:24903568,PMID:24183928,PMID:24890586	CHARMD	Source origin: Clincial isolate | Marker transfer: Recombinant | Assay details: PRA, ELISA tests, flow cytometry and DNA-DNA hybridization assays, quantitative real-time PCR, reporter cell lines, polymerase biochemical assays, marker transfer | Observation: Mutation fr?quemment retrouv?e chez les patients re?evant des CS h?matopo?etiques
HCMVUL54	X17403.1	578	Q	L	cidofovir	susceptible	0.8	PMID:24890586,PMID:26098499	CHARMD	Source origin: Clincial isolate | Marker transfer: Recombinant | Assay details: PRA, ELISA tests, flow cytometry and DNA-DNA hybridization assays, quantitative real-time PCR, reporter cell lines, polymerase biochemical assays, marker transfer | Observation: Mutation fr?quemment retrouv?e chez les patients re?evant des CS h?matopo?etiques
HCMVUL54	X17403.1	578	Q	L	foscarnet	intermediate	3	PMID:24890586,PMID:26098499	CHARMD	Source origin: Clincial isolate | Marker transfer: Recombinant | Assay details: PRA, ELISA tests, flow cytometry and DNA-DNA hybridization assays, quantitative real-time PCR, reporter cell lines, polymerase biochemical assays, marker transfer | Observation: Mutation fr?quemment retrouv?e chez les patients re?evant des CS h?matopo?etiques
HCMVUL54	X17403.1	578	Q	L	ganciclovir	susceptible	1.9	PMID:24890586,PMID:26098499	CHARMD	Source origin: Clincial isolate | Marker transfer: Recombinant | Assay details: PRA, ELISA tests, flow cytometry and DNA-DNA hybridization assays, quantitative real-time PCR, reporter cell lines, polymerase biochemical assays, marker transfer | Observation: Mutation fr?quemment retrouv?e chez les patients re?evant des CS h?matopo?etiques
HCMVUL54	X17403.1	585	S	A	cidofovir	susceptible	1.4	PMID:21709106,PMID:22001948	CHARMD	Source origin: Laboratory strain | Marker transfer: Recombinant | Assay details: PRA, ELISA tests, flow cytometry and DNA-DNA hybridization assays, quantitative real-time PCR, reporter cell lines, polymerase biochemical assays, marker transfer
HCMVUL54	X17403.1	585	S	A	foscarnet	low-level resistance	2.7	PMID:21709106,PMID:22001948	CHARMD	Source origin: Laboratory strain | Marker transfer: Recombinant | Assay details: PRA, ELISA tests, flow cytometry and DNA-DNA hybridization assays, quantitative real-time PCR, reporter cell lines, polymerase biochemical assays, marker transfer
HCMVUL54	X17403.1	585	S	A	ganciclovir	susceptible	1.5	PMID:21709106,PMID:22001948	CHARMD	Source origin: Laboratory strain | Marker transfer: Recombinant | Assay details: PRA, ELISA tests, flow cytometry and DNA-DNA hybridization assays, quantitative real-time PCR, reporter cell lines, polymerase biochemical assays, marker transfer
HCMVUL54	X17403.1	588	D	E	cidofovir	susceptible	1.1	PMID:9621055,PMID:24903568,PMID:9207351	CHARMD	Marker transfer: Recombinant | Assay details: PRA, ELISA tests, flow cytometry and DNA-DNA hybridization assays, quantitative real-time PCR, reporter cell lines, polymerase biochemical assays, marker transfer
HCMVUL54	X17403.1	588	D	E	foscarnet	low-level resistance	2.3	PMID:9621055,PMID:24903568,PMID:9207351	CHARMD	Marker transfer: Recombinant | Assay details: PRA, ELISA tests, flow cytometry and DNA-DNA hybridization assays, quantitative real-time PCR, reporter cell lines, polymerase biochemical assays, marker transfer
HCMVUL54	X17403.1	588	D	E	ganciclovir	susceptible	1.3	PMID:9621055,PMID:24903568,PMID:9207351	CHARMD	Marker transfer: Recombinant | Assay details: PRA, ELISA tests, flow cytometry and DNA-DNA hybridization assays, quantitative real-time PCR, reporter cell lines, polymerase biochemical assays, marker transfer
HCMVUL54	X17403.1	588	D	N	cidofovir	low-level resistance	2.7	PMID:15634973,PMID:24903568,PMID:23985916,PMID:11595579	CHARMD	Source origin: Clincial isolate | Marker transfer: Recombinant | Assay details: PRA, ELISA tests, flow cytometry and DNA-DNA hybridization assays, quantitative real-time PCR, reporter cell lines, polymerase biochemical assays, marker transfer | Observation: Mutation fr?quemment retrouv?e chez les patients re?evant des CS h?matopo?etiques
HCMVUL54	X17403.1	588	D	N	foscarnet	high-level resistance	9	PMID:15634973,PMID:24903568,PMID:23985916,PMID:11595579	CHARMD	Fold IC50 values: 9, 3.2-9; mean displayed | Source origin: Clincial isolate | Marker transfer: Recombinant | Assay details: PRA, ELISA tests, flow cytometry and DNA-DNA hybridization assays, quantitative real-time PCR, reporter cell lines, polymerase biochemical assays, marker transfer | Observation: Mutation fr?quemment retrouv?e chez les patients re?evant des CS h?matopo?etiques
HCMVUL54	X17403.1	588	D	N	ganciclovir	intermediate	3.8	PMID:15634973,PMID:24903568,PMID:23985916,PMID:11595579	CHARMD	Source origin: Clincial isolate | Marker transfer: Recombinant | Assay details: PRA, ELISA tests, flow cytometry and DNA-DNA hybridization assays, quantitative real-time PCR, reporter cell lines, polymerase biochemical assays, marker transfer | Observation: Mutation fr?quemment retrouv?e chez les patients re?evant des CS h?matopo?etiques
HCMVUL54	X17403.1	590	C	F	cidofovir	susceptible	1.6	PMID:37506264	CHARMD	Source origin: Clincial isolate | Marker transfer: Recombinant | Assay details: PRA, ELISA tests, flow cytometry and DNA-DNA hybridization assays, quantitative real-time PCR, reporter cell lines, polymerase biochemical assays, marker transfer
HCMVUL54	X17403.1	590	C	F	foscarnet	low-level resistance	2.3	PMID:37506264	CHARMD	Source origin: Clincial isolate | Marker transfer: Recombinant | Assay details: PRA, ELISA tests, flow cytometry and DNA-DNA hybridization assays, quantitative real-time PCR, reporter cell lines, polymerase biochemical assays, marker transfer
HCMVUL54	X17403.1	590	C	F	ganciclovir	susceptible	1.6	PMID:37506264	CHARMD	Source origin: Clincial isolate | Marker transfer: Recombinant | Assay details: PRA, ELISA tests, flow cytometry and DNA-DNA hybridization assays, quantitative real-time PCR, reporter cell lines, polymerase biochemical assays, marker transfer
HCMVUL54	X17403.1	594	D	N	cidofovir	susceptible	1	PMID:32726419	CHARMD	Source origin: Clinical Isolate
HCMVUL54	X17403.1	594	D	N	foscarnet	susceptible	1	PMID:32726419	CHARMD	Source origin: Clinical Isolate
HCMVUL54	X17403.1	594	D	N	ganciclovir	susceptible	1	PMID:32726419	CHARMD	Source origin: Clinical Isolate
HCMVUL54	X17403.1	595	F	I	cidofovir	susceptible	1.2	PMID:21709106,PMID:22001948	CHARMD	Source origin: Laboratory strain | Marker transfer: Recombinant | Assay details: PRA, ELISA tests, flow cytometry and DNA-DNA hybridization assays, quantitative real-time PCR, reporter cell lines, polymerase biochemical assays, marker transfer
HCMVUL54	X17403.1	595	F	I	foscarnet	low-level resistance	2	PMID:21709106,PMID:22001948	CHARMD	Source origin: Laboratory strain | Marker transfer: Recombinant | Assay details: PRA, ELISA tests, flow cytometry and DNA-DNA hybridization assays, quantitative real-time PCR, reporter cell lines, polymerase biochemical assays, marker transfer
HCMVUL54	X17403.1	595	F	I	ganciclovir	susceptible	1.3	PMID:21709106,PMID:22001948	CHARMD	Source origin: Laboratory strain | Marker transfer: Recombinant | Assay details: PRA, ELISA tests, flow cytometry and DNA-DNA hybridization assays, quantitative real-time PCR, reporter cell lines, polymerase biochemical assays, marker transfer
HCMVUL54	X17403.1	598	P	S	cidofovir	susceptible	1.7	PMID:41482062	CHARMD	Source origin: Laboratory strain, Clinical Isolate
HCMVUL54	X17403.1	598	P	S	foscarnet	susceptible	0.7	PMID:41482062	CHARMD	Source origin: Laboratory strain, Clinical Isolate
HCMVUL54	X17403.1	598	P	S	ganciclovir	susceptible	1.9	PMID:41482062	CHARMD	Source origin: Laboratory strain, Clinical Isolate
HCMVUL54	X17403.1	604	G	S	brincidofovir	sensitive			CHARMD	Observation: Polymorphisme naturel
HCMVUL54	X17403.1	604	G	S	cidofovir	sensitive			CHARMD	Observation: Polymorphisme naturel
HCMVUL54	X17403.1	604	G	S	cyclopropavir	sensitive			CHARMD	Observation: Polymorphisme naturel
HCMVUL54	X17403.1	604	G	S	foscarnet	sensitive			CHARMD	Observation: Polymorphisme naturel
HCMVUL54	X17403.1	604	G	S	ganciclovir	sensitive			CHARMD	Observation: Polymorphisme naturel
HCMVUL54	X17403.1	604	G	S	letermovir	sensitive			CHARMD	Observation: Polymorphisme naturel
HCMVUL54	X17403.1	604	G	S	maribavir	sensitive			CHARMD	Observation: Polymorphisme naturel
HCMVUL54	X17403.1	612	S	N	brincidofovir	sensitive			CHARMD	Observation: Polymorphisme naturel
HCMVUL54	X17403.1	612	S	N	cidofovir	sensitive			CHARMD	Observation: Polymorphisme naturel
HCMVUL54	X17403.1	612	S	N	cyclopropavir	sensitive			CHARMD	Observation: Polymorphisme naturel
HCMVUL54	X17403.1	612	S	N	foscarnet	sensitive			CHARMD	Observation: Polymorphisme naturel
HCMVUL54	X17403.1	612	S	N	ganciclovir	sensitive			CHARMD	Observation: Polymorphisme naturel
HCMVUL54	X17403.1	612	S	N	letermovir	sensitive			CHARMD	Observation: Polymorphisme naturel
HCMVUL54	X17403.1	612	S	N	maribavir	sensitive			CHARMD	Observation: Polymorphisme naturel
HCMVUL54	X17403.1	617	P	S	brincidofovir	sensitive		PMID:24273181	CHARMD	Observation: Victor trial , before any exposure
HCMVUL54	X17403.1	617	P	S	cidofovir	sensitive		PMID:24273181	CHARMD	Observation: Victor trial , before any exposure
HCMVUL54	X17403.1	617	P	S	cyclopropavir	sensitive		PMID:24273181	CHARMD	Observation: Victor trial , before any exposure
HCMVUL54	X17403.1	617	P	S	foscarnet	sensitive		PMID:24273181	CHARMD	Observation: Victor trial , before any exposure
HCMVUL54	X17403.1	617	P	S	ganciclovir	sensitive		PMID:24273181	CHARMD	Observation: Victor trial , before any exposure
HCMVUL54	X17403.1	617	P	S	letermovir	sensitive		PMID:24273181	CHARMD	Observation: Victor trial , before any exposure
HCMVUL54	X17403.1	617	P	S	maribavir	sensitive		PMID:24273181	CHARMD	Observation: Victor trial , before any exposure
HCMVUL54	X17403.1	622	I	L	brincidofovir	sensitive		PMID:20138805	CHARMD	Observation: Polymorphisme naturel
HCMVUL54	X17403.1	622	I	L	cidofovir	sensitive		PMID:20138805	CHARMD	Observation: Polymorphisme naturel
HCMVUL54	X17403.1	622	I	L	cyclopropavir	sensitive		PMID:20138805	CHARMD	Observation: Polymorphisme naturel
HCMVUL54	X17403.1	622	I	L	foscarnet	sensitive		PMID:20138805	CHARMD	Observation: Polymorphisme naturel
HCMVUL54	X17403.1	622	I	L	ganciclovir	sensitive		PMID:20138805	CHARMD	Observation: Polymorphisme naturel
HCMVUL54	X17403.1	622	I	L	letermovir	sensitive		PMID:20138805	CHARMD	Observation: Polymorphisme naturel
HCMVUL54	X17403.1	622	I	L	maribavir	sensitive		PMID:20138805	CHARMD	Observation: Polymorphisme naturel
HCMVUL54	X17403.1	626	A	V	brincidofovir	sensitive		PMID:10348781	CHARMD	Observation: Polymorphisme naturel
HCMVUL54	X17403.1	626	A	V	cidofovir	sensitive		PMID:10348781	CHARMD	Observation: Polymorphisme naturel
HCMVUL54	X17403.1	626	A	V	cyclopropavir	sensitive		PMID:10348781	CHARMD	Observation: Polymorphisme naturel
HCMVUL54	X17403.1	626	A	V	foscarnet	sensitive		PMID:10348781	CHARMD	Observation: Polymorphisme naturel
HCMVUL54	X17403.1	626	A	V	ganciclovir	sensitive		PMID:10348781	CHARMD	Observation: Polymorphisme naturel
HCMVUL54	X17403.1	626	A	V	letermovir	sensitive		PMID:10348781	CHARMD	Observation: Polymorphisme naturel
HCMVUL54	X17403.1	626	A	V	maribavir	sensitive		PMID:10348781	CHARMD	Observation: Polymorphisme naturel
HCMVUL54	X17403.1	628	P	A	brincidofovir	sensitive		PMID:24273181	CHARMD	Observation: Victor trial , before any exposure
HCMVUL54	X17403.1	628	P	A	cidofovir	sensitive		PMID:24273181	CHARMD	Observation: Victor trial , before any exposure
HCMVUL54	X17403.1	628	P	A	cyclopropavir	sensitive		PMID:24273181	CHARMD	Observation: Victor trial , before any exposure
HCMVUL54	X17403.1	628	P	A	foscarnet	sensitive		PMID:24273181	CHARMD	Observation: Victor trial , before any exposure
HCMVUL54	X17403.1	628	P	A	ganciclovir	sensitive		PMID:24273181	CHARMD	Observation: Victor trial , before any exposure
HCMVUL54	X17403.1	628	P	A	letermovir	sensitive		PMID:24273181	CHARMD	Observation: Victor trial , before any exposure
HCMVUL54	X17403.1	628	P	A	maribavir	sensitive		PMID:24273181	CHARMD	Observation: Victor trial , before any exposure
HCMVUL54	X17403.1	628	P	L	brincidofovir	sensitive		PMID:10348781	CHARMD	Observation: Polymorphisme naturel
HCMVUL54	X17403.1	628	P	L	cidofovir	sensitive		PMID:10348781	CHARMD	Observation: Polymorphisme naturel
HCMVUL54	X17403.1	628	P	L	cyclopropavir	sensitive		PMID:10348781	CHARMD	Observation: Polymorphisme naturel
HCMVUL54	X17403.1	628	P	L	foscarnet	sensitive		PMID:10348781	CHARMD	Observation: Polymorphisme naturel
HCMVUL54	X17403.1	628	P	L	ganciclovir	sensitive		PMID:10348781	CHARMD	Observation: Polymorphisme naturel
HCMVUL54	X17403.1	628	P	L	letermovir	sensitive		PMID:10348781	CHARMD	Observation: Polymorphisme naturel
HCMVUL54	X17403.1	628	P	L	maribavir	sensitive		PMID:10348781	CHARMD	Observation: Polymorphisme naturel
HCMVUL54	X17403.1	629	G	S	brincidofovir	sensitive			CHARMD	Observation: Polymorphisme naturel
HCMVUL54	X17403.1	629	G	S	cidofovir	sensitive			CHARMD	Observation: Polymorphisme naturel
HCMVUL54	X17403.1	629	G	S	cyclopropavir	sensitive			CHARMD	Observation: Polymorphisme naturel
HCMVUL54	X17403.1	629	G	S	foscarnet	sensitive			CHARMD	Observation: Polymorphisme naturel
HCMVUL54	X17403.1	629	G	S	ganciclovir	sensitive			CHARMD	Observation: Polymorphisme naturel
HCMVUL54	X17403.1	629	G	S	letermovir	sensitive			CHARMD	Observation: Polymorphisme naturel
HCMVUL54	X17403.1	629	G	S	maribavir	sensitive			CHARMD	Observation: Polymorphisme naturel
HCMVUL54	X17403.1	631	A	G	brincidofovir	sensitive		PMID:10348781	CHARMD	Observation: Polymorphisme naturel
HCMVUL54	X17403.1	631	A	G	cidofovir	sensitive		PMID:10348781	CHARMD	Observation: Polymorphisme naturel
HCMVUL54	X17403.1	631	A	G	cyclopropavir	sensitive		PMID:10348781	CHARMD	Observation: Polymorphisme naturel
HCMVUL54	X17403.1	631	A	G	foscarnet	sensitive		PMID:10348781	CHARMD	Observation: Polymorphisme naturel
HCMVUL54	X17403.1	631	A	G	ganciclovir	sensitive		PMID:10348781	CHARMD	Observation: Polymorphisme naturel
HCMVUL54	X17403.1	631	A	G	letermovir	sensitive		PMID:10348781	CHARMD	Observation: Polymorphisme naturel
HCMVUL54	X17403.1	631	A	G	maribavir	sensitive		PMID:10348781	CHARMD	Observation: Polymorphisme naturel
HCMVUL54	X17403.1	633	S	F	brincidofovir	sensitive			CHARMD	Observation: Polymorphisme naturel
HCMVUL54	X17403.1	633	S	F	cidofovir	sensitive			CHARMD	Observation: Polymorphisme naturel
HCMVUL54	X17403.1	633	S	F	cyclopropavir	sensitive			CHARMD	Observation: Polymorphisme naturel
HCMVUL54	X17403.1	633	S	F	foscarnet	sensitive			CHARMD	Observation: Polymorphisme naturel
HCMVUL54	X17403.1	633	S	F	ganciclovir	sensitive			CHARMD	Observation: Polymorphisme naturel
HCMVUL54	X17403.1	633	S	F	letermovir	sensitive			CHARMD	Observation: Polymorphisme naturel
HCMVUL54	X17403.1	633	S	F	maribavir	sensitive			CHARMD	Observation: Polymorphisme naturel
HCMVUL54	X17403.1	634	V	A	brincidofovir	sensitive		PMID:24273181	CHARMD	Observation: Victor trial , before any exposure
HCMVUL54	X17403.1	634	V	A	cidofovir	sensitive		PMID:24273181	CHARMD	Observation: Victor trial , before any exposure
HCMVUL54	X17403.1	634	V	A	cyclopropavir	sensitive		PMID:24273181	CHARMD	Observation: Victor trial , before any exposure
HCMVUL54	X17403.1	634	V	A	foscarnet	sensitive		PMID:24273181	CHARMD	Observation: Victor trial , before any exposure
HCMVUL54	X17403.1	634	V	A	ganciclovir	sensitive		PMID:24273181	CHARMD	Observation: Victor trial , before any exposure
HCMVUL54	X17403.1	634	V	A	letermovir	sensitive		PMID:24273181	CHARMD	Observation: Victor trial , before any exposure
HCMVUL54	X17403.1	634	V	A	maribavir	sensitive		PMID:24273181	CHARMD	Observation: Victor trial , before any exposure
HCMVUL54	X17403.1	636	A	T	cidofovir	susceptible	0.97		CHARMD	Observation: absence de résistance
HCMVUL54	X17403.1	636	A	T	foscarnet	susceptible	0.69		CHARMD	Observation: absence de résistance
HCMVUL54	X17403.1	640	M	R	brincidofovir	sensitive		PMID:10348781	CHARMD	Observation: Polymorphisme naturel
HCMVUL54	X17403.1	640	M	R	cidofovir	sensitive		PMID:10348781	CHARMD	Observation: Polymorphisme naturel
HCMVUL54	X17403.1	640	M	R	cyclopropavir	sensitive		PMID:10348781	CHARMD	Observation: Polymorphisme naturel
HCMVUL54	X17403.1	640	M	R	foscarnet	sensitive		PMID:10348781	CHARMD	Observation: Polymorphisme naturel
HCMVUL54	X17403.1	640	M	R	ganciclovir	sensitive		PMID:10348781	CHARMD	Observation: Polymorphisme naturel
HCMVUL54	X17403.1	640	M	R	letermovir	sensitive		PMID:10348781	CHARMD	Observation: Polymorphisme naturel
HCMVUL54	X17403.1	640	M	R	maribavir	sensitive		PMID:10348781	CHARMD	Observation: Polymorphisme naturel
HCMVUL54	X17403.1	647	A	S	brincidofovir	sensitive			CHARMD	Observation: Polymorphisme naturel
HCMVUL54	X17403.1	647	A	S	cidofovir	sensitive			CHARMD	Observation: Polymorphisme naturel
HCMVUL54	X17403.1	647	A	S	cyclopropavir	sensitive			CHARMD	Observation: Polymorphisme naturel
HCMVUL54	X17403.1	647	A	S	foscarnet	sensitive			CHARMD	Observation: Polymorphisme naturel
HCMVUL54	X17403.1	647	A	S	ganciclovir	sensitive			CHARMD	Observation: Polymorphisme naturel
HCMVUL54	X17403.1	647	A	S	letermovir	sensitive			CHARMD	Observation: Polymorphisme naturel
HCMVUL54	X17403.1	647	A	S	maribavir	sensitive			CHARMD	Observation: Polymorphisme naturel
HCMVUL54	X17403.1	651	S	E	brincidofovir	sensitive		PMID:24273181	CHARMD	Observation: Victor trial , before any exposure
HCMVUL54	X17403.1	651	S	E	cidofovir	sensitive		PMID:24273181	CHARMD	Observation: Victor trial , before any exposure
HCMVUL54	X17403.1	651	S	E	cyclopropavir	sensitive		PMID:24273181	CHARMD	Observation: Victor trial , before any exposure
HCMVUL54	X17403.1	651	S	E	foscarnet	sensitive		PMID:24273181	CHARMD	Observation: Victor trial , before any exposure
HCMVUL54	X17403.1	651	S	E	ganciclovir	sensitive		PMID:24273181	CHARMD	Observation: Victor trial , before any exposure
HCMVUL54	X17403.1	651	S	E	letermovir	sensitive		PMID:24273181	CHARMD	Observation: Victor trial , before any exposure
HCMVUL54	X17403.1	651	S	E	maribavir	sensitive		PMID:24273181	CHARMD	Observation: Victor trial , before any exposure
HCMVUL54	X17403.1	653	G	S	brincidofovir	sensitive		PMID:24273181	CHARMD	Observation: Victor trial , before any exposure
HCMVUL54	X17403.1	653	G	S	cidofovir	sensitive		PMID:24273181	CHARMD	Observation: Victor trial , before any exposure
HCMVUL54	X17403.1	653	G	S	cyclopropavir	sensitive		PMID:24273181	CHARMD	Observation: Victor trial , before any exposure
HCMVUL54	X17403.1	653	G	S	foscarnet	sensitive		PMID:24273181	CHARMD	Observation: Victor trial , before any exposure
HCMVUL54	X17403.1	653	G	S	ganciclovir	sensitive		PMID:24273181	CHARMD	Observation: Victor trial , before any exposure
HCMVUL54	X17403.1	653	G	S	letermovir	sensitive		PMID:24273181	CHARMD	Observation: Victor trial , before any exposure
HCMVUL54	X17403.1	653	G	S	maribavir	sensitive		PMID:24273181	CHARMD	Observation: Victor trial , before any exposure
HCMVUL54	X17403.1	654	V	G	cidofovir	susceptible	1.1	PMID:24273181	CHARMD	Marker transfer: Recombinant
HCMVUL54	X17403.1	654	V	G	foscarnet	susceptible	1.1	PMID:24273181	CHARMD	Marker transfer: Recombinant
HCMVUL54	X17403.1	654	V	G	ganciclovir	susceptible	1.1	PMID:24273181	CHARMD	Marker transfer: Recombinant
HCMVUL54	X17403.1	655	S	L	brincidofovir	sensitive		PMID:10348781	CHARMD	Observation: Polymorphisme naturel
HCMVUL54	X17403.1	655	S	L	cidofovir	sensitive		PMID:10348781	CHARMD	Observation: Polymorphisme naturel
HCMVUL54	X17403.1	655	S	L	cyclopropavir	sensitive		PMID:10348781	CHARMD	Observation: Polymorphisme naturel
HCMVUL54	X17403.1	655	S	L	foscarnet	sensitive		PMID:10348781	CHARMD	Observation: Polymorphisme naturel
HCMVUL54	X17403.1	655	S	L	ganciclovir	sensitive		PMID:10348781	CHARMD	Observation: Polymorphisme naturel
HCMVUL54	X17403.1	655	S	L	letermovir	sensitive		PMID:10348781	CHARMD	Observation: Polymorphisme naturel
HCMVUL54	X17403.1	655	S	L	maribavir	sensitive		PMID:10348781	CHARMD	Observation: Polymorphisme naturel
HCMVUL54	X17403.1	660	S	G	cidofovir	susceptible	0.9	PMID:24273181	CHARMD	Marker transfer: Recombinant
HCMVUL54	X17403.1	660	S	G	foscarnet	susceptible	1.1	PMID:24273181	CHARMD	Marker transfer: Recombinant
HCMVUL54	X17403.1	660	S	G	ganciclovir	susceptible	1	PMID:24273181	CHARMD	Marker transfer: Recombinant
HCMVUL54	X17403.1	660	S	N	brincidofovir	sensitive		PMID:24273181	CHARMD	Marker transfer: Recombinant | Observation: Victor trial , before any exposure, confirmed by recombinant virus
HCMVUL54	X17403.1	660	S	N	cidofovir	sensitive		PMID:24273181	CHARMD	Marker transfer: Recombinant | Observation: Victor trial , before any exposure, confirmed by recombinant virus
HCMVUL54	X17403.1	660	S	N	cyclopropavir	sensitive		PMID:24273181	CHARMD	Marker transfer: Recombinant | Observation: Victor trial , before any exposure, confirmed by recombinant virus
HCMVUL54	X17403.1	660	S	N	foscarnet	sensitive		PMID:24273181	CHARMD	Marker transfer: Recombinant | Observation: Victor trial , before any exposure, confirmed by recombinant virus
HCMVUL54	X17403.1	660	S	N	ganciclovir	sensitive		PMID:24273181	CHARMD	Marker transfer: Recombinant | Observation: Victor trial , before any exposure, confirmed by recombinant virus
HCMVUL54	X17403.1	660	S	N	letermovir	sensitive		PMID:24273181	CHARMD	Marker transfer: Recombinant | Observation: Victor trial , before any exposure, confirmed by recombinant virus
HCMVUL54	X17403.1	660	S	N	maribavir	sensitive		PMID:24273181	CHARMD	Marker transfer: Recombinant | Observation: Victor trial , before any exposure, confirmed by recombinant virus
HCMVUL54	X17403.1	663	S	N	brincidofovir	sensitive		PMID:10348781	CHARMD	Observation: Polymorphisme naturel
HCMVUL54	X17403.1	663	S	N	cidofovir	sensitive		PMID:10348781	CHARMD	Observation: Polymorphisme naturel
HCMVUL54	X17403.1	663	S	N	cyclopropavir	sensitive		PMID:10348781	CHARMD	Observation: Polymorphisme naturel
HCMVUL54	X17403.1	663	S	N	foscarnet	sensitive		PMID:10348781	CHARMD	Observation: Polymorphisme naturel
HCMVUL54	X17403.1	663	S	N	ganciclovir	sensitive		PMID:10348781	CHARMD	Observation: Polymorphisme naturel
HCMVUL54	X17403.1	663	S	N	letermovir	sensitive		PMID:10348781	CHARMD	Observation: Polymorphisme naturel
HCMVUL54	X17403.1	663	S	N	maribavir	sensitive		PMID:10348781	CHARMD	Observation: Polymorphisme naturel
HCMVUL54	X17403.1	667	G	N	cidofovir	susceptible	0.8	PMID:24273181	CHARMD	Marker transfer: Recombinant
HCMVUL54	X17403.1	667	G	N	foscarnet	susceptible	1	PMID:24273181	CHARMD	Marker transfer: Recombinant
HCMVUL54	X17403.1	667	G	N	ganciclovir	susceptible	0.9	PMID:24273181	CHARMD	Marker transfer: Recombinant
HCMVUL54	X17403.1	669	F	L	brincidofovir	sensitive		PMID:10348781	CHARMD	Observation: Polymorphisme naturel
HCMVUL54	X17403.1	669	F	L	cidofovir	sensitive		PMID:10348781	CHARMD	Observation: Polymorphisme naturel
HCMVUL54	X17403.1	669	F	L	cyclopropavir	sensitive		PMID:10348781	CHARMD	Observation: Polymorphisme naturel
HCMVUL54	X17403.1	669	F	L	foscarnet	sensitive		PMID:10348781	CHARMD	Observation: Polymorphisme naturel
HCMVUL54	X17403.1	669	F	L	ganciclovir	sensitive		PMID:10348781	CHARMD	Observation: Polymorphisme naturel
HCMVUL54	X17403.1	669	F	L	letermovir	sensitive		PMID:10348781	CHARMD	Observation: Polymorphisme naturel
HCMVUL54	X17403.1	669	F	L	maribavir	sensitive		PMID:10348781	CHARMD	Observation: Polymorphisme naturel
HCMVUL54	X17403.1	676	S	G	brincidofovir	sensitive		PMID:10348781	CHARMD	Observation: Polymorphisme naturel
HCMVUL54	X17403.1	676	S	G	cidofovir	sensitive		PMID:10348781	CHARMD	Observation: Polymorphisme naturel
HCMVUL54	X17403.1	676	S	G	cyclopropavir	sensitive		PMID:10348781	CHARMD	Observation: Polymorphisme naturel
HCMVUL54	X17403.1	676	S	G	foscarnet	sensitive		PMID:10348781	CHARMD	Observation: Polymorphisme naturel
HCMVUL54	X17403.1	676	S	G	ganciclovir	sensitive		PMID:10348781	CHARMD	Observation: Polymorphisme naturel
HCMVUL54	X17403.1	676	S	G	letermovir	sensitive		PMID:10348781	CHARMD	Observation: Polymorphisme naturel
HCMVUL54	X17403.1	676	S	G	maribavir	sensitive		PMID:10348781	CHARMD	Observation: Polymorphisme naturel
HCMVUL54	X17403.1	678	G	S	brincidofovir	sensitive		PMID:10348781	CHARMD	Observation: Polymorphisme naturel
HCMVUL54	X17403.1	678	G	S	cidofovir	sensitive		PMID:10348781	CHARMD	Observation: Polymorphisme naturel
HCMVUL54	X17403.1	678	G	S	cyclopropavir	sensitive		PMID:10348781	CHARMD	Observation: Polymorphisme naturel
HCMVUL54	X17403.1	678	G	S	foscarnet	sensitive		PMID:10348781	CHARMD	Observation: Polymorphisme naturel
HCMVUL54	X17403.1	678	G	S	ganciclovir	sensitive		PMID:10348781	CHARMD	Observation: Polymorphisme naturel
HCMVUL54	X17403.1	678	G	S	letermovir	sensitive		PMID:10348781	CHARMD	Observation: Polymorphisme naturel
HCMVUL54	X17403.1	678	G	S	maribavir	sensitive		PMID:10348781	CHARMD	Observation: Polymorphisme naturel
HCMVUL54	X17403.1	681	V	V681del	brincidofovir	sensitive			CHARMD	Observation: Polymorphisme naturel
HCMVUL54	X17403.1	681	V	V681del	cidofovir	sensitive			CHARMD	Observation: Polymorphisme naturel
HCMVUL54	X17403.1	681	V	V681del	cyclopropavir	sensitive			CHARMD	Observation: Polymorphisme naturel
HCMVUL54	X17403.1	681	V	V681del	foscarnet	sensitive			CHARMD	Observation: Polymorphisme naturel
HCMVUL54	X17403.1	681	V	V681del	ganciclovir	sensitive			CHARMD	Observation: Polymorphisme naturel
HCMVUL54	X17403.1	681	V	V681del	letermovir	sensitive			CHARMD	Observation: Polymorphisme naturel
HCMVUL54	X17403.1	681	V	V681del	maribavir	sensitive			CHARMD	Observation: Polymorphisme naturel
HCMVUL54	X17403.1	685	N	S	brincidofovir	sensitive		PMID:10348781	CHARMD	Observation: Polymorphisme naturel
HCMVUL54	X17403.1	685	N	S	cidofovir	sensitive		PMID:10348781	CHARMD	Observation: Polymorphisme naturel
HCMVUL54	X17403.1	685	N	S	cyclopropavir	sensitive		PMID:10348781	CHARMD	Observation: Polymorphisme naturel
HCMVUL54	X17403.1	685	N	S	foscarnet	sensitive		PMID:10348781	CHARMD	Observation: Polymorphisme naturel
HCMVUL54	X17403.1	685	N	S	ganciclovir	sensitive		PMID:10348781	CHARMD	Observation: Polymorphisme naturel
HCMVUL54	X17403.1	685	N	S	letermovir	sensitive		PMID:10348781	CHARMD	Observation: Polymorphisme naturel
HCMVUL54	X17403.1	685	N	S	maribavir	sensitive		PMID:10348781	CHARMD	Observation: Polymorphisme naturel
HCMVUL54	X17403.1	686	H	Y	brincidofovir	sensitive			CHARMD	Observation: Polymorphisme naturel
HCMVUL54	X17403.1	686	H	Y	cidofovir	sensitive			CHARMD	Observation: Polymorphisme naturel
HCMVUL54	X17403.1	686	H	Y	cyclopropavir	sensitive			CHARMD	Observation: Polymorphisme naturel
HCMVUL54	X17403.1	686	H	Y	foscarnet	sensitive			CHARMD	Observation: Polymorphisme naturel
HCMVUL54	X17403.1	686	H	Y	ganciclovir	sensitive			CHARMD	Observation: Polymorphisme naturel
HCMVUL54	X17403.1	686	H	Y	letermovir	sensitive			CHARMD	Observation: Polymorphisme naturel
HCMVUL54	X17403.1	686	H	Y	maribavir	sensitive			CHARMD	Observation: Polymorphisme naturel
HCMVUL54	X17403.1	688	A	V	brincidofovir	sensitive		PMID:10348781	CHARMD	Observation: Polymorphisme naturel
HCMVUL54	X17403.1	688	A	V	cidofovir	sensitive		PMID:10348781	CHARMD	Observation: Polymorphisme naturel
HCMVUL54	X17403.1	688	A	V	cyclopropavir	sensitive		PMID:10348781	CHARMD	Observation: Polymorphisme naturel
HCMVUL54	X17403.1	688	A	V	foscarnet	sensitive		PMID:10348781	CHARMD	Observation: Polymorphisme naturel
HCMVUL54	X17403.1	688	A	V	ganciclovir	sensitive		PMID:10348781	CHARMD	Observation: Polymorphisme naturel
HCMVUL54	X17403.1	688	A	V	letermovir	sensitive		PMID:10348781	CHARMD	Observation: Polymorphisme naturel
HCMVUL54	X17403.1	688	A	V	maribavir	sensitive		PMID:10348781	CHARMD	Observation: Polymorphisme naturel
HCMVUL54	X17403.1	689	G	R	brincidofovir	sensitive			CHARMD	Observation: Polymorphisme naturel
HCMVUL54	X17403.1	689	G	R	cidofovir	sensitive			CHARMD	Observation: Polymorphisme naturel
HCMVUL54	X17403.1	689	G	R	cyclopropavir	sensitive			CHARMD	Observation: Polymorphisme naturel
HCMVUL54	X17403.1	689	G	R	foscarnet	sensitive			CHARMD	Observation: Polymorphisme naturel
HCMVUL54	X17403.1	689	G	R	ganciclovir	sensitive			CHARMD	Observation: Polymorphisme naturel
HCMVUL54	X17403.1	689	G	R	letermovir	sensitive			CHARMD	Observation: Polymorphisme naturel
HCMVUL54	X17403.1	689	G	R	maribavir	sensitive			CHARMD	Observation: Polymorphisme naturel
HCMVUL54	X17403.1	691	T	A	brincidofovir	sensitive		PMID:24273181	CHARMD	Observation: Polymorphisme naturel
HCMVUL54	X17403.1	691	T	A	cidofovir	sensitive		PMID:24273181	CHARMD	Observation: Polymorphisme naturel
HCMVUL54	X17403.1	691	T	A	cyclopropavir	sensitive		PMID:24273181	CHARMD	Observation: Polymorphisme naturel
HCMVUL54	X17403.1	691	T	A	foscarnet	sensitive		PMID:24273181	CHARMD	Observation: Polymorphisme naturel
HCMVUL54	X17403.1	691	T	A	ganciclovir	sensitive		PMID:24273181	CHARMD	Observation: Polymorphisme naturel
HCMVUL54	X17403.1	691	T	A	letermovir	sensitive		PMID:24273181	CHARMD	Observation: Polymorphisme naturel
HCMVUL54	X17403.1	691	T	A	maribavir	sensitive		PMID:24273181	CHARMD	Observation: Polymorphisme naturel
HCMVUL54	X17403.1	691	T	S	brincidofovir	sensitive		PMID:24273181	CHARMD	Observation: Polymorphisme naturel
HCMVUL54	X17403.1	691	T	S	cidofovir	sensitive		PMID:24273181	CHARMD	Observation: Polymorphisme naturel
HCMVUL54	X17403.1	691	T	S	cyclopropavir	sensitive		PMID:24273181	CHARMD	Observation: Polymorphisme naturel
HCMVUL54	X17403.1	691	T	S	foscarnet	sensitive		PMID:24273181	CHARMD	Observation: Polymorphisme naturel
HCMVUL54	X17403.1	691	T	S	ganciclovir	sensitive		PMID:24273181	CHARMD	Observation: Polymorphisme naturel
HCMVUL54	X17403.1	691	T	S	letermovir	sensitive		PMID:24273181	CHARMD	Observation: Polymorphisme naturel
HCMVUL54	X17403.1	691	T	S	maribavir	sensitive		PMID:24273181	CHARMD	Observation: Polymorphisme naturel
HCMVUL54	X17403.1	692	A	F	brincidofovir	sensitive			CHARMD	Observation: Polymorphisme naturel
HCMVUL54	X17403.1	692	A	F	cidofovir	sensitive			CHARMD	Observation: Polymorphisme naturel
HCMVUL54	X17403.1	692	A	F	cyclopropavir	sensitive			CHARMD	Observation: Polymorphisme naturel
HCMVUL54	X17403.1	692	A	F	foscarnet	sensitive			CHARMD	Observation: Polymorphisme naturel
HCMVUL54	X17403.1	692	A	F	ganciclovir	sensitive			CHARMD	Observation: Polymorphisme naturel
HCMVUL54	X17403.1	692	A	F	letermovir	sensitive			CHARMD	Observation: Polymorphisme naturel
HCMVUL54	X17403.1	692	A	F	maribavir	sensitive			CHARMD	Observation: Polymorphisme naturel
HCMVUL54	X17403.1	692	A	G	cidofovir	susceptible	0.9	PMID:24273181	CHARMD	Marker transfer: Recombinant
HCMVUL54	X17403.1	692	A	G	foscarnet	susceptible	1	PMID:24273181	CHARMD	Marker transfer: Recombinant
HCMVUL54	X17403.1	692	A	G	ganciclovir	susceptible	0.8	PMID:24273181	CHARMD	Marker transfer: Recombinant
HCMVUL54	X17403.1	692	A	S	brincidofovir	sensitive		PMID:24273181	CHARMD	Observation: Polymorphisme naturel
HCMVUL54	X17403.1	692	A	S	cidofovir	sensitive		PMID:24273181	CHARMD	Observation: Polymorphisme naturel
HCMVUL54	X17403.1	692	A	S	cyclopropavir	sensitive		PMID:24273181	CHARMD	Observation: Polymorphisme naturel
HCMVUL54	X17403.1	692	A	S	foscarnet	sensitive		PMID:24273181	CHARMD	Observation: Polymorphisme naturel
HCMVUL54	X17403.1	692	A	S	ganciclovir	sensitive		PMID:24273181	CHARMD	Observation: Polymorphisme naturel
HCMVUL54	X17403.1	692	A	S	letermovir	sensitive		PMID:24273181	CHARMD	Observation: Polymorphisme naturel
HCMVUL54	X17403.1	692	A	S	maribavir	sensitive		PMID:24273181	CHARMD	Observation: Polymorphisme naturel
HCMVUL54	X17403.1	692	A	V	brincidofovir	sensitive		PMID:24273181	CHARMD	Observation: Polymorphisme naturel
HCMVUL54	X17403.1	692	A	V	cidofovir	sensitive		PMID:24273181	CHARMD	Observation: Polymorphisme naturel
HCMVUL54	X17403.1	692	A	V	cyclopropavir	sensitive		PMID:24273181	CHARMD	Observation: Polymorphisme naturel
HCMVUL54	X17403.1	692	A	V	foscarnet	sensitive		PMID:24273181	CHARMD	Observation: Polymorphisme naturel
HCMVUL54	X17403.1	692	A	V	ganciclovir	sensitive		PMID:24273181	CHARMD	Observation: Polymorphisme naturel
HCMVUL54	X17403.1	692	A	V	letermovir	sensitive		PMID:24273181	CHARMD	Observation: Polymorphisme naturel
HCMVUL54	X17403.1	692	A	V	maribavir	sensitive		PMID:24273181	CHARMD	Observation: Polymorphisme naturel
HCMVUL54	X17403.1	693	A	T	brincidofovir	sensitive		PMID:10348781	CHARMD	Observation: Polymorphisme naturel
HCMVUL54	X17403.1	693	A	T	cidofovir	sensitive		PMID:10348781	CHARMD	Observation: Polymorphisme naturel
HCMVUL54	X17403.1	693	A	T	cyclopropavir	sensitive		PMID:10348781	CHARMD	Observation: Polymorphisme naturel
HCMVUL54	X17403.1	693	A	T	foscarnet	sensitive		PMID:10348781	CHARMD	Observation: Polymorphisme naturel
HCMVUL54	X17403.1	693	A	T	ganciclovir	sensitive		PMID:10348781	CHARMD	Observation: Polymorphisme naturel
HCMVUL54	X17403.1	693	A	T	letermovir	sensitive		PMID:10348781	CHARMD	Observation: Polymorphisme naturel
HCMVUL54	X17403.1	693	A	T	maribavir	sensitive		PMID:10348781	CHARMD	Observation: Polymorphisme naturel
HCMVUL54	X17403.1	695	S	T	brincidofovir	sensitive			CHARMD	Observation: Polymorphisme naturel
HCMVUL54	X17403.1	695	S	T	cidofovir	sensitive			CHARMD	Observation: Polymorphisme naturel
HCMVUL54	X17403.1	695	S	T	cyclopropavir	sensitive			CHARMD	Observation: Polymorphisme naturel
HCMVUL54	X17403.1	695	S	T	foscarnet	sensitive			CHARMD	Observation: Polymorphisme naturel
HCMVUL54	X17403.1	695	S	T	ganciclovir	sensitive			CHARMD	Observation: Polymorphisme naturel
HCMVUL54	X17403.1	695	S	T	letermovir	sensitive			CHARMD	Observation: Polymorphisme naturel
HCMVUL54	X17403.1	695	S	T	maribavir	sensitive			CHARMD	Observation: Polymorphisme naturel
HCMVUL54	X17403.1	697	Q	H	brincidofovir	sensitive		PMID:10348781	CHARMD	Observation: Polymorphisme naturel
HCMVUL54	X17403.1	697	Q	H	cidofovir	sensitive		PMID:10348781	CHARMD	Observation: Polymorphisme naturel
HCMVUL54	X17403.1	697	Q	H	cyclopropavir	sensitive		PMID:10348781	CHARMD	Observation: Polymorphisme naturel
HCMVUL54	X17403.1	697	Q	H	foscarnet	sensitive		PMID:10348781	CHARMD	Observation: Polymorphisme naturel
HCMVUL54	X17403.1	697	Q	H	ganciclovir	sensitive		PMID:10348781	CHARMD	Observation: Polymorphisme naturel
HCMVUL54	X17403.1	697	Q	H	letermovir	sensitive		PMID:10348781	CHARMD	Observation: Polymorphisme naturel
HCMVUL54	X17403.1	697	Q	H	maribavir	sensitive		PMID:10348781	CHARMD	Observation: Polymorphisme naturel
HCMVUL54	X17403.1	700	T	A	cidofovir	susceptible	1.5	PMID:9621055,PMID:24903568,PMID:25405808,PMID:9129070,PMID:8627655	CHARMD	Source origin: Clincial isolate | Marker transfer: Recombinant | Assay details: PRA, ELISA tests, flow cytometry and DNA-DNA hybridization assays, quantitative real-time PCR, reporter cell lines, polymerase biochemical assays, marker transfer | Observation: Mutation fr?quemment retrouv?e chez les patients re?evant des CS h?matopo?etiques
HCMVUL54	X17403.1	700	T	A	foscarnet	intermediate	4.7	PMID:9621055,PMID:24903568,PMID:25405808,PMID:9129070,PMID:8627655	CHARMD	Source origin: Clincial isolate | Marker transfer: Recombinant | Assay details: PRA, ELISA tests, flow cytometry and DNA-DNA hybridization assays, quantitative real-time PCR, reporter cell lines, polymerase biochemical assays, marker transfer | Observation: Mutation fr?quemment retrouv?e chez les patients re?evant des CS h?matopo?etiques
HCMVUL54	X17403.1	700	T	A	ganciclovir	susceptible	0.9	PMID:9621055,PMID:24903568,PMID:25405808,PMID:9129070,PMID:8627655	CHARMD	Source origin: Clincial isolate | Marker transfer: Recombinant | Assay details: PRA, ELISA tests, flow cytometry and DNA-DNA hybridization assays, quantitative real-time PCR, reporter cell lines, polymerase biochemical assays, marker transfer | Observation: Mutation fr?quemment retrouv?e chez les patients re?evant des CS h?matopo?etiques
HCMVUL54	X17403.1	715	V	A	cidofovir	susceptible	0.47	PMID:27058773	CHARMD	Source origin: Clincial isolate | Marker transfer: Recombinant | Assay details: PRA, ELISA tests, flow cytometry and DNA-DNA hybridization assays, quantitative real-time PCR, reporter cell lines, polymerase biochemical assays, marker transfer
HCMVUL54	X17403.1	715	V	A	foscarnet	low-level resistance	2.5	PMID:27058773	CHARMD	Source origin: Clincial isolate | Marker transfer: Recombinant | Assay details: PRA, ELISA tests, flow cytometry and DNA-DNA hybridization assays, quantitative real-time PCR, reporter cell lines, polymerase biochemical assays, marker transfer
HCMVUL54	X17403.1	715	V	A	ganciclovir	susceptible	1.77	PMID:27058773	CHARMD	Source origin: Clincial isolate | Marker transfer: Recombinant | Assay details: PRA, ELISA tests, flow cytometry and DNA-DNA hybridization assays, quantitative real-time PCR, reporter cell lines, polymerase biochemical assays, marker transfer
HCMVUL54	X17403.1	715	V	M	cidofovir	susceptible	1.1	PMID:8627655,PMID:24903568,PMID:12198609,PMID:23375740,PMID:23668613,PMID:26098499,PMID:9621055,PMID:12599051	CHARMD	Source origin: Clincial isolate | Marker transfer: Recombinant | Assay details: PRA, ELISA tests, flow cytometry and DNA-DNA hybridization assays, quantitative real-time PCR, reporter cell lines, polymerase biochemical assays, marker transfer | Observation: Mutation fr?quemment retrouv?e chez les patients re?evant des CS h?matopo?etiques
HCMVUL54	X17403.1	715	V	M	foscarnet	high-level resistance	5.5	PMID:8627655,PMID:24903568,PMID:12198609,PMID:23375740,PMID:23668613,PMID:26098499,PMID:9621055,PMID:12599051	CHARMD	Source origin: Clincial isolate | Marker transfer: Recombinant | Assay details: PRA, ELISA tests, flow cytometry and DNA-DNA hybridization assays, quantitative real-time PCR, reporter cell lines, polymerase biochemical assays, marker transfer | Observation: Mutation fr?quemment retrouv?e chez les patients re?evant des CS h?matopo?etiques
HCMVUL54	X17403.1	715	V	M	ganciclovir	susceptible	1	PMID:8627655,PMID:24903568,PMID:12198609,PMID:23375740,PMID:23668613,PMID:26098499,PMID:9621055,PMID:12599051	CHARMD	Source origin: Clincial isolate | Marker transfer: Recombinant | Assay details: PRA, ELISA tests, flow cytometry and DNA-DNA hybridization assays, quantitative real-time PCR, reporter cell lines, polymerase biochemical assays, marker transfer | Observation: Mutation fr?quemment retrouv?e chez les patients re?evant des CS h?matopo?etiques
HCMVUL54	X17403.1	722	I	V	brincidofovir	sensitive			CHARMD	Observation: Polymorphisme naturel
HCMVUL54	X17403.1	722	I	V	cidofovir	sensitive			CHARMD	Observation: Polymorphisme naturel
HCMVUL54	X17403.1	722	I	V	cyclopropavir	sensitive			CHARMD	Observation: Polymorphisme naturel
HCMVUL54	X17403.1	722	I	V	foscarnet	sensitive			CHARMD	Observation: Polymorphisme naturel
HCMVUL54	X17403.1	722	I	V	ganciclovir	sensitive			CHARMD	Observation: Polymorphisme naturel
HCMVUL54	X17403.1	722	I	V	letermovir	sensitive			CHARMD	Observation: Polymorphisme naturel
HCMVUL54	X17403.1	722	I	V	maribavir	sensitive			CHARMD	Observation: Polymorphisme naturel
HCMVUL54	X17403.1	726	I	T	cidofovir	susceptible	1.7	PMID:24273181	CHARMD	Source origin: Clincial isolate | Marker transfer: Recombinant | Assay details: PRA, ELISA tests, flow cytometry and DNA-DNA hybridization assays, quantitative real-time PCR, reporter cell lines, polymerase biochemical assays, marker transfer
HCMVUL54	X17403.1	726	I	T	foscarnet	susceptible	1.1	PMID:24273181	CHARMD	Source origin: Clincial isolate | Marker transfer: Recombinant | Assay details: PRA, ELISA tests, flow cytometry and DNA-DNA hybridization assays, quantitative real-time PCR, reporter cell lines, polymerase biochemical assays, marker transfer
HCMVUL54	X17403.1	726	I	T	ganciclovir	low-level resistance	2	PMID:24273181	CHARMD	Source origin: Clincial isolate | Marker transfer: Recombinant | Assay details: PRA, ELISA tests, flow cytometry and DNA-DNA hybridization assays, quantitative real-time PCR, reporter cell lines, polymerase biochemical assays, marker transfer
HCMVUL54	X17403.1	726	I	V	cidofovir	susceptible	1.9	PMID:24273181	CHARMD	Source origin: Clincial isolate | Marker transfer: Recombinant | Assay details: PRA, ELISA tests, flow cytometry and DNA-DNA hybridization assays, quantitative real-time PCR, reporter cell lines, polymerase biochemical assays, marker transfer
HCMVUL54	X17403.1	726	I	V	foscarnet	susceptible	1.2	PMID:24273181	CHARMD	Source origin: Clincial isolate | Marker transfer: Recombinant | Assay details: PRA, ELISA tests, flow cytometry and DNA-DNA hybridization assays, quantitative real-time PCR, reporter cell lines, polymerase biochemical assays, marker transfer
HCMVUL54	X17403.1	726	I	V	ganciclovir	susceptible	1.9	PMID:24273181	CHARMD	Source origin: Clincial isolate | Marker transfer: Recombinant | Assay details: PRA, ELISA tests, flow cytometry and DNA-DNA hybridization assays, quantitative real-time PCR, reporter cell lines, polymerase biochemical assays, marker transfer
HCMVUL54	X17403.1	737	L	M	brincidofovir	sensitive			CHARMD	Observation: Polymorphisme naturel
HCMVUL54	X17403.1	737	L	M	cidofovir	sensitive			CHARMD	Observation: Polymorphisme naturel
HCMVUL54	X17403.1	737	L	M	cyclopropavir	sensitive			CHARMD	Observation: Polymorphisme naturel
HCMVUL54	X17403.1	737	L	M	foscarnet	sensitive			CHARMD	Observation: Polymorphisme naturel
HCMVUL54	X17403.1	737	L	M	ganciclovir	sensitive			CHARMD	Observation: Polymorphisme naturel
HCMVUL54	X17403.1	737	L	M	letermovir	sensitive			CHARMD	Observation: Polymorphisme naturel
HCMVUL54	X17403.1	737	L	M	maribavir	sensitive			CHARMD	Observation: Polymorphisme naturel
HCMVUL54	X17403.1	756	E	D	cidofovir	susceptible	0.7	PMID:12825168,PMID:24903568,PMID:9129070	CHARMD	Source origin: Clincial isolate | Marker transfer: Recombinant | Assay details: PRA, ELISA tests, flow cytometry and DNA-DNA hybridization assays, quantitative real-time PCR, reporter cell lines, polymerase biochemical assays, marker transfer
HCMVUL54	X17403.1	756	E	D	foscarnet	intermediate	3.4	PMID:12825168,PMID:24903568,PMID:9129070	CHARMD	Source origin: Clincial isolate | Marker transfer: Recombinant | Assay details: PRA, ELISA tests, flow cytometry and DNA-DNA hybridization assays, quantitative real-time PCR, reporter cell lines, polymerase biochemical assays, marker transfer
HCMVUL54	X17403.1	756	E	D	ganciclovir	susceptible	1.2	PMID:12825168,PMID:24903568,PMID:9129070	CHARMD	Source origin: Clincial isolate | Marker transfer: Recombinant | Assay details: PRA, ELISA tests, flow cytometry and DNA-DNA hybridization assays, quantitative real-time PCR, reporter cell lines, polymerase biochemical assays, marker transfer
HCMVUL54	X17403.1	756	E	K	cidofovir	low-level resistance	2.2	PMID:12825168,PMID:25143583,PMID:24621186,PMID:11595579	CHARMD	Source origin: Clincial isolate | Marker transfer: Recombinant | Assay details: PRA, ELISA tests, flow cytometry and DNA-DNA hybridization assays, quantitative real-time PCR, reporter cell lines, polymerase biochemical assays, marker transfer | Observation: Mutation fr?quemment retrouv?e chez les patients re?evant des CS h?matopo?etiques
HCMVUL54	X17403.1	756	E	K	foscarnet	high-level resistance	8	PMID:12825168,PMID:25143583,PMID:24621186,PMID:11595579	CHARMD	Fold IC50 values: 8, >8; mean displayed | Source origin: Clincial isolate | Marker transfer: Recombinant | Assay details: PRA, ELISA tests, flow cytometry and DNA-DNA hybridization assays, quantitative real-time PCR, reporter cell lines, polymerase biochemical assays, marker transfer | Observation: Mutation fr?quemment retrouv?e chez les patients re?evant des CS h?matopo?etiques
HCMVUL54	X17403.1	756	E	K	ganciclovir	low-level resistance	2.5	PMID:12825168,PMID:25143583,PMID:24621186,PMID:11595579	CHARMD	Source origin: Clincial isolate | Marker transfer: Recombinant | Assay details: PRA, ELISA tests, flow cytometry and DNA-DNA hybridization assays, quantitative real-time PCR, reporter cell lines, polymerase biochemical assays, marker transfer | Observation: Mutation fr?quemment retrouv?e chez les patients re?evant des CS h?matopo?etiques
HCMVUL54	X17403.1	756	E	Q	cidofovir	susceptible	1	PMID:12599051	CHARMD	Source origin: Clincial isolate | Marker transfer: Recombinant | Assay details: PRA, ELISA tests, flow cytometry and DNA-DNA hybridization assays, quantitative real-time PCR, reporter cell lines, polymerase biochemical assays, marker transfer
HCMVUL54	X17403.1	756	E	Q	foscarnet	intermediate	4.3	PMID:12599051	CHARMD	Source origin: Clincial isolate | Marker transfer: Recombinant | Assay details: PRA, ELISA tests, flow cytometry and DNA-DNA hybridization assays, quantitative real-time PCR, reporter cell lines, polymerase biochemical assays, marker transfer
HCMVUL54	X17403.1	756	E	Q	ganciclovir	susceptible	1.7	PMID:12599051	CHARMD	Source origin: Clincial isolate | Marker transfer: Recombinant | Assay details: PRA, ELISA tests, flow cytometry and DNA-DNA hybridization assays, quantitative real-time PCR, reporter cell lines, polymerase biochemical assays, marker transfer
HCMVUL54	X17403.1	759	V	M	brincidofovir	sensitive			CHARMD	Observation: Polymorphisme naturel
HCMVUL54	X17403.1	759	V	M	cidofovir	sensitive			CHARMD	Observation: Polymorphisme naturel
HCMVUL54	X17403.1	759	V	M	cyclopropavir	sensitive			CHARMD	Observation: Polymorphisme naturel
HCMVUL54	X17403.1	759	V	M	foscarnet	sensitive			CHARMD	Observation: Polymorphisme naturel
HCMVUL54	X17403.1	759	V	M	ganciclovir	sensitive			CHARMD	Observation: Polymorphisme naturel
HCMVUL54	X17403.1	759	V	M	letermovir	sensitive			CHARMD	Observation: Polymorphisme naturel
HCMVUL54	X17403.1	759	V	M	maribavir	sensitive			CHARMD	Observation: Polymorphisme naturel
HCMVUL54	X17403.1	773	L	V	cidofovir	low-level resistance	2.5	PMID:24890586	CHARMD	Source origin: Clincial isolate | Marker transfer: Recombinant | Assay details: PRA, ELISA tests, flow cytometry and DNA-DNA hybridization assays, quantitative real-time PCR, reporter cell lines, polymerase biochemical assays, marker transfer | Observation: Mutation fr?quemment retrouv?e chez les patients re?evant des CS h?matopo?etiques
HCMVUL54	X17403.1	773	L	V	foscarnet	intermediate	4.4	PMID:24890586	CHARMD	Source origin: Clincial isolate | Marker transfer: Recombinant | Assay details: PRA, ELISA tests, flow cytometry and DNA-DNA hybridization assays, quantitative real-time PCR, reporter cell lines, polymerase biochemical assays, marker transfer | Observation: Mutation fr?quemment retrouv?e chez les patients re?evant des CS h?matopo?etiques
HCMVUL54	X17403.1	773	L	V	ganciclovir	intermediate	3	PMID:24890586	CHARMD	Source origin: Clincial isolate | Marker transfer: Recombinant | Assay details: PRA, ELISA tests, flow cytometry and DNA-DNA hybridization assays, quantitative real-time PCR, reporter cell lines, polymerase biochemical assays, marker transfer | Observation: Mutation fr?quemment retrouv?e chez les patients re?evant des CS h?matopo?etiques
HCMVUL54	X17403.1	776	L	M	cidofovir	susceptible	1	PMID:18419454,PMID:24903568	CHARMD	Source origin: Clincial isolate | Marker transfer: Recombinant | Assay details: PRA, ELISA tests, flow cytometry and DNA-DNA hybridization assays, quantitative real-time PCR, reporter cell lines, polymerase biochemical assays, marker transfer | Observation: Mutation fr?quemment retrouv?e chez les patients re?evant des CS h?matopo?etiques
HCMVUL54	X17403.1	776	L	M	foscarnet	intermediate	3.5	PMID:18419454,PMID:24903568	CHARMD	Source origin: Clincial isolate | Marker transfer: Recombinant | Assay details: PRA, ELISA tests, flow cytometry and DNA-DNA hybridization assays, quantitative real-time PCR, reporter cell lines, polymerase biochemical assays, marker transfer | Observation: Mutation fr?quemment retrouv?e chez les patients re?evant des CS h?matopo?etiques
HCMVUL54	X17403.1	776	L	M	ganciclovir	low-level resistance	2.5	PMID:18419454,PMID:24903568	CHARMD	Source origin: Clincial isolate | Marker transfer: Recombinant | Assay details: PRA, ELISA tests, flow cytometry and DNA-DNA hybridization assays, quantitative real-time PCR, reporter cell lines, polymerase biochemical assays, marker transfer | Observation: Mutation fr?quemment retrouv?e chez les patients re?evant des CS h?matopo?etiques
HCMVUL54	X17403.1	781	V	I	cidofovir	susceptible	1.2	PMID:9621055,PMID:11595579,PMID:11704031,PMID:9207351,PMID:24890586,PMID:12599051	CHARMD	Source origin: Clincial isolate | Marker transfer: Recombinant | Assay details: PRA, ELISA tests, flow cytometry and DNA-DNA hybridization assays, quantitative real-time PCR, reporter cell lines, polymerase biochemical assays, marker transfer | Observation: Mutation fr?quemment retrouv?e chez les patients re?evant des CS h?matopo?etiques IS50 =1 ? 5
HCMVUL54	X17403.1	781	V	I	foscarnet	high-level resistance	5.2	PMID:9621055,PMID:11595579,PMID:11704031,PMID:9207351,PMID:24890586,PMID:12599051	CHARMD	Fold IC50 values: 5.2, 4-5.2; mean displayed | Source origin: Clincial isolate | Marker transfer: Recombinant | Assay details: PRA, ELISA tests, flow cytometry and DNA-DNA hybridization assays, quantitative real-time PCR, reporter cell lines, polymerase biochemical assays, marker transfer | Observation: Mutation fr?quemment retrouv?e chez les patients re?evant des CS h?matopo?etiques IS50 =1 ? 6
HCMVUL54	X17403.1	781	V	I	ganciclovir	intermediate	4	PMID:9621055,PMID:11595579,PMID:11704031,PMID:9207351,PMID:24890586,PMID:12599051	CHARMD	Fold IC50 values: 4, 1-4; mean displayed | Source origin: Clincial isolate | Marker transfer: Recombinant | Assay details: PRA, ELISA tests, flow cytometry and DNA-DNA hybridization assays, quantitative real-time PCR, reporter cell lines, polymerase biochemical assays, marker transfer | Observation: Mutation fr?quemment retrouv?e chez les patients re?evant des CS h?matopo?etiques IS50 =1 ? 4
HCMVUL54	X17403.1	783	Q	R	cidofovir	susceptible	0.9	PMID:27940027	CHARMD	Fold IC50 values: 0.9, 0.9; mean displayed | Source origin: Laboratory strain, Clinical Isolate
HCMVUL54	X17403.1	783	Q	R	foscarnet	susceptible	1.7	PMID:27940027	CHARMD	Fold IC50 values: 1.7, 1.7; mean displayed | Source origin: Laboratory strain, Clinical Isolate
HCMVUL54	X17403.1	783	Q	R	ganciclovir	susceptible	1.55	PMID:27940027	CHARMD	Fold IC50 values: 1.8, 1.3; mean displayed | Source origin: Laboratory strain, Clinical Isolate
HCMVUL54	X17403.1	786	A	P	brincidofovir	sensitive			CHARMD	Observation: Polymorphisme naturel
HCMVUL54	X17403.1	786	A	P	cidofovir	sensitive			CHARMD	Observation: Polymorphisme naturel
HCMVUL54	X17403.1	786	A	P	cyclopropavir	sensitive			CHARMD	Observation: Polymorphisme naturel
HCMVUL54	X17403.1	786	A	P	foscarnet	sensitive			CHARMD	Observation: Polymorphisme naturel
HCMVUL54	X17403.1	786	A	P	ganciclovir	sensitive			CHARMD	Observation: Polymorphisme naturel
HCMVUL54	X17403.1	786	A	P	letermovir	sensitive			CHARMD	Observation: Polymorphisme naturel
HCMVUL54	X17403.1	786	A	P	maribavir	sensitive			CHARMD	Observation: Polymorphisme naturel
HCMVUL54	X17403.1	786	A	V	cidofovir	susceptible	1	PMID:41482062	CHARMD	Source origin: Clinical Isolate
HCMVUL54	X17403.1	786	A	V	foscarnet	susceptible	1.1	PMID:41482062	CHARMD	Source origin: Clinical Isolate
HCMVUL54	X17403.1	786	A	V	ganciclovir	susceptible	1	PMID:41482062	CHARMD	Source origin: Clinical Isolate
HCMVUL54	X17403.1	787	V	A	cidofovir			PMID:23668613	CHARMD	Source origin: Clincial isolate | Assay details: PRA, ELISA tests, flow cytometry and DNA-DNA hybridization assays, quantitative real-time PCR, reporter cell lines, polymerase biochemical assays, marker transfer
HCMVUL54	X17403.1	787	V	A	foscarnet	intermediate	3.5	PMID:23668613	CHARMD	Source origin: Clincial isolate | Assay details: PRA, ELISA tests, flow cytometry and DNA-DNA hybridization assays, quantitative real-time PCR, reporter cell lines, polymerase biochemical assays, marker transfer
HCMVUL54	X17403.1	787	V	A	ganciclovir	low-level resistance	2.5	PMID:23668613	CHARMD	Source origin: Clincial isolate | Assay details: PRA, ELISA tests, flow cytometry and DNA-DNA hybridization assays, quantitative real-time PCR, reporter cell lines, polymerase biochemical assays, marker transfer
HCMVUL54	X17403.1	787	V	E	cidofovir	low-level resistance	2.9	PMID:31199457	CHARMD	Source origin: Clincial isolate | Assay details: Gaussia Luciferase Reporter-Based Assay
HCMVUL54	X17403.1	787	V	E	foscarnet	intermediate	3.4	PMID:31199457	CHARMD	Source origin: Clincial isolate | Assay details: Gaussia Luciferase Reporter-Based Assay
HCMVUL54	X17403.1	787	V	E	ganciclovir	high-level resistance	8.6	PMID:31199457	CHARMD	Source origin: Clincial isolate | Assay details: Gaussia Luciferase Reporter-Based Assay
HCMVUL54	X17403.1	787	V	L	cidofovir	susceptible	1	PMID:12599051,PMID:21709106,PMID:11704032	CHARMD	Source origin: Clincial isolate | Marker transfer: Recombinant | Assay details: PRA, ELISA tests, flow cytometry and DNA-DNA hybridization assays, quantitative real-time PCR, reporter cell lines, polymerase biochemical assays, marker transfer
HCMVUL54	X17403.1	787	V	L	foscarnet	intermediate	4.1	PMID:12599051,PMID:21709106,PMID:11704033	CHARMD	Source origin: Clincial isolate | Marker transfer: Recombinant | Assay details: PRA, ELISA tests, flow cytometry and DNA-DNA hybridization assays, quantitative real-time PCR, reporter cell lines, polymerase biochemical assays, marker transfer
HCMVUL54	X17403.1	787	V	L	ganciclovir	low-level resistance	2.4	PMID:12599051,PMID:21709106,PMID:11704031	CHARMD	Source origin: Clincial isolate | Marker transfer: Recombinant | Assay details: PRA, ELISA tests, flow cytometry and DNA-DNA hybridization assays, quantitative real-time PCR, reporter cell lines, polymerase biochemical assays, marker transfer
HCMVUL54	X17403.1	792	R	S	brincidofovir	sensitive			CHARMD	Observation: Polymorphisme naturel
HCMVUL54	X17403.1	792	R	S	cidofovir	sensitive			CHARMD	Observation: Polymorphisme naturel
HCMVUL54	X17403.1	792	R	S	cyclopropavir	sensitive			CHARMD	Observation: Polymorphisme naturel
HCMVUL54	X17403.1	792	R	S	foscarnet	sensitive			CHARMD	Observation: Polymorphisme naturel
HCMVUL54	X17403.1	792	R	S	ganciclovir	sensitive			CHARMD	Observation: Polymorphisme naturel
HCMVUL54	X17403.1	792	R	S	letermovir	sensitive			CHARMD	Observation: Polymorphisme naturel
HCMVUL54	X17403.1	792	R	S	maribavir	sensitive			CHARMD	Observation: Polymorphisme naturel
HCMVUL54	X17403.1	793	E	V	cidofovir	susceptible	0.7	PMID:24273181	CHARMD	Marker transfer: Recombinant
HCMVUL54	X17403.1	793	E	V	foscarnet	susceptible	1.1	PMID:24273181	CHARMD	Marker transfer: Recombinant
HCMVUL54	X17403.1	793	E	V	ganciclovir	susceptible	0.9	PMID:24273181	CHARMD	Marker transfer: Recombinant
HCMVUL54	X17403.1	795	Q	P	cidofovir	susceptible	0.9	PMID:24273181	CHARMD	Marker transfer: Recombinant
HCMVUL54	X17403.1	795	Q	P	foscarnet	susceptible	1.1	PMID:24273181	CHARMD	Marker transfer: Recombinant
HCMVUL54	X17403.1	795	Q	P	ganciclovir	susceptible	0.9	PMID:24273181	CHARMD	Marker transfer: Recombinant
HCMVUL54	X17403.1	795	Q	R	cidofovir	susceptible	0.9	PMID:24273181	CHARMD	Marker transfer: Recombinant
HCMVUL54	X17403.1	795	Q	R	foscarnet	susceptible	0.9	PMID:24273181	CHARMD	Marker transfer: Recombinant
HCMVUL54	X17403.1	795	Q	R	ganciclovir	susceptible	1	PMID:24273181	CHARMD	Marker transfer: Recombinant
HCMVUL54	X17403.1	798	V	A	cidofovir	susceptible	1.05	PMID:27940027	CHARMD	Fold IC50 values: 1, 1.1; mean displayed | Source origin: Laboratory strain
HCMVUL54	X17403.1	798	V	A	foscarnet	susceptible	1.75	PMID:27940027	CHARMD	Fold IC50 values: 1.7, 1.8; mean displayed | Source origin: Laboratory strain
HCMVUL54	X17403.1	798	V	A	ganciclovir	susceptible	1.5	PMID:27940027	CHARMD	Fold IC50 values: 1.5, 1.5; mean displayed | Source origin: Laboratory strain
HCMVUL54	X17403.1	800	R	C	brincidofovir	sensitive		PMID:24273181	CHARMD	Observation: Victor trial , before any exposure
HCMVUL54	X17403.1	800	R	C	cidofovir	sensitive		PMID:24273181	CHARMD	Observation: Victor trial , before any exposure
HCMVUL54	X17403.1	800	R	C	cyclopropavir	sensitive		PMID:24273181	CHARMD	Observation: Victor trial , before any exposure
HCMVUL54	X17403.1	800	R	C	foscarnet	sensitive		PMID:24273181	CHARMD	Observation: Victor trial , before any exposure
HCMVUL54	X17403.1	800	R	C	ganciclovir	sensitive		PMID:24273181	CHARMD	Observation: Victor trial , before any exposure
HCMVUL54	X17403.1	800	R	C	letermovir	sensitive		PMID:24273181	CHARMD	Observation: Victor trial , before any exposure
HCMVUL54	X17403.1	800	R	C	maribavir	sensitive		PMID:24273181	CHARMD	Observation: Victor trial , before any exposure
HCMVUL54	X17403.1	802	L	M	cidofovir	susceptible	1.8	PMID:9291334,PMID:11595579,PMID:11050017,PMID:23985916,PMID:20961907,PMID:15634973,PMID:9207351,PMID:9621055,PMID:21709106	CHARMD	Fold IC50 values: 1.8, 0.9-1.8; mean displayed | Source origin: Clincial isolate | Marker transfer: Recombinant | Assay details: PRA, ELISA tests, flow cytometry and DNA-DNA hybridization assays, quantitative real-time PCR, reporter cell lines, polymerase biochemical assays, marker transfer | Observation: Mutation fr?quemment retrouv?e chez les patients re?evant des CS h?matopo?etiques IS50 = 1.1-3.6
HCMVUL54	X17403.1	802	L	M	foscarnet	high-level resistance	10.8	PMID:9291334,PMID:11595579,PMID:11050017,PMID:23985916,PMID:20961907,PMID:15634973,PMID:9207351,PMID:9621055,PMID:21709106	CHARMD	Fold IC50 values: 10.8, 3.2-10.8; mean displayed | Source origin: Clincial isolate | Marker transfer: Recombinant | Assay details: PRA, ELISA tests, flow cytometry and DNA-DNA hybridization assays, quantitative real-time PCR, reporter cell lines, polymerase biochemical assays, marker transfer | Observation: Mutation fr?quemment retrouv?e chez les patients re?evant des CS h?matopo?etiques IS50 = 1.1-3.7
HCMVUL54	X17403.1	802	L	M	ganciclovir	intermediate	3.5	PMID:9291334,PMID:11595579,PMID:11050017,PMID:23985916,PMID:20961907,PMID:15634973,PMID:9207351,PMID:9621055,PMID:21709106	CHARMD	Fold IC50 values: 3.5, 1.1-3.5; mean displayed | Source origin: Clincial isolate | Marker transfer: Recombinant | Assay details: PRA, ELISA tests, flow cytometry and DNA-DNA hybridization assays, quantitative real-time PCR, reporter cell lines, polymerase biochemical assays, marker transfer | Observation: Mutation fr?quemment retrouv?e chez les patients re?evant des CS h?matopo?etiques IS50 = 1.1-3.5
HCMVUL54	X17403.1	802	L	V	cidofovir	susceptible	1.1	PMID:21709106,PMID:22001948	CHARMD	Marker transfer: Recombinant | Assay details: PRA, ELISA tests, flow cytometry and DNA-DNA hybridization assays, quantitative real-time PCR, reporter cell lines, polymerase biochemical assays, marker transfer
HCMVUL54	X17403.1	802	L	V	foscarnet	susceptible	0.9	PMID:21709106,PMID:22001948	CHARMD	Marker transfer: Recombinant | Assay details: PRA, ELISA tests, flow cytometry and DNA-DNA hybridization assays, quantitative real-time PCR, reporter cell lines, polymerase biochemical assays, marker transfer
HCMVUL54	X17403.1	802	L	V	ganciclovir	susceptible	1.8	PMID:21709106,PMID:22001948	CHARMD	Marker transfer: Recombinant | Assay details: PRA, ELISA tests, flow cytometry and DNA-DNA hybridization assays, quantitative real-time PCR, reporter cell lines, polymerase biochemical assays, marker transfer
HCMVUL54	X17403.1	805	K	Q	cidofovir	low-level resistance	2.2	PMID:9621055,PMID:9207351,PMID:20587852	CHARMD	Source origin: Clincial isolate | Marker transfer: Recombinant | Assay details: PRA, ELISA tests, flow cytometry and DNA-DNA hybridization assays, quantitative real-time PCR, reporter cell lines, polymerase biochemical assays, marker transfer
HCMVUL54	X17403.1	805	K	Q	foscarnet	susceptible	0.18	PMID:9621055,PMID:9207351,PMID:20587853	CHARMD	Source origin: Clincial isolate | Marker transfer: Recombinant | Assay details: PRA, ELISA tests, flow cytometry and DNA-DNA hybridization assays, quantitative real-time PCR, reporter cell lines, polymerase biochemical assays, marker transfer
HCMVUL54	X17403.1	805	K	Q	ganciclovir	susceptible	1	PMID:9621055,PMID:9207351,PMID:20587851	CHARMD	Source origin: Clincial isolate | Marker transfer: Recombinant | Assay details: PRA, ELISA tests, flow cytometry and DNA-DNA hybridization assays, quantitative real-time PCR, reporter cell lines, polymerase biochemical assays, marker transfer
HCMVUL54	X17403.1	809	A	V	cidofovir	susceptible	1.7	PMID:24890586,PMID:17709468,PMID:12198609	CHARMD	Source origin: Clincial isolate | Marker transfer: Recombinant | Assay details: PRA, ELISA tests, flow cytometry and DNA-DNA hybridization assays, quantitative real-time PCR, reporter cell lines, polymerase biochemical assays, marker transfer | Observation: Mutation fr?quemment retrouv?e chez les patients re?evant des CS h?matopo?etiques
HCMVUL54	X17403.1	809	A	V	foscarnet	intermediate	4.76667	PMID:24890586,PMID:17709468,PMID:12198609,PMID:27940027	CHARMD	Fold IC50 values: 6.3, 3.6, 4.4; mean displayed | Source origin: Clincial isolate | Marker transfer: Recombinant | Assay details: PRA, ELISA tests, flow cytometry and DNA-DNA hybridization assays, quantitative real-time PCR, reporter cell lines, polymerase biochemical assays, marker transfer | Observation: Mutation fr?quemment retrouv?e chez les patients re?evant des CS h?matopo?etiques | Source origin: Clinical Isolate
HCMVUL54	X17403.1	809	A	V	ganciclovir	low-level resistance	2.6	PMID:24890586,PMID:17709468,PMID:12198609	CHARMD	Source origin: Clincial isolate | Marker transfer: Recombinant | Assay details: PRA, ELISA tests, flow cytometry and DNA-DNA hybridization assays, quantitative real-time PCR, reporter cell lines, polymerase biochemical assays, marker transfer | Observation: Mutation fr?quemment retrouv?e chez les patients re?evant des CS h?matopo?etiques
HCMVUL54	X17403.1	812	V	L	brincidofovir	low-level resistance	2.4	PMID:27044553	CHARMD	Source origin: Laboratory strain | Marker transfer: Recombinant
HCMVUL54	X17403.1	812	V	L	cidofovir	intermediate	3.2	PMID:9721246,PMID:15634973,PMID:21709106	CHARMD	Source origin: Clincial isolate | Marker transfer: Recombinant | Assay details: PRA, ELISA tests, flow cytometry and DNA-DNA hybridization assays, quantitative real-time PCR, reporter cell lines, polymerase biochemical assays, marker transfer | Observation: Mutation fr?quemment retrouv?e chez les patients re?evant des CS h?matopo?etiques
HCMVUL54	X17403.1	812	V	L	foscarnet	low-level resistance	2.9	PMID:9721246,PMID:15634973,PMID:21709106	CHARMD	Source origin: Clincial isolate | Marker transfer: Recombinant | Assay details: PRA, ELISA tests, flow cytometry and DNA-DNA hybridization assays, quantitative real-time PCR, reporter cell lines, polymerase biochemical assays, marker transfer | Observation: Mutation fr?quemment retrouv?e chez les patients re?evant des CS h?matopo?etiques
HCMVUL54	X17403.1	812	V	L	ganciclovir	low-level resistance	2.5	PMID:9721246,PMID:15634973,PMID:21709106	CHARMD	Source origin: Clincial isolate | Marker transfer: Recombinant | Assay details: PRA, ELISA tests, flow cytometry and DNA-DNA hybridization assays, quantitative real-time PCR, reporter cell lines, polymerase biochemical assays, marker transfer | Observation: Mutation fr?quemment retrouv?e chez les patients re?evant des CS h?matopo?etiques
HCMVUL54	X17403.1	813	T	S	cidofovir	low-level resistance	2.9	PMID:17709468	CHARMD	Source origin: Clincial isolate | Marker transfer: Recombinant | Assay details: PRA, ELISA tests, flow cytometry and DNA-DNA hybridization assays, quantitative real-time PCR, reporter cell lines, polymerase biochemical assays, marker transfer
HCMVUL54	X17403.1	813	T	S	foscarnet	intermediate	4.9	PMID:17709468	CHARMD	Source origin: Clincial isolate | Marker transfer: Recombinant | Assay details: PRA, ELISA tests, flow cytometry and DNA-DNA hybridization assays, quantitative real-time PCR, reporter cell lines, polymerase biochemical assays, marker transfer
HCMVUL54	X17403.1	813	T	S	ganciclovir	low-level resistance	2.5	PMID:17709468	CHARMD	Source origin: Clincial isolate | Marker transfer: Recombinant | Assay details: PRA, ELISA tests, flow cytometry and DNA-DNA hybridization assays, quantitative real-time PCR, reporter cell lines, polymerase biochemical assays, marker transfer
HCMVUL54	X17403.1	821	T	I	cidofovir	susceptible	1.9	PMID:9621055,PMID:9207351,PMID:20587852	CHARMD	Source origin: Clincial isolate | Marker transfer: Recombinant | Assay details: PRA, ELISA tests, flow cytometry and DNA-DNA hybridization assays, quantitative real-time PCR, reporter cell lines, polymerase biochemical assays, marker transfer
HCMVUL54	X17403.1	821	T	I	foscarnet	high-level resistance	21	PMID:9621055,PMID:9207351,PMID:20587853	CHARMD	Source origin: Clincial isolate | Marker transfer: Recombinant | Assay details: PRA, ELISA tests, flow cytometry and DNA-DNA hybridization assays, quantitative real-time PCR, reporter cell lines, polymerase biochemical assays, marker transfer
HCMVUL54	X17403.1	821	T	I	ganciclovir	intermediate	4.5	PMID:9621055,PMID:9207351,PMID:20587851	CHARMD	Source origin: Clincial isolate | Marker transfer: Recombinant | Assay details: PRA, ELISA tests, flow cytometry and DNA-DNA hybridization assays, quantitative real-time PCR, reporter cell lines, polymerase biochemical assays, marker transfer
HCMVUL54	X17403.1	823	V	A	cidofovir	intermediate	3.6	PMID:32726419	CHARMD	Source origin: Laboratory strain, Clinical Isolate
HCMVUL54	X17403.1	823	V	A	foscarnet	susceptible	0.5	PMID:32726419	CHARMD	Source origin: Laboratory strain, Clinical Isolate
HCMVUL54	X17403.1	823	V	A	ganciclovir	low-level resistance	2.4	PMID:32726419	CHARMD	Source origin: Laboratory strain, Clinical Isolate
HCMVUL54	X17403.1	827	M	I	brincidofovir	susceptible	0.8	PMID:26941282	CHARMD	Source origin: Clinical Isolate | Assay details: marker transfer | Observation: Polymorphisme naturel
HCMVUL54	X17403.1	827	M	I	cidofovir	susceptible	0.7	PMID:26941282	CHARMD	Source origin: Clinical Isolate | Assay details: marker transfer | Observation: Polymorphisme naturel
HCMVUL54	X17403.1	827	M	I	foscarnet	sensitive		PMID:26941282	CHARMD	Source origin: Clinical Isolate | Assay details: marker transfer | Observation: Polymorphisme naturel
HCMVUL54	X17403.1	827	M	I	ganciclovir	sensitive		PMID:26941282	CHARMD	Source origin: Clinical Isolate | Assay details: marker transfer | Observation: Polymorphisme naturel
HCMVUL54	X17403.1	829	P	S	cidofovir	susceptible	1.6	PMID:21709106,PMID:22001948	CHARMD	Source origin: Clincial isolate | Marker transfer: Recombinant | Assay details: PRA, ELISA tests, flow cytometry and DNA-DNA hybridization assays, quantitative real-time PCR, reporter cell lines, polymerase biochemical assays, marker transfer
HCMVUL54	X17403.1	829	P	S	foscarnet	susceptible	1.1	PMID:21709106,PMID:22001948	CHARMD	Source origin: Clincial isolate | Marker transfer: Recombinant | Assay details: PRA, ELISA tests, flow cytometry and DNA-DNA hybridization assays, quantitative real-time PCR, reporter cell lines, polymerase biochemical assays, marker transfer
HCMVUL54	X17403.1	829	P	S	ganciclovir	low-level resistance	2	PMID:21709106,PMID:22001948	CHARMD	Source origin: Clincial isolate | Marker transfer: Recombinant | Assay details: PRA, ELISA tests, flow cytometry and DNA-DNA hybridization assays, quantitative real-time PCR, reporter cell lines, polymerase biochemical assays, marker transfer
HCMVUL54	X17403.1	834	A	P	cidofovir	intermediate	3	PMID:15258973,PMID:23985916,PMID:20961907,PMID:26098499,PMID:24183928,PMID:17043128	CHARMD	Source origin: Clincial isolate | Marker transfer: Recombinant | Assay details: PRA, ELISA tests, flow cytometry and DNA-DNA hybridization assays, quantitative real-time PCR, reporter cell lines, polymerase biochemical assays, marker transfer | Observation: Mutation fr?quemment retrouv?e chez les patients re?evant des CS h?matopo?etiques
HCMVUL54	X17403.1	834	A	P	foscarnet	high-level resistance	6.4	PMID:15258973,PMID:23985916,PMID:20961907,PMID:26098499,PMID:24183928,PMID:17043128	CHARMD	Source origin: Clincial isolate | Marker transfer: Recombinant | Assay details: PRA, ELISA tests, flow cytometry and DNA-DNA hybridization assays, quantitative real-time PCR, reporter cell lines, polymerase biochemical assays, marker transfer | Observation: Mutation fr?quemment retrouv?e chez les patients re?evant des CS h?matopo?etiques
HCMVUL54	X17403.1	834	A	P	ganciclovir	high-level resistance	5.4	PMID:15258973,PMID:23985916,PMID:20961907,PMID:26098499,PMID:24183928,PMID:17043128	CHARMD	Source origin: Clincial isolate | Marker transfer: Recombinant | Assay details: PRA, ELISA tests, flow cytometry and DNA-DNA hybridization assays, quantitative real-time PCR, reporter cell lines, polymerase biochemical assays, marker transfer | Observation: Mutation fr?quemment retrouv?e chez les patients re?evant des CS h?matopo?etiques
HCMVUL54	X17403.1	838	T	A	cidofovir	susceptible	0.8	PMID:15634973	CHARMD	Source origin: Clincial isolate | Marker transfer: Recombinant | Assay details: PRA, ELISA tests, flow cytometry and DNA-DNA hybridization assays, quantitative real-time PCR, reporter cell lines, polymerase biochemical assays, marker transfer | Observation: Mutation fr?quemment retrouv?e chez les patients re?evant des CS h?matopo?etiques
HCMVUL54	X17403.1	838	T	A	foscarnet	low-level resistance	2.4	PMID:15634973	CHARMD	Source origin: Clincial isolate | Marker transfer: Recombinant | Assay details: PRA, ELISA tests, flow cytometry and DNA-DNA hybridization assays, quantitative real-time PCR, reporter cell lines, polymerase biochemical assays, marker transfer | Observation: Mutation fr?quemment retrouv?e chez les patients re?evant des CS h?matopo?etiques
HCMVUL54	X17403.1	838	T	A	ganciclovir	susceptible	1.8	PMID:15634973	CHARMD	Source origin: Clincial isolate | Marker transfer: Recombinant | Assay details: PRA, ELISA tests, flow cytometry and DNA-DNA hybridization assays, quantitative real-time PCR, reporter cell lines, polymerase biochemical assays, marker transfer | Observation: Mutation fr?quemment retrouv?e chez les patients re?evant des CS h?matopo?etiques
HCMVUL54	X17403.1	841	G	A	cidofovir	low-level resistance	2.6	PMID:17709468,PMID:23985916,PMID:9129071	CHARMD	Source origin: Clincial isolate | Marker transfer: Recombinant | Assay details: PRA, ELISA tests, flow cytometry and DNA-DNA hybridization assays, quantitative real-time PCR, reporter cell lines, polymerase biochemical assays, marker transfer
HCMVUL54	X17403.1	841	G	A	foscarnet	intermediate	4.3	PMID:17709468,PMID:23985916,PMID:9129072	CHARMD	Source origin: Clincial isolate | Marker transfer: Recombinant | Assay details: PRA, ELISA tests, flow cytometry and DNA-DNA hybridization assays, quantitative real-time PCR, reporter cell lines, polymerase biochemical assays, marker transfer
HCMVUL54	X17403.1	841	G	A	ganciclovir	intermediate	3.2	PMID:17709468,PMID:23985916,PMID:9129070	CHARMD	Source origin: Clincial isolate | Marker transfer: Recombinant | Assay details: PRA, ELISA tests, flow cytometry and DNA-DNA hybridization assays, quantitative real-time PCR, reporter cell lines, polymerase biochemical assays, marker transfer
HCMVUL54	X17403.1	841	G	S	cidofovir	susceptible	1.1	PMID:24273181	CHARMD	Source origin: Clincial isolate | Marker transfer: Recombinant | Assay details: PRA, ELISA tests, flow cytometry and DNA-DNA hybridization assays, quantitative real-time PCR, reporter cell lines, polymerase biochemical assays, marker transfer
HCMVUL54	X17403.1	841	G	S	foscarnet	low-level resistance	2.1	PMID:24273181	CHARMD	Source origin: Clincial isolate | Marker transfer: Recombinant | Assay details: PRA, ELISA tests, flow cytometry and DNA-DNA hybridization assays, quantitative real-time PCR, reporter cell lines, polymerase biochemical assays, marker transfer
HCMVUL54	X17403.1	841	G	S	ganciclovir	low-level resistance	2.2	PMID:24273181	CHARMD	Source origin: Clincial isolate | Marker transfer: Recombinant | Assay details: PRA, ELISA tests, flow cytometry and DNA-DNA hybridization assays, quantitative real-time PCR, reporter cell lines, polymerase biochemical assays, marker transfer
HCMVUL54	X17403.1	844	M	T	cidofovir	susceptible	1.3	PMID:21968367	CHARMD	Source origin: Laboratory strain | Assay details: PRA, ELISA tests, flow cytometry and DNA-DNA hybridization assays, quantitative real-time PCR, reporter cell lines, polymerase biochemical assays, marker transfer
HCMVUL54	X17403.1	844	M	T	foscarnet	low-level resistance	2.5	PMID:21968367	CHARMD	Source origin: Laboratory strain | Assay details: PRA, ELISA tests, flow cytometry and DNA-DNA hybridization assays, quantitative real-time PCR, reporter cell lines, polymerase biochemical assays, marker transfer
HCMVUL54	X17403.1	844	M	T	ganciclovir	susceptible	1.4	PMID:21968367	CHARMD	Source origin: Laboratory strain | Assay details: PRA, ELISA tests, flow cytometry and DNA-DNA hybridization assays, quantitative real-time PCR, reporter cell lines, polymerase biochemical assays, marker transfer
HCMVUL54	X17403.1	844	M	V	cidofovir	susceptible	1.6	PMID:21968367	CHARMD	Source origin: Laboratory strain | Assay details: PRA, ELISA tests, flow cytometry and DNA-DNA hybridization assays, quantitative real-time PCR, reporter cell lines, polymerase biochemical assays, marker transfer
HCMVUL54	X17403.1	844	M	V	foscarnet	low-level resistance	2.2	PMID:21968367	CHARMD	Source origin: Laboratory strain | Assay details: PRA, ELISA tests, flow cytometry and DNA-DNA hybridization assays, quantitative real-time PCR, reporter cell lines, polymerase biochemical assays, marker transfer
HCMVUL54	X17403.1	844	M	V	ganciclovir	low-level resistance	2.5	PMID:21968367	CHARMD	Source origin: Laboratory strain | Assay details: PRA, ELISA tests, flow cytometry and DNA-DNA hybridization assays, quantitative real-time PCR, reporter cell lines, polymerase biochemical assays, marker transfer
HCMVUL54	X17403.1	847	R	H	brincidofovir	sensitive		PMID:24273181	CHARMD	Observation: Victor trial , before any exposure
HCMVUL54	X17403.1	847	R	H	cidofovir	sensitive		PMID:24273181	CHARMD	Observation: Victor trial , before any exposure
HCMVUL54	X17403.1	847	R	H	cyclopropavir	sensitive		PMID:24273181	CHARMD	Observation: Victor trial , before any exposure
HCMVUL54	X17403.1	847	R	H	foscarnet	sensitive		PMID:24273181	CHARMD	Observation: Victor trial , before any exposure
HCMVUL54	X17403.1	847	R	H	ganciclovir	sensitive		PMID:24273181	CHARMD	Observation: Victor trial , before any exposure
HCMVUL54	X17403.1	847	R	H	letermovir	sensitive		PMID:24273181	CHARMD	Observation: Victor trial , before any exposure
HCMVUL54	X17403.1	847	R	H	maribavir	sensitive		PMID:24273181	CHARMD	Observation: Victor trial , before any exposure
HCMVUL54	X17403.1	855	N	D	brincidofovir	sensitive		PMID:24273181	CHARMD	Observation: Victor trial , before any exposure
HCMVUL54	X17403.1	855	N	D	cidofovir	sensitive		PMID:24273181	CHARMD	Observation: Victor trial , before any exposure
HCMVUL54	X17403.1	855	N	D	cyclopropavir	sensitive		PMID:24273181	CHARMD	Observation: Victor trial , before any exposure
HCMVUL54	X17403.1	855	N	D	foscarnet	sensitive		PMID:24273181	CHARMD	Observation: Victor trial , before any exposure
HCMVUL54	X17403.1	855	N	D	ganciclovir	sensitive		PMID:24273181	CHARMD	Observation: Victor trial , before any exposure
HCMVUL54	X17403.1	855	N	D	letermovir	sensitive		PMID:24273181	CHARMD	Observation: Victor trial , before any exposure
HCMVUL54	X17403.1	855	N	D	maribavir	sensitive		PMID:24273181	CHARMD	Observation: Victor trial , before any exposure
HCMVUL54	X17403.1	859	P	A	cidofovir	susceptible	1	PMID:24273181	CHARMD	Marker transfer: Recombinant
HCMVUL54	X17403.1	859	P	A	foscarnet	susceptible	0.8	PMID:24273181	CHARMD	Marker transfer: Recombinant
HCMVUL54	X17403.1	859	P	A	ganciclovir	susceptible	0.8	PMID:24273181	CHARMD	Marker transfer: Recombinant
HCMVUL54	X17403.1	862	L	F	cidofovir	susceptible	0.9	PMID:21709106,PMID:22001948	CHARMD	Marker transfer: Recombinant | Assay details: PRA, ELISA tests, flow cytometry and DNA-DNA hybridization assays, quantitative real-time PCR, reporter cell lines, polymerase biochemical assays, marker transfer
HCMVUL54	X17403.1	862	L	F	foscarnet	susceptible	1.1	PMID:21709106,PMID:22001948	CHARMD	Marker transfer: Recombinant | Assay details: PRA, ELISA tests, flow cytometry and DNA-DNA hybridization assays, quantitative real-time PCR, reporter cell lines, polymerase biochemical assays, marker transfer
HCMVUL54	X17403.1	862	L	F	ganciclovir	susceptible	1.7	PMID:21709106,PMID:22001948	CHARMD	Marker transfer: Recombinant | Assay details: PRA, ELISA tests, flow cytometry and DNA-DNA hybridization assays, quantitative real-time PCR, reporter cell lines, polymerase biochemical assays, marker transfer
HCMVUL54	X17403.1	863	H	R	brincidofovir	sensitive		PMID:24273181	CHARMD	Observation: Victor trial , before any exposure
HCMVUL54	X17403.1	863	H	R	cidofovir	sensitive		PMID:24273181	CHARMD	Observation: Victor trial , before any exposure
HCMVUL54	X17403.1	863	H	R	cyclopropavir	sensitive		PMID:24273181	CHARMD	Observation: Victor trial , before any exposure
HCMVUL54	X17403.1	863	H	R	foscarnet	sensitive		PMID:24273181	CHARMD	Observation: Victor trial , before any exposure
HCMVUL54	X17403.1	863	H	R	ganciclovir	sensitive		PMID:24273181	CHARMD	Observation: Victor trial , before any exposure
HCMVUL54	X17403.1	863	H	R	letermovir	sensitive		PMID:24273181	CHARMD	Observation: Victor trial , before any exposure
HCMVUL54	X17403.1	863	H	R	maribavir	sensitive		PMID:24273181	CHARMD	Observation: Victor trial , before any exposure
HCMVUL54	X17403.1	868	Q	R	brincidofovir	sensitive		PMID:10348781	CHARMD	Observation: Polymorphisme naturel
HCMVUL54	X17403.1	868	Q	R	cidofovir	sensitive		PMID:10348781	CHARMD	Observation: Polymorphisme naturel
HCMVUL54	X17403.1	868	Q	R	cyclopropavir	sensitive		PMID:10348781	CHARMD	Observation: Polymorphisme naturel
HCMVUL54	X17403.1	868	Q	R	foscarnet	sensitive		PMID:10348781	CHARMD	Observation: Polymorphisme naturel
HCMVUL54	X17403.1	868	Q	R	ganciclovir	sensitive		PMID:10348781	CHARMD	Observation: Polymorphisme naturel
HCMVUL54	X17403.1	868	Q	R	letermovir	sensitive		PMID:10348781	CHARMD	Observation: Polymorphisme naturel
HCMVUL54	X17403.1	868	Q	R	maribavir	sensitive		PMID:10348781	CHARMD	Observation: Polymorphisme naturel
HCMVUL54	X17403.1	870	D	H	brincidofovir	sensitive		PMID:10348781	CHARMD	Observation: Polymorphisme naturel
HCMVUL54	X17403.1	870	D	H	cidofovir	sensitive		PMID:10348781	CHARMD	Observation: Polymorphisme naturel
HCMVUL54	X17403.1	870	D	H	cyclopropavir	sensitive		PMID:10348781	CHARMD	Observation: Polymorphisme naturel
HCMVUL54	X17403.1	870	D	H	foscarnet	sensitive		PMID:10348781	CHARMD	Observation: Polymorphisme naturel
HCMVUL54	X17403.1	870	D	H	ganciclovir	sensitive		PMID:10348781	CHARMD	Observation: Polymorphisme naturel
HCMVUL54	X17403.1	870	D	H	letermovir	sensitive		PMID:10348781	CHARMD	Observation: Polymorphisme naturel
HCMVUL54	X17403.1	870	D	H	maribavir	sensitive		PMID:10348781	CHARMD	Observation: Polymorphisme naturel
HCMVUL54	X17403.1	873	V	L	brincidofovir	sensitive		PMID:10348781	CHARMD	Observation: Polymorphisme naturel
HCMVUL54	X17403.1	873	V	L	cidofovir	sensitive		PMID:10348781	CHARMD	Observation: Polymorphisme naturel
HCMVUL54	X17403.1	873	V	L	cyclopropavir	sensitive		PMID:10348781	CHARMD	Observation: Polymorphisme naturel
HCMVUL54	X17403.1	873	V	L	foscarnet	sensitive		PMID:10348781	CHARMD	Observation: Polymorphisme naturel
HCMVUL54	X17403.1	873	V	L	ganciclovir	sensitive		PMID:10348781	CHARMD	Observation: Polymorphisme naturel
HCMVUL54	X17403.1	873	V	L	letermovir	sensitive		PMID:10348781	CHARMD	Observation: Polymorphisme naturel
HCMVUL54	X17403.1	873	V	L	maribavir	sensitive		PMID:10348781	CHARMD	Observation: Polymorphisme naturel
HCMVUL54	X17403.1	874	G	R	brincidofovir	sensitive		PMID:10348781	CHARMD	Observation: Polymorphisme naturel
HCMVUL54	X17403.1	874	G	R	cidofovir	sensitive		PMID:10348781	CHARMD	Observation: Polymorphisme naturel
HCMVUL54	X17403.1	874	G	R	cyclopropavir	sensitive		PMID:10348781	CHARMD	Observation: Polymorphisme naturel
HCMVUL54	X17403.1	874	G	R	foscarnet	sensitive		PMID:10348781	CHARMD	Observation: Polymorphisme naturel
HCMVUL54	X17403.1	874	G	R	ganciclovir	sensitive		PMID:10348781	CHARMD	Observation: Polymorphisme naturel
HCMVUL54	X17403.1	874	G	R	letermovir	sensitive		PMID:10348781	CHARMD	Observation: Polymorphisme naturel
HCMVUL54	X17403.1	874	G	R	maribavir	sensitive		PMID:10348781	CHARMD	Observation: Polymorphisme naturel
HCMVUL54	X17403.1	885	A	S	brincidofovir	sensitive		PMID:10348781	CHARMD	Observation: Polymorphisme naturel
HCMVUL54	X17403.1	885	A	S	cidofovir	sensitive		PMID:10348781	CHARMD	Observation: Polymorphisme naturel
HCMVUL54	X17403.1	885	A	S	cyclopropavir	sensitive		PMID:10348781	CHARMD	Observation: Polymorphisme naturel
HCMVUL54	X17403.1	885	A	S	foscarnet	sensitive		PMID:10348781	CHARMD	Observation: Polymorphisme naturel
HCMVUL54	X17403.1	885	A	S	ganciclovir	sensitive		PMID:10348781	CHARMD	Observation: Polymorphisme naturel
HCMVUL54	X17403.1	885	A	S	letermovir	sensitive		PMID:10348781	CHARMD	Observation: Polymorphisme naturel
HCMVUL54	X17403.1	885	A	S	maribavir	sensitive		PMID:10348781	CHARMD	Observation: Polymorphisme naturel
HCMVUL54	X17403.1	885	A	T	brincidofovir	sensitive		PMID:10348781	CHARMD	Observation: Polymorphisme naturel
HCMVUL54	X17403.1	885	A	T	cidofovir	sensitive		PMID:10348781	CHARMD	Observation: Polymorphisme naturel
HCMVUL54	X17403.1	885	A	T	cyclopropavir	sensitive		PMID:10348781	CHARMD	Observation: Polymorphisme naturel
HCMVUL54	X17403.1	885	A	T	foscarnet	sensitive		PMID:10348781	CHARMD	Observation: Polymorphisme naturel
HCMVUL54	X17403.1	885	A	T	ganciclovir	sensitive		PMID:10348781	CHARMD	Observation: Polymorphisme naturel
HCMVUL54	X17403.1	885	A	T	letermovir	sensitive		PMID:10348781	CHARMD	Observation: Polymorphisme naturel
HCMVUL54	X17403.1	885	A	T	maribavir	sensitive		PMID:10348781	CHARMD	Observation: Polymorphisme naturel
HCMVUL54	X17403.1	887	P	S	brincidofovir	sensitive		PMID:10348781	CHARMD	Observation: Polymorphisme naturel
HCMVUL54	X17403.1	887	P	S	cidofovir	sensitive		PMID:10348781	CHARMD	Observation: Polymorphisme naturel
HCMVUL54	X17403.1	887	P	S	cyclopropavir	sensitive		PMID:10348781	CHARMD	Observation: Polymorphisme naturel
HCMVUL54	X17403.1	887	P	S	foscarnet	sensitive		PMID:10348781	CHARMD	Observation: Polymorphisme naturel
HCMVUL54	X17403.1	887	P	S	ganciclovir	sensitive		PMID:10348781	CHARMD	Observation: Polymorphisme naturel
HCMVUL54	X17403.1	887	P	S	letermovir	sensitive		PMID:10348781	CHARMD	Observation: Polymorphisme naturel
HCMVUL54	X17403.1	887	P	S	maribavir	sensitive		PMID:10348781	CHARMD	Observation: Polymorphisme naturel
HCMVUL54	X17403.1	890	L	F	brincidofovir	sensitive		PMID:24273181	CHARMD	Observation: Polymorphisme naturel
HCMVUL54	X17403.1	890	L	F	cidofovir	sensitive		PMID:24273181	CHARMD	Observation: Polymorphisme naturel
HCMVUL54	X17403.1	890	L	F	cyclopropavir	sensitive		PMID:24273181	CHARMD	Observation: Polymorphisme naturel
HCMVUL54	X17403.1	890	L	F	foscarnet	sensitive		PMID:24273181	CHARMD	Observation: Polymorphisme naturel
HCMVUL54	X17403.1	890	L	F	ganciclovir	sensitive		PMID:24273181	CHARMD	Observation: Polymorphisme naturel
HCMVUL54	X17403.1	890	L	F	letermovir	sensitive		PMID:24273181	CHARMD	Observation: Polymorphisme naturel
HCMVUL54	X17403.1	890	L	F	maribavir	sensitive		PMID:24273181	CHARMD	Observation: Polymorphisme naturel
HCMVUL54	X17403.1	890	L	S	brincidofovir	sensitive		PMID:10348781	CHARMD	Observation: Polymorphisme naturel
HCMVUL54	X17403.1	890	L	S	cidofovir	sensitive		PMID:10348781	CHARMD	Observation: Polymorphisme naturel
HCMVUL54	X17403.1	890	L	S	cyclopropavir	sensitive		PMID:10348781	CHARMD	Observation: Polymorphisme naturel
HCMVUL54	X17403.1	890	L	S	foscarnet	sensitive		PMID:10348781	CHARMD	Observation: Polymorphisme naturel
HCMVUL54	X17403.1	890	L	S	ganciclovir	sensitive		PMID:10348781	CHARMD	Observation: Polymorphisme naturel
HCMVUL54	X17403.1	890	L	S	letermovir	sensitive		PMID:10348781	CHARMD	Observation: Polymorphisme naturel
HCMVUL54	X17403.1	890	L	S	maribavir	sensitive		PMID:10348781	CHARMD	Observation: Polymorphisme naturel
HCMVUL54	X17403.1	892	T	I	brincidofovir	sensitive		PMID:24273181	CHARMD	Observation: Victor trial , before any exposure
HCMVUL54	X17403.1	892	T	I	cidofovir	sensitive		PMID:24273181	CHARMD	Observation: Victor trial , before any exposure
HCMVUL54	X17403.1	892	T	I	cyclopropavir	sensitive		PMID:24273181	CHARMD	Observation: Victor trial , before any exposure
HCMVUL54	X17403.1	892	T	I	foscarnet	sensitive		PMID:24273181	CHARMD	Observation: Victor trial , before any exposure
HCMVUL54	X17403.1	892	T	I	ganciclovir	sensitive		PMID:24273181	CHARMD	Observation: Victor trial , before any exposure
HCMVUL54	X17403.1	892	T	I	letermovir	sensitive		PMID:24273181	CHARMD	Observation: Victor trial , before any exposure
HCMVUL54	X17403.1	892	T	I	maribavir	sensitive		PMID:24273181	CHARMD	Observation: Victor trial , before any exposure
HCMVUL54	X17403.1	897	S	L	brincidofovir	sensitive		PMID:10348781	CHARMD	Observation: Polymorphisme naturel
HCMVUL54	X17403.1	897	S	L	cidofovir	sensitive		PMID:10348781	CHARMD	Observation: Polymorphisme naturel
HCMVUL54	X17403.1	897	S	L	cyclopropavir	sensitive		PMID:10348781	CHARMD	Observation: Polymorphisme naturel
HCMVUL54	X17403.1	897	S	L	foscarnet	sensitive		PMID:10348781	CHARMD	Observation: Polymorphisme naturel
HCMVUL54	X17403.1	897	S	L	ganciclovir	sensitive		PMID:10348781	CHARMD	Observation: Polymorphisme naturel
HCMVUL54	X17403.1	897	S	L	letermovir	sensitive		PMID:10348781	CHARMD	Observation: Polymorphisme naturel
HCMVUL54	X17403.1	897	S	L	maribavir	sensitive		PMID:10348781	CHARMD	Observation: Polymorphisme naturel
HCMVUL54	X17403.1	898	N	D	brincidofovir	sensitive		PMID:10348781	CHARMD	Observation: Polymorphisme naturel
HCMVUL54	X17403.1	898	N	D	cidofovir	sensitive		PMID:10348781	CHARMD	Observation: Polymorphisme naturel
HCMVUL54	X17403.1	898	N	D	cyclopropavir	sensitive		PMID:10348781	CHARMD	Observation: Polymorphisme naturel
HCMVUL54	X17403.1	898	N	D	foscarnet	sensitive		PMID:10348781	CHARMD	Observation: Polymorphisme naturel
HCMVUL54	X17403.1	898	N	D	ganciclovir	sensitive		PMID:10348781	CHARMD	Observation: Polymorphisme naturel
HCMVUL54	X17403.1	898	N	D	letermovir	sensitive		PMID:10348781	CHARMD	Observation: Polymorphisme naturel
HCMVUL54	X17403.1	898	N	D	maribavir	sensitive		PMID:10348781	CHARMD	Observation: Polymorphisme naturel
HCMVUL54	X17403.1	899	E	K	brincidofovir	sensitive		PMID:10348781	CHARMD	Observation: Polymorphisme naturel
HCMVUL54	X17403.1	899	E	K	cidofovir	sensitive		PMID:10348781	CHARMD	Observation: Polymorphisme naturel
HCMVUL54	X17403.1	899	E	K	cyclopropavir	sensitive		PMID:10348781	CHARMD	Observation: Polymorphisme naturel
HCMVUL54	X17403.1	899	E	K	foscarnet	sensitive		PMID:10348781	CHARMD	Observation: Polymorphisme naturel
HCMVUL54	X17403.1	899	E	K	ganciclovir	sensitive		PMID:10348781	CHARMD	Observation: Polymorphisme naturel
HCMVUL54	X17403.1	899	E	K	letermovir	sensitive		PMID:10348781	CHARMD	Observation: Polymorphisme naturel
HCMVUL54	X17403.1	899	E	K	maribavir	sensitive		PMID:10348781	CHARMD	Observation: Polymorphisme naturel
HCMVUL54	X17403.1	902	V	G	cidofovir	susceptible	1	PMID:24273181	CHARMD	Marker transfer: Recombinant
HCMVUL54	X17403.1	902	V	G	foscarnet	susceptible	1	PMID:24273181	CHARMD	Marker transfer: Recombinant
HCMVUL54	X17403.1	902	V	G	ganciclovir	susceptible	1.2	PMID:24273181	CHARMD	Marker transfer: Recombinant
HCMVUL54	X17403.1	903	E	G	brincidofovir	sensitive		PMID:24273181	CHARMD	Marker transfer: Recombinant | Observation: Victor trial , before any exposure confirmed by recombinant phenotyping
HCMVUL54	X17403.1	903	E	G	cidofovir	sensitive		PMID:24273181	CHARMD	Marker transfer: Recombinant | Observation: Victor trial , before any exposure confirmed by recombinant phenotyping
HCMVUL54	X17403.1	903	E	G	cyclopropavir	sensitive		PMID:24273181	CHARMD	Marker transfer: Recombinant | Observation: Victor trial , before any exposure confirmed by recombinant phenotyping
HCMVUL54	X17403.1	903	E	G	foscarnet	sensitive		PMID:24273181	CHARMD	Marker transfer: Recombinant | Observation: Victor trial , before any exposure confirmed by recombinant phenotyping
HCMVUL54	X17403.1	903	E	G	ganciclovir	sensitive		PMID:24273181	CHARMD	Marker transfer: Recombinant | Observation: Victor trial , before any exposure confirmed by recombinant phenotyping
HCMVUL54	X17403.1	903	E	G	letermovir	sensitive		PMID:24273181	CHARMD	Marker transfer: Recombinant | Observation: Victor trial , before any exposure confirmed by recombinant phenotyping
HCMVUL54	X17403.1	903	E	G	maribavir	sensitive		PMID:24273181	CHARMD	Marker transfer: Recombinant | Observation: Victor trial , before any exposure confirmed by recombinant phenotyping
HCMVUL54	X17403.1	920	G	S	brincidofovir	sensitive		PMID:24273181	CHARMD	Observation: Victor trial , before any exposure
HCMVUL54	X17403.1	920	G	S	cidofovir	sensitive		PMID:24273181	CHARMD	Observation: Victor trial , before any exposure
HCMVUL54	X17403.1	920	G	S	cyclopropavir	sensitive		PMID:24273181	CHARMD	Observation: Victor trial , before any exposure
HCMVUL54	X17403.1	920	G	S	foscarnet	sensitive		PMID:24273181	CHARMD	Observation: Victor trial , before any exposure
HCMVUL54	X17403.1	920	G	S	ganciclovir	sensitive		PMID:24273181	CHARMD	Observation: Victor trial , before any exposure
HCMVUL54	X17403.1	920	G	S	letermovir	sensitive		PMID:24273181	CHARMD	Observation: Victor trial , before any exposure
HCMVUL54	X17403.1	920	G	S	maribavir	sensitive		PMID:24273181	CHARMD	Observation: Victor trial , before any exposure
HCMVUL54	X17403.1	927	V	M	brincidofovir	sensitive		PMID:24273181	CHARMD	Observation: Victor trial , before any exposure
HCMVUL54	X17403.1	927	V	M	cidofovir	sensitive		PMID:24273181	CHARMD	Observation: Victor trial , before any exposure
HCMVUL54	X17403.1	927	V	M	cyclopropavir	sensitive		PMID:24273181	CHARMD	Observation: Victor trial , before any exposure
HCMVUL54	X17403.1	927	V	M	foscarnet	sensitive		PMID:24273181	CHARMD	Observation: Victor trial , before any exposure
HCMVUL54	X17403.1	927	V	M	ganciclovir	sensitive		PMID:24273181	CHARMD	Observation: Victor trial , before any exposure
HCMVUL54	X17403.1	927	V	M	letermovir	sensitive		PMID:24273181	CHARMD	Observation: Victor trial , before any exposure
HCMVUL54	X17403.1	927	V	M	maribavir	sensitive		PMID:24273181	CHARMD	Observation: Victor trial , before any exposure
HCMVUL54	X17403.1	928	A	T	cidofovir	low-level resistance	2	PMID:35993155,PMID:41482062	CHARMD	Fold IC50 values: 3, 1, >3; mean displayed | Source origin: Laboratory strain, Clinical Isolate | Marker transfer: Recombinant | Source origin: Clinical Isolate
HCMVUL54	X17403.1	928	A	T	foscarnet	susceptible	1.95	PMID:35993155,PMID:41482062	CHARMD	Fold IC50 values: 3, 0.9, >3; mean displayed | Source origin: Laboratory strain, Clinical Isolate | Marker transfer: Recombinant | Source origin: Clinical Isolate
HCMVUL54	X17403.1	928	A	T	ganciclovir	susceptible	1.95	PMID:35993155,PMID:41482062	CHARMD	Fold IC50 values: 3, 0.9, >3; mean displayed | Source origin: Laboratory strain, Clinical Isolate | Marker transfer: Recombinant | Source origin: Clinical Isolate
HCMVUL54	X17403.1	928	A	V	cidofovir	susceptible	1	PMID:41482062	CHARMD	Source origin: Clinical Isolate
HCMVUL54	X17403.1	928	A	V	foscarnet	susceptible	1.1	PMID:41482062	CHARMD	Source origin: Clinical Isolate
HCMVUL54	X17403.1	928	A	V	ganciclovir	susceptible	1	PMID:41482062	CHARMD	Source origin: Clinical Isolate
HCMVUL54	X17403.1	932	S	N	brincidofovir	sensitive			CHARMD	Observation: Polymorphisme naturel
HCMVUL54	X17403.1	932	S	N	cidofovir	sensitive			CHARMD	Observation: Polymorphisme naturel
HCMVUL54	X17403.1	932	S	N	cyclopropavir	sensitive			CHARMD	Observation: Polymorphisme naturel
HCMVUL54	X17403.1	932	S	N	foscarnet	sensitive			CHARMD	Observation: Polymorphisme naturel
HCMVUL54	X17403.1	932	S	N	ganciclovir	sensitive			CHARMD	Observation: Polymorphisme naturel
HCMVUL54	X17403.1	932	S	N	letermovir	sensitive			CHARMD	Observation: Polymorphisme naturel
HCMVUL54	X17403.1	932	S	N	maribavir	sensitive			CHARMD	Observation: Polymorphisme naturel
HCMVUL54	X17403.1	946	V	L	cidofovir	susceptible	0.9	PMID:21709106,PMID:22001948	CHARMD	Source origin: Laboratory strain | Marker transfer: Recombinant | Assay details: PRA, ELISA tests, flow cytometry and DNA-DNA hybridization assays, quantitative real-time PCR, reporter cell lines, polymerase biochemical assays, marker transfer
HCMVUL54	X17403.1	946	V	L	foscarnet	low-level resistance	2.4	PMID:21709106,PMID:22001948	CHARMD	Source origin: Laboratory strain | Marker transfer: Recombinant | Assay details: PRA, ELISA tests, flow cytometry and DNA-DNA hybridization assays, quantitative real-time PCR, reporter cell lines, polymerase biochemical assays, marker transfer
HCMVUL54	X17403.1	946	V	L	ganciclovir	susceptible	1.1	PMID:21709106,PMID:22001948	CHARMD	Source origin: Laboratory strain | Marker transfer: Recombinant | Assay details: PRA, ELISA tests, flow cytometry and DNA-DNA hybridization assays, quantitative real-time PCR, reporter cell lines, polymerase biochemical assays, marker transfer
HCMVUL54	X17403.1	947	K	E	cidofovir	susceptible	1	PMID:24273181	CHARMD	Marker transfer: Recombinant
HCMVUL54	X17403.1	947	K	E	foscarnet	susceptible	1.1	PMID:24273181	CHARMD	Marker transfer: Recombinant
HCMVUL54	X17403.1	947	K	E	ganciclovir	susceptible	1	PMID:24273181	CHARMD	Marker transfer: Recombinant
HCMVUL54	X17403.1	949	E	K	cidofovir	susceptible	1.6	PMID:41482062	CHARMD	Source origin: Clinical Isolate
HCMVUL54	X17403.1	949	E	K	foscarnet	high-level resistance	5.8	PMID:41482062	CHARMD	Source origin: Clinical Isolate
HCMVUL54	X17403.1	949	E	K	ganciclovir	susceptible	1.7	PMID:41482062	CHARMD	Source origin: Clinical Isolate
HCMVUL54	X17403.1	949	E	Q	cidofovir	susceptible	1.7	PMID:41482062	CHARMD	Source origin: Clinical Isolate
HCMVUL54	X17403.1	949	E	Q	foscarnet	intermediate	3.7	PMID:41482062	CHARMD	Source origin: Clinical Isolate
HCMVUL54	X17403.1	949	E	Q	ganciclovir	susceptible	1.4	PMID:41482062	CHARMD	Source origin: Clinical Isolate
HCMVUL54	X17403.1	951	E	D	cidofovir	susceptible	1.1	PMID:27940027	CHARMD	Fold IC50 values: 1, 1.2; mean displayed | Source origin: Laboratory strain
HCMVUL54	X17403.1	951	E	D	foscarnet	intermediate	4.15	PMID:27940027	CHARMD	Fold IC50 values: 3.9, 4.4; mean displayed | Source origin: Laboratory strain
HCMVUL54	X17403.1	951	E	D	ganciclovir	low-level resistance	2	PMID:27940027	CHARMD	Fold IC50 values: 2.2, 1.8; mean displayed | Source origin: Laboratory strain
HCMVUL54	X17403.1	953	V	A	brincidofovir	sensitive		PMID:10348781	CHARMD	Observation: Polymorphisme naturel
HCMVUL54	X17403.1	953	V	A	cidofovir	sensitive		PMID:10348781	CHARMD	Observation: Polymorphisme naturel
HCMVUL54	X17403.1	953	V	A	cyclopropavir	sensitive		PMID:10348781	CHARMD	Observation: Polymorphisme naturel
HCMVUL54	X17403.1	953	V	A	foscarnet	sensitive		PMID:10348781	CHARMD	Observation: Polymorphisme naturel
HCMVUL54	X17403.1	953	V	A	ganciclovir	sensitive		PMID:10348781	CHARMD	Observation: Polymorphisme naturel
HCMVUL54	X17403.1	953	V	A	letermovir	sensitive		PMID:10348781	CHARMD	Observation: Polymorphisme naturel
HCMVUL54	X17403.1	953	V	A	maribavir	sensitive		PMID:10348781	CHARMD	Observation: Polymorphisme naturel
HCMVUL54	X17403.1	954	R	H	brincidofovir	sensitive			CHARMD	Observation: Polymorphisme naturel
HCMVUL54	X17403.1	954	R	H	cidofovir	sensitive			CHARMD	Observation: Polymorphisme naturel
HCMVUL54	X17403.1	954	R	H	cyclopropavir	sensitive			CHARMD	Observation: Polymorphisme naturel
HCMVUL54	X17403.1	954	R	H	foscarnet	sensitive			CHARMD	Observation: Polymorphisme naturel
HCMVUL54	X17403.1	954	R	H	ganciclovir	sensitive			CHARMD	Observation: Polymorphisme naturel
HCMVUL54	X17403.1	954	R	H	letermovir	sensitive			CHARMD	Observation: Polymorphisme naturel
HCMVUL54	X17403.1	954	R	H	maribavir	sensitive			CHARMD	Observation: Polymorphisme naturel
HCMVUL54	X17403.1	956	S	Y	brincidofovir	sensitive			CHARMD	Observation: Polymorphisme naturel
HCMVUL54	X17403.1	956	S	Y	cidofovir	sensitive			CHARMD	Observation: Polymorphisme naturel
HCMVUL54	X17403.1	956	S	Y	cyclopropavir	sensitive			CHARMD	Observation: Polymorphisme naturel
HCMVUL54	X17403.1	956	S	Y	foscarnet	sensitive			CHARMD	Observation: Polymorphisme naturel
HCMVUL54	X17403.1	956	S	Y	ganciclovir	sensitive			CHARMD	Observation: Polymorphisme naturel
HCMVUL54	X17403.1	956	S	Y	letermovir	sensitive			CHARMD	Observation: Polymorphisme naturel
HCMVUL54	X17403.1	956	S	Y	maribavir	sensitive			CHARMD	Observation: Polymorphisme naturel
HCMVUL54	X17403.1	957	L	F	cidofovir	susceptible	1.4	PMID:21709106,PMID:22001948	CHARMD	Source origin: Clincial isolate | Marker transfer: Recombinant | Assay details: PRA, ELISA tests, flow cytometry and DNA-DNA hybridization assays, quantitative real-time PCR, reporter cell lines, polymerase biochemical assays, marker transfer
HCMVUL54	X17403.1	957	L	F	foscarnet	susceptible	1.3	PMID:21709106,PMID:22001948	CHARMD	Source origin: Clincial isolate | Marker transfer: Recombinant | Assay details: PRA, ELISA tests, flow cytometry and DNA-DNA hybridization assays, quantitative real-time PCR, reporter cell lines, polymerase biochemical assays, marker transfer
HCMVUL54	X17403.1	957	L	F	ganciclovir	low-level resistance	2.7	PMID:21709106,PMID:22001948	CHARMD	Source origin: Clincial isolate | Marker transfer: Recombinant | Assay details: PRA, ELISA tests, flow cytometry and DNA-DNA hybridization assays, quantitative real-time PCR, reporter cell lines, polymerase biochemical assays, marker transfer
HCMVUL54	X17403.1	959	M	T	cidofovir	susceptible	0.9	PMID:24273181	CHARMD	Marker transfer: Recombinant
HCMVUL54	X17403.1	959	M	T	foscarnet	susceptible	1.2	PMID:24273181	CHARMD	Marker transfer: Recombinant
HCMVUL54	X17403.1	959	M	T	ganciclovir	susceptible	1.2	PMID:24273181	CHARMD	Marker transfer: Recombinant
HCMVUL54	X17403.1	972	A	V	brincidofovir	sensitive		PMID:24273181	CHARMD	Observation: Polymorphisme naturel
HCMVUL54	X17403.1	972	A	V	cidofovir	sensitive		PMID:24273181	CHARMD	Observation: Polymorphisme naturel
HCMVUL54	X17403.1	972	A	V	cyclopropavir	sensitive		PMID:24273181	CHARMD	Observation: Polymorphisme naturel
HCMVUL54	X17403.1	972	A	V	foscarnet	sensitive		PMID:24273181	CHARMD	Observation: Polymorphisme naturel
HCMVUL54	X17403.1	972	A	V	ganciclovir	sensitive		PMID:24273181	CHARMD	Observation: Polymorphisme naturel
HCMVUL54	X17403.1	972	A	V	letermovir	sensitive		PMID:24273181	CHARMD	Observation: Polymorphisme naturel
HCMVUL54	X17403.1	972	A	V	maribavir	sensitive		PMID:24273181	CHARMD	Observation: Polymorphisme naturel
HCMVUL54	X17403.1	981	D	D981del	cidofovir	low-level resistance	2.8	PMID:11069251,PMID:15980340,PMID:12825168,PMID:24890586	CHARMD	Marker transfer: Recombinant | Assay details: PRA, ELISA tests, flow cytometry and DNA-DNA hybridization assays, quantitative real-time PCR, reporter cell lines, polymerase biochemical assays, marker transfer | Observation: Mutation fr?quemment retrouv?e chez les patients re?evant des CS h?matopo?etiques
HCMVUL54	X17403.1	981	D	D981del	foscarnet	intermediate	3.6	PMID:11069251,PMID:15980340,PMID:12825168,PMID:24890586	CHARMD	Marker transfer: Recombinant | Assay details: PRA, ELISA tests, flow cytometry and DNA-DNA hybridization assays, quantitative real-time PCR, reporter cell lines, polymerase biochemical assays, marker transfer | Observation: Mutation fr?quemment retrouv?e chez les patients re?evant des CS h?matopo?etiques
HCMVUL54	X17403.1	981	D	D981del	ganciclovir	high-level resistance	8.3	PMID:11069251,PMID:15980340,PMID:12825168,PMID:24890586	CHARMD	Marker transfer: Recombinant | Assay details: PRA, ELISA tests, flow cytometry and DNA-DNA hybridization assays, quantitative real-time PCR, reporter cell lines, polymerase biochemical assays, marker transfer | Observation: Mutation fr?quemment retrouv?e chez les patients re?evant des CS h?matopo?etiques
HCMVUL54	X17403.1	987	A	G	cidofovir	high-level resistance	8.26667	PMID:9621055,PMID:12198609,PMID:23985916,PMID:15258973,PMID:20961907,PMID:11704031,PMID:27940027	CHARMD	Fold IC50 values: 11.3, 8.5, 5; mean displayed | Source origin: Clincial isolate | Marker transfer: Recombinant | Assay details: PRA, ELISA tests, flow cytometry and DNA-DNA hybridization assays, quantitative real-time PCR, reporter cell lines, polymerase biochemical assays, marker transfer | Source origin: Laboratory strain, Clinical Isolate
HCMVUL54	X17403.1	987	A	G	foscarnet	susceptible	1.2	PMID:9621055,PMID:12198609,PMID:23985916,PMID:15258973,PMID:20961907,PMID:11704031	CHARMD	Source origin: Clincial isolate | Marker transfer: Recombinant | Assay details: PRA, ELISA tests, flow cytometry and DNA-DNA hybridization assays, quantitative real-time PCR, reporter cell lines, polymerase biochemical assays, marker transfer
HCMVUL54	X17403.1	987	A	G	ganciclovir	high-level resistance	5.3	PMID:9621055,PMID:12198609,PMID:23985916,PMID:15258973,PMID:20961907,PMID:11704031	CHARMD	Source origin: Clincial isolate | Marker transfer: Recombinant | Assay details: PRA, ELISA tests, flow cytometry and DNA-DNA hybridization assays, quantitative real-time PCR, reporter cell lines, polymerase biochemical assays, marker transfer
HCMVUL54	X17403.1	987	A	V	cidofovir	susceptible	0.9	PMID:32726419	CHARMD	Source origin: Laboratory strain, Clinical Isolate
HCMVUL54	X17403.1	987	A	V	foscarnet	intermediate	3.1	PMID:32726419	CHARMD	Source origin: Laboratory strain, Clinical Isolate
HCMVUL54	X17403.1	987	A	V	ganciclovir	susceptible	0.9	PMID:32726419	CHARMD	Source origin: Laboratory strain, Clinical Isolate
HCMVUL54	X17403.1	989	E	D	cidofovir	susceptible	1.9	PMID:32726419	CHARMD	Source origin: Clinical Isolate
HCMVUL54	X17403.1	989	E	D	foscarnet	high-level resistance	5.7	PMID:32726419	CHARMD	Source origin: Clinical Isolate
HCMVUL54	X17403.1	989	E	D	ganciclovir	intermediate	3.2	PMID:32726419	CHARMD	Source origin: Clinical Isolate
HCMVUL54	X17403.1	989	E	Q	brincidofovir	sensitive			CHARMD	Observation: Polymorphisme naturel
HCMVUL54	X17403.1	989	E	Q	cidofovir	sensitive			CHARMD	Observation: Polymorphisme naturel
HCMVUL54	X17403.1	989	E	Q	cyclopropavir	sensitive			CHARMD	Observation: Polymorphisme naturel
HCMVUL54	X17403.1	989	E	Q	foscarnet	sensitive			CHARMD	Observation: Polymorphisme naturel
HCMVUL54	X17403.1	989	E	Q	ganciclovir	sensitive			CHARMD	Observation: Polymorphisme naturel
HCMVUL54	X17403.1	989	E	Q	letermovir	sensitive			CHARMD	Observation: Polymorphisme naturel
HCMVUL54	X17403.1	989	E	Q	maribavir	sensitive			CHARMD	Observation: Polymorphisme naturel
HCMVUL54	X17403.1	993	G	C	brincidofovir	sensitive			CHARMD	Observation: Polymorphisme naturel
HCMVUL54	X17403.1	993	G	C	cidofovir	sensitive			CHARMD	Observation: Polymorphisme naturel
HCMVUL54	X17403.1	993	G	C	cyclopropavir	sensitive			CHARMD	Observation: Polymorphisme naturel
HCMVUL54	X17403.1	993	G	C	foscarnet	sensitive			CHARMD	Observation: Polymorphisme naturel
HCMVUL54	X17403.1	993	G	C	ganciclovir	sensitive			CHARMD	Observation: Polymorphisme naturel
HCMVUL54	X17403.1	993	G	C	letermovir	sensitive			CHARMD	Observation: Polymorphisme naturel
HCMVUL54	X17403.1	993	G	C	maribavir	sensitive			CHARMD	Observation: Polymorphisme naturel
HCMVUL54	X17403.1	995	T	K	brincidofovir	sensitive			CHARMD	Observation: Polymorphisme naturel
HCMVUL54	X17403.1	995	T	K	cidofovir	sensitive			CHARMD	Observation: Polymorphisme naturel
HCMVUL54	X17403.1	995	T	K	cyclopropavir	sensitive			CHARMD	Observation: Polymorphisme naturel
HCMVUL54	X17403.1	995	T	K	foscarnet	sensitive			CHARMD	Observation: Polymorphisme naturel
HCMVUL54	X17403.1	995	T	K	ganciclovir	sensitive			CHARMD	Observation: Polymorphisme naturel
HCMVUL54	X17403.1	995	T	K	letermovir	sensitive			CHARMD	Observation: Polymorphisme naturel
HCMVUL54	X17403.1	995	T	K	maribavir	sensitive			CHARMD	Observation: Polymorphisme naturel
HCMVUL54	X17403.1	998	N	D	brincidofovir	sensitive			CHARMD	Observation: Polymorphisme naturel
HCMVUL54	X17403.1	998	N	D	cidofovir	sensitive			CHARMD	Observation: Polymorphisme naturel
HCMVUL54	X17403.1	998	N	D	cyclopropavir	sensitive			CHARMD	Observation: Polymorphisme naturel
HCMVUL54	X17403.1	998	N	D	foscarnet	sensitive			CHARMD	Observation: Polymorphisme naturel
HCMVUL54	X17403.1	998	N	D	ganciclovir	sensitive			CHARMD	Observation: Polymorphisme naturel
HCMVUL54	X17403.1	998	N	D	letermovir	sensitive			CHARMD	Observation: Polymorphisme naturel
HCMVUL54	X17403.1	998	N	D	maribavir	sensitive			CHARMD	Observation: Polymorphisme naturel
HCMVUL54	X17403.1	1000	S	L	brincidofovir	sensitive		PMID:24273181	CHARMD	Observation: Victor trial , before any exposure
HCMVUL54	X17403.1	1000	S	L	cidofovir	sensitive		PMID:24273181	CHARMD	Observation: Victor trial , before any exposure
HCMVUL54	X17403.1	1000	S	L	cyclopropavir	sensitive		PMID:24273181	CHARMD	Observation: Victor trial , before any exposure
HCMVUL54	X17403.1	1000	S	L	foscarnet	sensitive		PMID:24273181	CHARMD	Observation: Victor trial , before any exposure
HCMVUL54	X17403.1	1000	S	L	ganciclovir	sensitive		PMID:24273181	CHARMD	Observation: Victor trial , before any exposure
HCMVUL54	X17403.1	1000	S	L	letermovir	sensitive		PMID:24273181	CHARMD	Observation: Victor trial , before any exposure
HCMVUL54	X17403.1	1000	S	L	maribavir	sensitive		PMID:24273181	CHARMD	Observation: Victor trial , before any exposure
HCMVUL54	X17403.1	1005	D	N	brincidofovir	sensitive		PMID:24273181	CHARMD	Observation: Victor trial , before any exposure
HCMVUL54	X17403.1	1005	D	N	cidofovir	sensitive		PMID:24273181	CHARMD	Observation: Victor trial , before any exposure
HCMVUL54	X17403.1	1005	D	N	cyclopropavir	sensitive		PMID:24273181	CHARMD	Observation: Victor trial , before any exposure
HCMVUL54	X17403.1	1005	D	N	foscarnet	sensitive		PMID:24273181	CHARMD	Observation: Victor trial , before any exposure
HCMVUL54	X17403.1	1005	D	N	ganciclovir	sensitive		PMID:24273181	CHARMD	Observation: Victor trial , before any exposure
HCMVUL54	X17403.1	1005	D	N	letermovir	sensitive		PMID:24273181	CHARMD	Observation: Victor trial , before any exposure
HCMVUL54	X17403.1	1005	D	N	maribavir	sensitive		PMID:24273181	CHARMD	Observation: Victor trial , before any exposure
HCMVUL54	X17403.1	1006	R	C	brincidofovir	sensitive		PMID:24273181	CHARMD	Observation: Victor trial , before any exposure
HCMVUL54	X17403.1	1006	R	C	cidofovir	sensitive		PMID:24273181	CHARMD	Observation: Victor trial , before any exposure
HCMVUL54	X17403.1	1006	R	C	cyclopropavir	sensitive		PMID:24273181	CHARMD	Observation: Victor trial , before any exposure
HCMVUL54	X17403.1	1006	R	C	foscarnet	sensitive		PMID:24273181	CHARMD	Observation: Victor trial , before any exposure
HCMVUL54	X17403.1	1006	R	C	ganciclovir	sensitive		PMID:24273181	CHARMD	Observation: Victor trial , before any exposure
HCMVUL54	X17403.1	1006	R	C	letermovir	sensitive		PMID:24273181	CHARMD	Observation: Victor trial , before any exposure
HCMVUL54	X17403.1	1006	R	C	maribavir	sensitive		PMID:24273181	CHARMD	Observation: Victor trial , before any exposure
HCMVUL54	X17403.1	1006	R	G	brincidofovir	sensitive			CHARMD	Observation: Polymorphisme naturel
HCMVUL54	X17403.1	1006	R	G	cidofovir	sensitive			CHARMD	Observation: Polymorphisme naturel
HCMVUL54	X17403.1	1006	R	G	cyclopropavir	sensitive			CHARMD	Observation: Polymorphisme naturel
HCMVUL54	X17403.1	1006	R	G	foscarnet	sensitive			CHARMD	Observation: Polymorphisme naturel
HCMVUL54	X17403.1	1006	R	G	ganciclovir	sensitive			CHARMD	Observation: Polymorphisme naturel
HCMVUL54	X17403.1	1006	R	G	letermovir	sensitive			CHARMD	Observation: Polymorphisme naturel
HCMVUL54	X17403.1	1006	R	G	maribavir	sensitive			CHARMD	Observation: Polymorphisme naturel
HCMVUL54	X17403.1	1012	A	V	brincidofovir	sensitive		PMID:10348781	CHARMD	Observation: Polymorphisme naturel
HCMVUL54	X17403.1	1012	A	V	cidofovir	sensitive		PMID:10348781	CHARMD	Observation: Polymorphisme naturel
HCMVUL54	X17403.1	1012	A	V	cyclopropavir	sensitive		PMID:10348781	CHARMD	Observation: Polymorphisme naturel
HCMVUL54	X17403.1	1012	A	V	foscarnet	sensitive		PMID:10348781	CHARMD	Observation: Polymorphisme naturel
HCMVUL54	X17403.1	1012	A	V	ganciclovir	sensitive		PMID:10348781	CHARMD	Observation: Polymorphisme naturel
HCMVUL54	X17403.1	1012	A	V	letermovir	sensitive		PMID:10348781	CHARMD	Observation: Polymorphisme naturel
HCMVUL54	X17403.1	1012	A	V	maribavir	sensitive		PMID:10348781	CHARMD	Observation: Polymorphisme naturel
HCMVUL54	X17403.1	1020	L	I	brincidofovir	sensitive		PMID:10348781	CHARMD	Observation: Polymorphisme naturel
HCMVUL54	X17403.1	1020	L	I	cidofovir	sensitive		PMID:10348781	CHARMD	Observation: Polymorphisme naturel
HCMVUL54	X17403.1	1020	L	I	cyclopropavir	sensitive		PMID:10348781	CHARMD	Observation: Polymorphisme naturel
HCMVUL54	X17403.1	1020	L	I	foscarnet	sensitive		PMID:10348781	CHARMD	Observation: Polymorphisme naturel
HCMVUL54	X17403.1	1020	L	I	ganciclovir	sensitive		PMID:10348781	CHARMD	Observation: Polymorphisme naturel
HCMVUL54	X17403.1	1020	L	I	letermovir	sensitive		PMID:10348781	CHARMD	Observation: Polymorphisme naturel
HCMVUL54	X17403.1	1020	L	I	maribavir	sensitive		PMID:10348781	CHARMD	Observation: Polymorphisme naturel
HCMVUL54	X17403.1	1052	R	C	brincidofovir	sensitive			CHARMD	Observation: Polymorphisme naturel
HCMVUL54	X17403.1	1052	R	C	cidofovir	sensitive			CHARMD	Observation: Polymorphisme naturel
HCMVUL54	X17403.1	1052	R	C	cyclopropavir	sensitive			CHARMD	Observation: Polymorphisme naturel
HCMVUL54	X17403.1	1052	R	C	foscarnet	sensitive			CHARMD	Observation: Polymorphisme naturel
HCMVUL54	X17403.1	1052	R	C	ganciclovir	sensitive			CHARMD	Observation: Polymorphisme naturel
HCMVUL54	X17403.1	1052	R	C	letermovir	sensitive			CHARMD	Observation: Polymorphisme naturel
HCMVUL54	X17403.1	1052	R	C	maribavir	sensitive			CHARMD	Observation: Polymorphisme naturel
HCMVUL54	X17403.1	1055	D	L	brincidofovir	sensitive			CHARMD	Observation: Polymorphisme naturel
HCMVUL54	X17403.1	1055	D	L	cidofovir	sensitive			CHARMD	Observation: Polymorphisme naturel
HCMVUL54	X17403.1	1055	D	L	cyclopropavir	sensitive			CHARMD	Observation: Polymorphisme naturel
HCMVUL54	X17403.1	1055	D	L	foscarnet	sensitive			CHARMD	Observation: Polymorphisme naturel
HCMVUL54	X17403.1	1055	D	L	ganciclovir	sensitive			CHARMD	Observation: Polymorphisme naturel
HCMVUL54	X17403.1	1055	D	L	letermovir	sensitive			CHARMD	Observation: Polymorphisme naturel
HCMVUL54	X17403.1	1055	D	L	maribavir	sensitive			CHARMD	Observation: Polymorphisme naturel
HCMVUL54	X17403.1	1070	R	G	brincidofovir	sensitive			CHARMD	Observation: Polymorphisme naturel
HCMVUL54	X17403.1	1070	R	G	cidofovir	sensitive			CHARMD	Observation: Polymorphisme naturel
HCMVUL54	X17403.1	1070	R	G	cyclopropavir	sensitive			CHARMD	Observation: Polymorphisme naturel
HCMVUL54	X17403.1	1070	R	G	foscarnet	sensitive			CHARMD	Observation: Polymorphisme naturel
HCMVUL54	X17403.1	1070	R	G	ganciclovir	sensitive			CHARMD	Observation: Polymorphisme naturel
HCMVUL54	X17403.1	1070	R	G	letermovir	sensitive			CHARMD	Observation: Polymorphisme naturel
HCMVUL54	X17403.1	1070	R	G	maribavir	sensitive			CHARMD	Observation: Polymorphisme naturel
HCMVUL54	X17403.1	1071	Q	R	brincidofovir	sensitive			CHARMD	Observation: Polymorphisme naturel
HCMVUL54	X17403.1	1071	Q	R	cidofovir	sensitive			CHARMD	Observation: Polymorphisme naturel
HCMVUL54	X17403.1	1071	Q	R	cyclopropavir	sensitive			CHARMD	Observation: Polymorphisme naturel
HCMVUL54	X17403.1	1071	Q	R	foscarnet	sensitive			CHARMD	Observation: Polymorphisme naturel
HCMVUL54	X17403.1	1071	Q	R	ganciclovir	sensitive			CHARMD	Observation: Polymorphisme naturel
HCMVUL54	X17403.1	1071	Q	R	letermovir	sensitive			CHARMD	Observation: Polymorphisme naturel
HCMVUL54	X17403.1	1071	Q	R	maribavir	sensitive			CHARMD	Observation: Polymorphisme naturel
HCMVUL54	X17403.1	1074	L	M	brincidofovir	sensitive			CHARMD	Observation: Polymorphisme naturel
HCMVUL54	X17403.1	1074	L	M	cidofovir	sensitive			CHARMD	Observation: Polymorphisme naturel
HCMVUL54	X17403.1	1074	L	M	cyclopropavir	sensitive			CHARMD	Observation: Polymorphisme naturel
HCMVUL54	X17403.1	1074	L	M	foscarnet	sensitive			CHARMD	Observation: Polymorphisme naturel
HCMVUL54	X17403.1	1074	L	M	ganciclovir	sensitive			CHARMD	Observation: Polymorphisme naturel
HCMVUL54	X17403.1	1074	L	M	letermovir	sensitive			CHARMD	Observation: Polymorphisme naturel
HCMVUL54	X17403.1	1074	L	M	maribavir	sensitive			CHARMD	Observation: Polymorphisme naturel
HCMVUL54	X17403.1	1079	V	I	brincidofovir	sensitive			CHARMD	Observation: Polymorphisme naturel
HCMVUL54	X17403.1	1079	V	I	cidofovir	sensitive			CHARMD	Observation: Polymorphisme naturel
HCMVUL54	X17403.1	1079	V	I	cyclopropavir	sensitive			CHARMD	Observation: Polymorphisme naturel
HCMVUL54	X17403.1	1079	V	I	foscarnet	sensitive			CHARMD	Observation: Polymorphisme naturel
HCMVUL54	X17403.1	1079	V	I	ganciclovir	sensitive			CHARMD	Observation: Polymorphisme naturel
HCMVUL54	X17403.1	1079	V	I	letermovir	sensitive			CHARMD	Observation: Polymorphisme naturel
HCMVUL54	X17403.1	1079	V	I	maribavir	sensitive			CHARMD	Observation: Polymorphisme naturel
HCMVUL54	X17403.1	1108	T	A	brincidofovir	sensitive		PMID:10348781	CHARMD	Observation: Polymorphisme naturel
HCMVUL54	X17403.1	1108	T	A	cidofovir	sensitive		PMID:10348781	CHARMD	Observation: Polymorphisme naturel
HCMVUL54	X17403.1	1108	T	A	cyclopropavir	sensitive		PMID:10348781	CHARMD	Observation: Polymorphisme naturel
HCMVUL54	X17403.1	1108	T	A	foscarnet	sensitive		PMID:10348781	CHARMD	Observation: Polymorphisme naturel
HCMVUL54	X17403.1	1108	T	A	ganciclovir	sensitive		PMID:10348781	CHARMD	Observation: Polymorphisme naturel
HCMVUL54	X17403.1	1108	T	A	letermovir	sensitive		PMID:10348781	CHARMD	Observation: Polymorphisme naturel
HCMVUL54	X17403.1	1108	T	A	maribavir	sensitive		PMID:10348781	CHARMD	Observation: Polymorphisme naturel
HCMVUL54	X17403.1	1116	N	H	brincidofovir	sensitive		PMID:10348781	CHARMD	Observation: Polymorphisme naturel
HCMVUL54	X17403.1	1116	N	H	cidofovir	sensitive		PMID:10348781	CHARMD	Observation: Polymorphisme naturel
HCMVUL54	X17403.1	1116	N	H	cyclopropavir	sensitive		PMID:10348781	CHARMD	Observation: Polymorphisme naturel
HCMVUL54	X17403.1	1116	N	H	foscarnet	sensitive		PMID:10348781	CHARMD	Observation: Polymorphisme naturel
HCMVUL54	X17403.1	1116	N	H	ganciclovir	sensitive		PMID:10348781	CHARMD	Observation: Polymorphisme naturel
HCMVUL54	X17403.1	1116	N	H	letermovir	sensitive		PMID:10348781	CHARMD	Observation: Polymorphisme naturel
HCMVUL54	X17403.1	1116	N	H	maribavir	sensitive		PMID:10348781	CHARMD	Observation: Polymorphisme naturel
HCMVUL54	X17403.1	1122	A	T	brincidofovir	sensitive		PMID:10348781	CHARMD	Observation: Polymorphisme naturel
HCMVUL54	X17403.1	1122	A	T	cidofovir	sensitive		PMID:10348781	CHARMD	Observation: Polymorphisme naturel
HCMVUL54	X17403.1	1122	A	T	cyclopropavir	sensitive		PMID:10348781	CHARMD	Observation: Polymorphisme naturel
HCMVUL54	X17403.1	1122	A	T	foscarnet	sensitive		PMID:10348781	CHARMD	Observation: Polymorphisme naturel
HCMVUL54	X17403.1	1122	A	T	ganciclovir	sensitive		PMID:10348781	CHARMD	Observation: Polymorphisme naturel
HCMVUL54	X17403.1	1122	A	T	letermovir	sensitive		PMID:10348781	CHARMD	Observation: Polymorphisme naturel
HCMVUL54	X17403.1	1122	A	T	maribavir	sensitive		PMID:10348781	CHARMD	Observation: Polymorphisme naturel
HCMVUL54	X17403.1	1129	P	Q	brincidofovir	sensitive			CHARMD	Observation: Polymorphisme naturel
HCMVUL54	X17403.1	1129	P	Q	cidofovir	sensitive			CHARMD	Observation: Polymorphisme naturel
HCMVUL54	X17403.1	1129	P	Q	cyclopropavir	sensitive			CHARMD	Observation: Polymorphisme naturel
HCMVUL54	X17403.1	1129	P	Q	foscarnet	sensitive			CHARMD	Observation: Polymorphisme naturel
HCMVUL54	X17403.1	1129	P	Q	ganciclovir	sensitive			CHARMD	Observation: Polymorphisme naturel
HCMVUL54	X17403.1	1129	P	Q	letermovir	sensitive			CHARMD	Observation: Polymorphisme naturel
HCMVUL54	X17403.1	1129	P	Q	maribavir	sensitive			CHARMD	Observation: Polymorphisme naturel
HCMVUL54	X17403.1	1133	G	S	brincidofovir	sensitive		PMID:10348781	CHARMD	Observation: Polymorphisme naturel
HCMVUL54	X17403.1	1133	G	S	cidofovir	sensitive		PMID:10348781	CHARMD	Observation: Polymorphisme naturel
HCMVUL54	X17403.1	1133	G	S	cyclopropavir	sensitive		PMID:10348781	CHARMD	Observation: Polymorphisme naturel
HCMVUL54	X17403.1	1133	G	S	foscarnet	sensitive		PMID:10348781	CHARMD	Observation: Polymorphisme naturel
HCMVUL54	X17403.1	1133	G	S	ganciclovir	sensitive		PMID:10348781	CHARMD	Observation: Polymorphisme naturel
HCMVUL54	X17403.1	1133	G	S	letermovir	sensitive		PMID:10348781	CHARMD	Observation: Polymorphisme naturel
HCMVUL54	X17403.1	1133	G	S	maribavir	sensitive		PMID:10348781	CHARMD	Observation: Polymorphisme naturel
HCMVUL54	X17403.1	1138	A	T	brincidofovir	sensitive			CHARMD	Observation: Polymorphisme naturel
HCMVUL54	X17403.1	1138	A	T	cidofovir	sensitive			CHARMD	Observation: Polymorphisme naturel
HCMVUL54	X17403.1	1138	A	T	cyclopropavir	sensitive			CHARMD	Observation: Polymorphisme naturel
HCMVUL54	X17403.1	1138	A	T	foscarnet	sensitive			CHARMD	Observation: Polymorphisme naturel
HCMVUL54	X17403.1	1138	A	T	ganciclovir	sensitive			CHARMD	Observation: Polymorphisme naturel
HCMVUL54	X17403.1	1138	A	T	letermovir	sensitive			CHARMD	Observation: Polymorphisme naturel
HCMVUL54	X17403.1	1138	A	T	maribavir	sensitive			CHARMD	Observation: Polymorphisme naturel
HCMVUL54	X17403.1	1146	S	N	brincidofovir	sensitive		PMID:10348781	CHARMD	Observation: Polymorphisme naturel
HCMVUL54	X17403.1	1146	S	N	cidofovir	sensitive		PMID:10348781	CHARMD	Observation: Polymorphisme naturel
HCMVUL54	X17403.1	1146	S	N	cyclopropavir	sensitive		PMID:10348781	CHARMD	Observation: Polymorphisme naturel
HCMVUL54	X17403.1	1146	S	N	foscarnet	sensitive		PMID:10348781	CHARMD	Observation: Polymorphisme naturel
HCMVUL54	X17403.1	1146	S	N	ganciclovir	sensitive		PMID:10348781	CHARMD	Observation: Polymorphisme naturel
HCMVUL54	X17403.1	1146	S	N	letermovir	sensitive		PMID:10348781	CHARMD	Observation: Polymorphisme naturel
HCMVUL54	X17403.1	1146	S	N	maribavir	sensitive		PMID:10348781	CHARMD	Observation: Polymorphisme naturel
HCMVUL54	X17403.1	1147	N	S	brincidofovir	sensitive		PMID:10348781	CHARMD	Observation: Polymorphisme naturel
HCMVUL54	X17403.1	1147	N	S	cidofovir	sensitive		PMID:10348781	CHARMD	Observation: Polymorphisme naturel
HCMVUL54	X17403.1	1147	N	S	cyclopropavir	sensitive		PMID:10348781	CHARMD	Observation: Polymorphisme naturel
HCMVUL54	X17403.1	1147	N	S	foscarnet	sensitive		PMID:10348781	CHARMD	Observation: Polymorphisme naturel
HCMVUL54	X17403.1	1147	N	S	ganciclovir	sensitive		PMID:10348781	CHARMD	Observation: Polymorphisme naturel
HCMVUL54	X17403.1	1147	N	S	letermovir	sensitive		PMID:10348781	CHARMD	Observation: Polymorphisme naturel
HCMVUL54	X17403.1	1147	N	S	maribavir	sensitive		PMID:10348781	CHARMD	Observation: Polymorphisme naturel
HCMVUL54	X17403.1	1149	R	T	brincidofovir	sensitive		PMID:10348781	CHARMD	Observation: Polymorphisme naturel
HCMVUL54	X17403.1	1149	R	T	cidofovir	sensitive		PMID:10348781	CHARMD	Observation: Polymorphisme naturel
HCMVUL54	X17403.1	1149	R	T	cyclopropavir	sensitive		PMID:10348781	CHARMD	Observation: Polymorphisme naturel
HCMVUL54	X17403.1	1149	R	T	foscarnet	sensitive		PMID:10348781	CHARMD	Observation: Polymorphisme naturel
HCMVUL54	X17403.1	1149	R	T	ganciclovir	sensitive		PMID:10348781	CHARMD	Observation: Polymorphisme naturel
HCMVUL54	X17403.1	1149	R	T	letermovir	sensitive		PMID:10348781	CHARMD	Observation: Polymorphisme naturel
HCMVUL54	X17403.1	1149	R	T	maribavir	sensitive		PMID:10348781	CHARMD	Observation: Polymorphisme naturel
HCMVUL54	X17403.1	1151	G	G1151del	brincidofovir	sensitive		PMID:10348781	CHARMD	Observation: Polymorphisme naturel
HCMVUL54	X17403.1	1151	G	G1151del	cidofovir	sensitive		PMID:10348781	CHARMD	Observation: Polymorphisme naturel
HCMVUL54	X17403.1	1151	G	G1151del	cyclopropavir	sensitive		PMID:10348781	CHARMD	Observation: Polymorphisme naturel
HCMVUL54	X17403.1	1151	G	G1151del	foscarnet	sensitive		PMID:10348781	CHARMD	Observation: Polymorphisme naturel
HCMVUL54	X17403.1	1151	G	G1151del	ganciclovir	sensitive		PMID:10348781	CHARMD	Observation: Polymorphisme naturel
HCMVUL54	X17403.1	1151	G	G1151del	letermovir	sensitive		PMID:10348781	CHARMD	Observation: Polymorphisme naturel
HCMVUL54	X17403.1	1151	G	G1151del	maribavir	sensitive		PMID:10348781	CHARMD	Observation: Polymorphisme naturel
HCMVUL54	X17403.1	1153	P	S	brincidofovir	sensitive		PMID:10348781	CHARMD	Observation: Polymorphisme naturel
HCMVUL54	X17403.1	1153	P	S	cidofovir	sensitive		PMID:10348781	CHARMD	Observation: Polymorphisme naturel
HCMVUL54	X17403.1	1153	P	S	cyclopropavir	sensitive		PMID:10348781	CHARMD	Observation: Polymorphisme naturel
HCMVUL54	X17403.1	1153	P	S	foscarnet	sensitive		PMID:10348781	CHARMD	Observation: Polymorphisme naturel
HCMVUL54	X17403.1	1153	P	S	ganciclovir	sensitive		PMID:10348781	CHARMD	Observation: Polymorphisme naturel
HCMVUL54	X17403.1	1153	P	S	letermovir	sensitive		PMID:10348781	CHARMD	Observation: Polymorphisme naturel
HCMVUL54	X17403.1	1153	P	S	maribavir	sensitive		PMID:10348781	CHARMD	Observation: Polymorphisme naturel
HCMVUL54	X17403.1	1154	A	P	brincidofovir	sensitive		PMID:9207351	CHARMD	Source origin: Clinical Isolate | Observation: Natural polymorphism
HCMVUL54	X17403.1	1154	A	P	cidofovir	sensitive		PMID:9207351	CHARMD	Source origin: Clinical Isolate | Observation: Natural polymorphism
HCMVUL54	X17403.1	1154	A	P	cyclopropavir	sensitive		PMID:9207351	CHARMD	Source origin: Clinical Isolate | Observation: Natural polymorphism
HCMVUL54	X17403.1	1154	A	P	foscarnet	sensitive		PMID:9207351	CHARMD	Source origin: Clinical Isolate | Observation: Natural polymorphism
HCMVUL54	X17403.1	1154	A	P	ganciclovir	sensitive		PMID:9207351	CHARMD	Source origin: Clinical Isolate | Observation: Natural polymorphism
HCMVUL54	X17403.1	1154	A	P	letermovir	sensitive		PMID:9207351	CHARMD	Source origin: Clinical Isolate | Observation: Natural polymorphism
HCMVUL54	X17403.1	1154	A	P	maribavir	sensitive		PMID:9207351	CHARMD	Source origin: Clinical Isolate | Observation: Natural polymorphism
HCMVUL54	X17403.1	1156	L	L1156del	brincidofovir	sensitive		PMID:10348781	CHARMD	Observation: Polymorphisme naturel
HCMVUL54	X17403.1	1156	L	L1156del	cidofovir	sensitive		PMID:10348781	CHARMD	Observation: Polymorphisme naturel
HCMVUL54	X17403.1	1156	L	L1156del	cyclopropavir	sensitive		PMID:10348781	CHARMD	Observation: Polymorphisme naturel
HCMVUL54	X17403.1	1156	L	L1156del	foscarnet	sensitive		PMID:10348781	CHARMD	Observation: Polymorphisme naturel
HCMVUL54	X17403.1	1156	L	L1156del	ganciclovir	sensitive		PMID:10348781	CHARMD	Observation: Polymorphisme naturel
HCMVUL54	X17403.1	1156	L	L1156del	letermovir	sensitive		PMID:10348781	CHARMD	Observation: Polymorphisme naturel
HCMVUL54	X17403.1	1156	L	L1156del	maribavir	sensitive		PMID:10348781	CHARMD	Observation: Polymorphisme naturel
HCMVUL54	X17403.1	1162	S	L	brincidofovir	sensitive		PMID:10348781	CHARMD	Observation: Polymorphisme naturel
HCMVUL54	X17403.1	1162	S	L	cidofovir	sensitive		PMID:10348781	CHARMD	Observation: Polymorphisme naturel
HCMVUL54	X17403.1	1162	S	L	cyclopropavir	sensitive		PMID:10348781	CHARMD	Observation: Polymorphisme naturel
HCMVUL54	X17403.1	1162	S	L	foscarnet	sensitive		PMID:10348781	CHARMD	Observation: Polymorphisme naturel
HCMVUL54	X17403.1	1162	S	L	ganciclovir	sensitive		PMID:10348781	CHARMD	Observation: Polymorphisme naturel
HCMVUL54	X17403.1	1162	S	L	letermovir	sensitive		PMID:10348781	CHARMD	Observation: Polymorphisme naturel
HCMVUL54	X17403.1	1162	S	L	maribavir	sensitive		PMID:10348781	CHARMD	Observation: Polymorphisme naturel
HCMVUL54	X17403.1	1235	S	T	brincidofovir	sensitive		PMID:10348781	CHARMD	Observation: Polymorphisme naturel
HCMVUL54	X17403.1	1235	S	T	cidofovir	sensitive		PMID:10348781	CHARMD	Observation: Polymorphisme naturel
HCMVUL54	X17403.1	1235	S	T	cyclopropavir	sensitive		PMID:10348781	CHARMD	Observation: Polymorphisme naturel
HCMVUL54	X17403.1	1235	S	T	foscarnet	sensitive		PMID:10348781	CHARMD	Observation: Polymorphisme naturel
HCMVUL54	X17403.1	1235	S	T	ganciclovir	sensitive		PMID:10348781	CHARMD	Observation: Polymorphisme naturel
HCMVUL54	X17403.1	1235	S	T	letermovir	sensitive		PMID:10348781	CHARMD	Observation: Polymorphisme naturel
HCMVUL54	X17403.1	1235	S	T	maribavir	sensitive		PMID:10348781	CHARMD	Observation: Polymorphisme naturel
HCMVUL54	X17403.1	1241	C	G	brincidofovir	sensitive			CHARMD	Observation: Polymorphisme naturel
HCMVUL54	X17403.1	1241	C	G	cidofovir	sensitive			CHARMD	Observation: Polymorphisme naturel
HCMVUL54	X17403.1	1241	C	G	cyclopropavir	sensitive			CHARMD	Observation: Polymorphisme naturel
HCMVUL54	X17403.1	1241	C	G	foscarnet	sensitive			CHARMD	Observation: Polymorphisme naturel
HCMVUL54	X17403.1	1241	C	G	ganciclovir	sensitive			CHARMD	Observation: Polymorphisme naturel
HCMVUL54	X17403.1	1241	C	G	letermovir	sensitive			CHARMD	Observation: Polymorphisme naturel
HCMVUL54	X17403.1	1241	C	G	maribavir	sensitive			CHARMD	Observation: Polymorphisme naturel
HCMVUL56	X17403.1	2	E	K	brincidofovir	sensitive		PMID:18771048	CHARMD	Source origin: Clinical Isolate | Observation: Polymorphisme naturel première publication : contient les numéros genbank
HCMVUL56	X17403.1	2	E	K	cidofovir	sensitive		PMID:18771048	CHARMD	Source origin: Clinical Isolate | Observation: Polymorphisme naturel première publication : contient les numéros genbank
HCMVUL56	X17403.1	2	E	K	cyclopropavir	sensitive		PMID:18771048	CHARMD	Source origin: Clinical Isolate | Observation: Polymorphisme naturel première publication : contient les numéros genbank
HCMVUL56	X17403.1	2	E	K	foscarnet	sensitive		PMID:18771048	CHARMD	Source origin: Clinical Isolate | Observation: Polymorphisme naturel première publication : contient les numéros genbank
HCMVUL56	X17403.1	2	E	K	ganciclovir	sensitive		PMID:18771048	CHARMD	Source origin: Clinical Isolate | Observation: Polymorphisme naturel première publication : contient les numéros genbank
HCMVUL56	X17403.1	2	E	K	letermovir	sensitive		PMID:18771048	CHARMD	Source origin: Clinical Isolate | Observation: Polymorphisme naturel première publication : contient les numéros genbank
HCMVUL56	X17403.1	2	E	K	maribavir	sensitive		PMID:18771048	CHARMD	Source origin: Clinical Isolate | Observation: Polymorphisme naturel première publication : contient les numéros genbank
HCMVUL56	X17403.1	12	V	L	brincidofovir	sensitive		PMID:18771048	CHARMD	Source origin: Clinical Isolate | Observation: Polymorphisme naturel
HCMVUL56	X17403.1	12	V	L	cidofovir	sensitive		PMID:18771048	CHARMD	Source origin: Clinical Isolate | Observation: Polymorphisme naturel
HCMVUL56	X17403.1	12	V	L	cyclopropavir	sensitive		PMID:18771048	CHARMD	Source origin: Clinical Isolate | Observation: Polymorphisme naturel
HCMVUL56	X17403.1	12	V	L	foscarnet	sensitive		PMID:18771048	CHARMD	Source origin: Clinical Isolate | Observation: Polymorphisme naturel
HCMVUL56	X17403.1	12	V	L	ganciclovir	sensitive		PMID:18771048	CHARMD	Source origin: Clinical Isolate | Observation: Polymorphisme naturel
HCMVUL56	X17403.1	12	V	L	letermovir	sensitive		PMID:18771048	CHARMD	Source origin: Clinical Isolate | Observation: Polymorphisme naturel
HCMVUL56	X17403.1	12	V	L	maribavir	sensitive		PMID:18771048	CHARMD	Source origin: Clinical Isolate | Observation: Polymorphisme naturel
HCMVUL56	X17403.1	25	C	F	letermovir	high-level resistance	5.4	PMID:29914965	CHARMD	Source origin: Laboratory strain | Marker transfer: Recombinant | Assay details: SEAP
HCMVUL56	X17403.1	33	V	A	brincidofovir	sensitive		PMID:25194992	CHARMD	Source origin: Clinical Isolate | Observation: Polymorphisme naturel
HCMVUL56	X17403.1	33	V	A	cidofovir	sensitive		PMID:25194992	CHARMD	Source origin: Clinical Isolate | Observation: Polymorphisme naturel
HCMVUL56	X17403.1	33	V	A	cyclopropavir	sensitive		PMID:25194992	CHARMD	Source origin: Clinical Isolate | Observation: Polymorphisme naturel
HCMVUL56	X17403.1	33	V	A	foscarnet	sensitive		PMID:25194992	CHARMD	Source origin: Clinical Isolate | Observation: Polymorphisme naturel
HCMVUL56	X17403.1	33	V	A	ganciclovir	sensitive		PMID:25194992	CHARMD	Source origin: Clinical Isolate | Observation: Polymorphisme naturel
HCMVUL56	X17403.1	33	V	A	letermovir	sensitive		PMID:25194992	CHARMD	Source origin: Clinical Isolate | Observation: Polymorphisme naturel
HCMVUL56	X17403.1	33	V	A	maribavir	sensitive		PMID:25194992	CHARMD	Source origin: Clinical Isolate | Observation: Polymorphisme naturel
HCMVUL56	X17403.1	36	A	V	brincidofovir	sensitive		PMID:25194992	CHARMD	Source origin: Clinical Isolate | Observation: Polymorphisme naturel
HCMVUL56	X17403.1	36	A	V	cidofovir	sensitive		PMID:25194992	CHARMD	Source origin: Clinical Isolate | Observation: Polymorphisme naturel
HCMVUL56	X17403.1	36	A	V	cyclopropavir	sensitive		PMID:25194992	CHARMD	Source origin: Clinical Isolate | Observation: Polymorphisme naturel
HCMVUL56	X17403.1	36	A	V	foscarnet	sensitive		PMID:25194992	CHARMD	Source origin: Clinical Isolate | Observation: Polymorphisme naturel
HCMVUL56	X17403.1	36	A	V	ganciclovir	sensitive		PMID:25194992	CHARMD	Source origin: Clinical Isolate | Observation: Polymorphisme naturel
HCMVUL56	X17403.1	36	A	V	letermovir	sensitive		PMID:25194992	CHARMD	Source origin: Clinical Isolate | Observation: Polymorphisme naturel
HCMVUL56	X17403.1	36	A	V	maribavir	sensitive		PMID:25194992	CHARMD	Source origin: Clinical Isolate | Observation: Polymorphisme naturel
HCMVUL56	X17403.1	75	E	G	brincidofovir	sensitive		PMID:25194992	CHARMD	Source origin: Clinical Isolate | Observation: Polymorphisme naturel
HCMVUL56	X17403.1	75	E	G	cidofovir	sensitive		PMID:25194992	CHARMD	Source origin: Clinical Isolate | Observation: Polymorphisme naturel
HCMVUL56	X17403.1	75	E	G	cyclopropavir	sensitive		PMID:25194992	CHARMD	Source origin: Clinical Isolate | Observation: Polymorphisme naturel
HCMVUL56	X17403.1	75	E	G	foscarnet	sensitive		PMID:25194992	CHARMD	Source origin: Clinical Isolate | Observation: Polymorphisme naturel
HCMVUL56	X17403.1	75	E	G	ganciclovir	sensitive		PMID:25194992	CHARMD	Source origin: Clinical Isolate | Observation: Polymorphisme naturel
HCMVUL56	X17403.1	75	E	G	letermovir	sensitive		PMID:25194992	CHARMD	Source origin: Clinical Isolate | Observation: Polymorphisme naturel
HCMVUL56	X17403.1	75	E	G	maribavir	sensitive		PMID:25194992	CHARMD	Source origin: Clinical Isolate | Observation: Polymorphisme naturel
HCMVUL56	X17403.1	122	L	P	brincidofovir	sensitive		PMID:25194992	CHARMD	Source origin: Clinical Isolate | Observation: Polymorphisme naturel
HCMVUL56	X17403.1	122	L	P	cidofovir	sensitive		PMID:25194992	CHARMD	Source origin: Clinical Isolate | Observation: Polymorphisme naturel
HCMVUL56	X17403.1	122	L	P	cyclopropavir	sensitive		PMID:25194992	CHARMD	Source origin: Clinical Isolate | Observation: Polymorphisme naturel
HCMVUL56	X17403.1	122	L	P	foscarnet	sensitive		PMID:25194992	CHARMD	Source origin: Clinical Isolate | Observation: Polymorphisme naturel
HCMVUL56	X17403.1	122	L	P	ganciclovir	sensitive		PMID:25194992	CHARMD	Source origin: Clinical Isolate | Observation: Polymorphisme naturel
HCMVUL56	X17403.1	122	L	P	letermovir	sensitive		PMID:25194992	CHARMD	Source origin: Clinical Isolate | Observation: Polymorphisme naturel
HCMVUL56	X17403.1	122	L	P	maribavir	sensitive		PMID:25194992	CHARMD	Source origin: Clinical Isolate | Observation: Polymorphisme naturel
HCMVUL56	X17403.1	129	R	H	brincidofovir	sensitive		PMID:25194992	CHARMD	Source origin: Clinical Isolate | Observation: Polymorphisme naturel
HCMVUL56	X17403.1	129	R	H	cidofovir	sensitive		PMID:25194992	CHARMD	Source origin: Clinical Isolate | Observation: Polymorphisme naturel
HCMVUL56	X17403.1	129	R	H	cyclopropavir	sensitive		PMID:25194992	CHARMD	Source origin: Clinical Isolate | Observation: Polymorphisme naturel
HCMVUL56	X17403.1	129	R	H	foscarnet	sensitive		PMID:25194992	CHARMD	Source origin: Clinical Isolate | Observation: Polymorphisme naturel
HCMVUL56	X17403.1	129	R	H	ganciclovir	sensitive		PMID:25194992	CHARMD	Source origin: Clinical Isolate | Observation: Polymorphisme naturel
HCMVUL56	X17403.1	129	R	H	letermovir	sensitive		PMID:25194992	CHARMD	Source origin: Clinical Isolate | Observation: Polymorphisme naturel
HCMVUL56	X17403.1	129	R	H	maribavir	sensitive		PMID:25194992	CHARMD	Source origin: Clinical Isolate | Observation: Polymorphisme naturel
HCMVUL56	X17403.1	221	A	V	brincidofovir	sensitive		PMID:25194992	CHARMD	Source origin: Clinical Isolate | Observation: Polymorphisme naturel
HCMVUL56	X17403.1	221	A	V	cidofovir	sensitive		PMID:25194992	CHARMD	Source origin: Clinical Isolate | Observation: Polymorphisme naturel
HCMVUL56	X17403.1	221	A	V	cyclopropavir	sensitive		PMID:25194992	CHARMD	Source origin: Clinical Isolate | Observation: Polymorphisme naturel
HCMVUL56	X17403.1	221	A	V	foscarnet	sensitive		PMID:25194992	CHARMD	Source origin: Clinical Isolate | Observation: Polymorphisme naturel
HCMVUL56	X17403.1	221	A	V	ganciclovir	sensitive		PMID:25194992	CHARMD	Source origin: Clinical Isolate | Observation: Polymorphisme naturel
HCMVUL56	X17403.1	221	A	V	letermovir	sensitive		PMID:25194992	CHARMD	Source origin: Clinical Isolate | Observation: Polymorphisme naturel
HCMVUL56	X17403.1	221	A	V	maribavir	sensitive		PMID:25194992	CHARMD	Source origin: Clinical Isolate | Observation: Polymorphisme naturel
HCMVUL56	X17403.1	229	S	F	letermovir	susceptible	1.8	PMID:29107686,PMID:31940472	CHARMD	Source origin: Laboratory strain | Marker transfer: Recombinant | Assay details: SEAP
HCMVUL56	X17403.1	229	S	Y	letermovir	low-level resistance	2	PMID:38880196	CHARMD	Source origin: Clinical Isolate
HCMVUL56	X17403.1	231	V	A	letermovir	low-level resistance	2.1	PMID:26259791,PMID:31940472	CHARMD	Source origin: Laboratory strain | Marker transfer: Recombinant | Assay details: SEAP
HCMVUL56	X17403.1	231	V	L	letermovir	high-level resistance	7.33333	PMID:24189264,PMID:26259791,PMID:29107686,PMID:29914965,PMID:31940472,PMID:36170912,PMID:38880196	CHARMD	Fold IC50 values: 5, 8.9, 8.1; mean displayed | Source origin: Laboratory strain, Clinical Isolate | Marker transfer: Recombinant | Assay details: PRA, SEAP, fluorescence | Source origin: Laboratory strain, Clinical Isolate
HCMVUL56	X17403.1	232	N	Y	letermovir	high-level resistance	17	PMID:28827420,PMID:31940472	CHARMD	Source origin: Laboratory strain, Clinical Isolate | Marker transfer: Recombinant | Assay details: SEAP
HCMVUL56	X17403.1	234	Q	R	letermovir	low-level resistance	2	PMID:36170912	CHARMD	Source origin: Clinical Isolate
HCMVUL56	X17403.1	236	V	A	letermovir	low-level resistance	2.9	PMID:29914965,PMID:31940472	CHARMD	Source origin: Laboratory strain | Marker transfer: Recombinant | Assay details: SEAP
HCMVUL56	X17403.1	236	V	L	letermovir	high-level resistance	14	PMID:26259791,PMID:31940472	CHARMD	Source origin: Laboratory strain, Clinical Isolate | Marker transfer: Recombinant | Assay details: SEAP
HCMVUL56	X17403.1	236	V	M	letermovir	high-level resistance	45	PMID:24189264,PMID:29107686,PMID:29914965,PMID:26113373,PMID:28807919,PMID:31940472	CHARMD	Source origin: Laboratory strain, Clinical Isolate | Marker transfer: Recombinant | Assay details: PRA, SEAP, fluoresence, Gluc
HCMVUL56	X17403.1	236	V	M	maribavir	susceptible	0.12	PMID:30040968	CHARMD	Source origin: Laboratory strain | Marker transfer: Recombinant | Assay details: PRA, SEAP, fluoresence, Gluc
HCMVUL56	X17403.1	237	E	D	letermovir	high-level resistance	10	PMID:26259791,PMID:28827420	CHARMD	Source origin: Laboratory strain | Marker transfer: Recombinant | Assay details: SEAP
HCMVUL56	X17403.1	241	L	P	letermovir	high-level resistance	218	PMID:24189264,PMID:26259791,PMID:29107686,PMID:31940472	CHARMD	Source origin: Laboratory strain | Marker transfer: Recombinant | Assay details: PRA, SEAP, fluorescence
HCMVUL56	X17403.1	242	D	G	brincidofovir	sensitive		PMID:18771048	CHARMD	Source origin: Clinical Isolate | Observation: Polymorphisme naturel
HCMVUL56	X17403.1	242	D	G	cidofovir	sensitive		PMID:18771048	CHARMD	Source origin: Clinical Isolate | Observation: Polymorphisme naturel
HCMVUL56	X17403.1	242	D	G	cyclopropavir	sensitive		PMID:18771048	CHARMD	Source origin: Clinical Isolate | Observation: Polymorphisme naturel
HCMVUL56	X17403.1	242	D	G	foscarnet	sensitive		PMID:18771048	CHARMD	Source origin: Clinical Isolate | Observation: Polymorphisme naturel
HCMVUL56	X17403.1	242	D	G	ganciclovir	sensitive		PMID:18771048	CHARMD	Source origin: Clinical Isolate | Observation: Polymorphisme naturel
HCMVUL56	X17403.1	242	D	G	letermovir	sensitive		PMID:18771048	CHARMD	Source origin: Clinical Isolate | Observation: Polymorphisme naturel
HCMVUL56	X17403.1	242	D	G	maribavir	sensitive		PMID:18771048	CHARMD	Source origin: Clinical Isolate | Observation: Polymorphisme naturel
HCMVUL56	X17403.1	243	L	P	letermovir	susceptible	1	PMID:36170912	CHARMD	Source origin: Clinical Isolate
HCMVUL56	X17403.1	244	T	K	letermovir	intermediate	3.3	PMID:26259791,PMID:31940472	CHARMD	Source origin: Laboratory strain | Marker transfer: Recombinant | Assay details: SEAP
HCMVUL56	X17403.1	254	L	F	letermovir	intermediate	3.2	PMID:29107686,PMID:31940472	CHARMD	Source origin: Laboratory strain, Clinical Isolate | Marker transfer: Recombinant | Assay details: SEAP
HCMVUL56	X17403.1	257	L	F	letermovir	high-level resistance	8.6	PMID:29107686,PMID:29914965,PMID:31940472	CHARMD	Source origin: Laboratory strain, Clinical Isolate | Marker transfer: Recombinant | Assay details: SEAP
HCMVUL56	X17403.1	257	L	I	letermovir	intermediate	4.9	PMID:26259791,PMID:31940472	CHARMD	Source origin: Laboratory strain, Clinical Isolate | Marker transfer: Recombinant | Assay details: SEAP
HCMVUL56	X17403.1	258	K	E	letermovir	high-level resistance	14	PMID:28827420,PMID:31940472	CHARMD	Source origin: Laboratory strain | Marker transfer: Recombinant | Assay details: SEAP
HCMVUL56	X17403.1	261	F	C	letermovir	intermediate	4.4	PMID:26259791,PMID:31940472	CHARMD	Source origin: Laboratory strain | Marker transfer: Recombinant | Assay details: SEAP
HCMVUL56	X17403.1	261	F	L	letermovir	low-level resistance	2.8	PMID:26259791,PMID:28827420,PMID:31940472	CHARMD	Source origin: Laboratory strain | Marker transfer: Recombinant | Assay details: SEAP
HCMVUL56	X17403.1	262	S	C	letermovir	susceptible	1	PMID:36170912	CHARMD	Source origin: Clinical Isolate
HCMVUL56	X17403.1	321	Y	C	letermovir	intermediate	4.6	PMID:26259791,PMID:31940472	CHARMD	Source origin: Laboratory strain | Marker transfer: Recombinant | Assay details: SEAP
HCMVUL56	X17403.1	325	C	F	letermovir	high-level resistance	3000	PMID:26259791,PMID:30642941,PMID:31940472	CHARMD	Source origin: Laboratory strain, Clinical Isolate | Marker transfer: Recombinant | Assay details: SEAP
HCMVUL56	X17403.1	325	C	R	letermovir	high-level resistance	3000	PMID:26259791,PMID:31940472	CHARMD	Source origin: Laboratory strain, Clinical Isolate | Marker transfer: Recombinant | Assay details: SEAP
HCMVUL56	X17403.1	325	C	W	letermovir	high-level resistance	9300	PMID:29914965,PMID:31940472	CHARMD	Source origin: Laboratory strain, Clinical Isolate | Marker transfer: Recombinant | Assay details: SEAP
HCMVUL56	X17403.1	325	C	Y	letermovir	high-level resistance	8796	PMID:24189264,PMID:26259791,PMID:29914965,PMID:30286286,PMID:30642941,PMID:31940472	CHARMD	Source origin: Laboratory strain, Clinical Isolate | Marker transfer: Recombinant | Assay details: PRA, SEAP, fluorescence
HCMVUL56	X17403.1	327	A	V	brincidofovir	sensitive		PMID:18771048	CHARMD	Source origin: Clinical Isolate | Observation: Polymorphisme naturel
HCMVUL56	X17403.1	327	A	V	cidofovir	sensitive		PMID:18771048	CHARMD	Source origin: Clinical Isolate | Observation: Polymorphisme naturel
HCMVUL56	X17403.1	327	A	V	cyclopropavir	sensitive		PMID:18771048	CHARMD	Source origin: Clinical Isolate | Observation: Polymorphisme naturel
HCMVUL56	X17403.1	327	A	V	foscarnet	sensitive		PMID:18771048	CHARMD	Source origin: Clinical Isolate | Observation: Polymorphisme naturel
HCMVUL56	X17403.1	327	A	V	ganciclovir	sensitive		PMID:18771048	CHARMD	Source origin: Clinical Isolate | Observation: Polymorphisme naturel
HCMVUL56	X17403.1	327	A	V	letermovir	sensitive		PMID:18771048	CHARMD	Source origin: Clinical Isolate | Observation: Polymorphisme naturel
HCMVUL56	X17403.1	327	A	V	maribavir	sensitive		PMID:18771048	CHARMD	Source origin: Clinical Isolate | Observation: Polymorphisme naturel
HCMVUL56	X17403.1	328	L	I	letermovir	susceptible	1.4	PMID:36170912	CHARMD	Source origin: Clinical Isolate
HCMVUL56	X17403.1	328	L	V	letermovir	susceptible	1.9	PMID:29914965,PMID:31940472	CHARMD	Source origin: Laboratory strain | Marker transfer: Recombinant | Assay details: SEAP
HCMVUL56	X17403.1	329	M	I	letermovir	susceptible	0.77	PMID:38880196	CHARMD	Source origin: Clinical Isolate
HCMVUL56	X17403.1	329	M	T	letermovir	intermediate	4.4	PMID:26259791,PMID:28827420,PMID:31940472	CHARMD	Source origin: Laboratory strain | Marker transfer: Recombinant | Assay details: SEAP
HCMVUL56	X17403.1	335	H	Y	letermovir	susceptible	0.8	PMID:36170912	CHARMD	
HCMVUL56	X17403.1	339	E	G	letermovir	susceptible	1.2	PMID:36170912	CHARMD	Source origin: Clinical Isolate
HCMVUL56	X17403.1	345	F	L	letermovir	susceptible	1.03	PMID:35993155	CHARMD	Fold IC50 values: 1.03, 0.95-1.03; mean displayed | Source origin: Laboratory strain, Clinical Isolate
HCMVUL56	X17403.1	350	K	R	letermovir	susceptible	1.1	PMID:36170912	CHARMD	Source origin: Clinical Isolate
HCMVUL56	X17403.1	363	V	I	letermovir	intermediate	3.7	PMID:36170912	CHARMD	Source origin: Clinical Isolate
HCMVUL56	X17403.1	365	A	S	letermovir	low-level resistance	2	PMID:29914965,PMID:31940472	CHARMD	Source origin: Laboratory strain | Marker transfer: Recombinant | Assay details: SEAP
HCMVUL56	X17403.1	368	N	D	letermovir	low-level resistance	2	PMID:29107686,PMID:31940472	CHARMD	Source origin: Laboratory strain | Marker transfer: Recombinant | Assay details: SEAP
HCMVUL56	X17403.1	368	N	I	letermovir	susceptible	1.3	PMID:36170912	CHARMD	Source origin: Clinical Isolate
HCMVUL56	X17403.1	369	R	G	letermovir	high-level resistance	44	PMID:24189264,PMID:31940472	CHARMD	Source origin: Laboratory strain, Clinical Isolate | Marker transfer: Recombinant | Assay details: PRA, fluorescence
HCMVUL56	X17403.1	369	R	K	letermovir	intermediate	4.9	PMID:36170912	CHARMD	Source origin: Clinical Isolate
HCMVUL56	X17403.1	369	R	M	letermovir	high-level resistance	13	PMID:24189264,PMID:29107686,PMID:31940472	CHARMD	Source origin: Laboratory strain | Marker transfer: Recombinant | Assay details: PRA, SEAP, fluorescence
HCMVUL56	X17403.1	369	R	S	letermovir	high-level resistance	48	PMID:24189264,PMID:31940472	CHARMD	Source origin: Laboratory strain, Clinical Isolate | Marker transfer: Recombinant | Assay details: PRA, fluorescence
HCMVUL56	X17403.1	369	R	T	letermovir	high-level resistance	52	PMID:31781762	CHARMD	Source origin: Clinical Isolate | Assay details: PRA, marker transfer | Observation: Polymorphisme naturel
HCMVUL56	X17403.1	393	E	K	brincidofovir	sensitive		PMID:18771048	CHARMD	Source origin: Clinical Isolate | Observation: Polymorphisme naturel
HCMVUL56	X17403.1	393	E	K	cidofovir	sensitive		PMID:18771048	CHARMD	Source origin: Clinical Isolate | Observation: Polymorphisme naturel
HCMVUL56	X17403.1	393	E	K	cyclopropavir	sensitive		PMID:18771048	CHARMD	Source origin: Clinical Isolate | Observation: Polymorphisme naturel
HCMVUL56	X17403.1	393	E	K	foscarnet	sensitive		PMID:18771048	CHARMD	Source origin: Clinical Isolate | Observation: Polymorphisme naturel
HCMVUL56	X17403.1	393	E	K	ganciclovir	sensitive		PMID:18771048	CHARMD	Source origin: Clinical Isolate | Observation: Polymorphisme naturel
HCMVUL56	X17403.1	393	E	K	letermovir	sensitive		PMID:18771048	CHARMD	Source origin: Clinical Isolate | Observation: Polymorphisme naturel
HCMVUL56	X17403.1	393	E	K	maribavir	sensitive		PMID:18771048	CHARMD	Source origin: Clinical Isolate | Observation: Polymorphisme naturel
HCMVUL56	X17403.1	396	R	S	letermovir	high-level resistance	81	PMID:24189264	CHARMD	
HCMVUL56	X17403.1	399	T	I	letermovir	susceptible	0.8	PMID:36170912	CHARMD	Source origin: Clinical Isolate
HCMVUL56	X17403.1	425	A	V	brincidofovir	sensitive		PMID:18771048	CHARMD	Source origin: Clinical Isolate | Observation: Polymorphisme naturel
HCMVUL56	X17403.1	425	A	V	cidofovir	sensitive		PMID:18771048	CHARMD	Source origin: Clinical Isolate | Observation: Polymorphisme naturel
HCMVUL56	X17403.1	425	A	V	cyclopropavir	sensitive		PMID:18771048	CHARMD	Source origin: Clinical Isolate | Observation: Polymorphisme naturel
HCMVUL56	X17403.1	425	A	V	foscarnet	sensitive		PMID:18771048	CHARMD	Source origin: Clinical Isolate | Observation: Polymorphisme naturel
HCMVUL56	X17403.1	425	A	V	ganciclovir	sensitive		PMID:18771048	CHARMD	Source origin: Clinical Isolate | Observation: Polymorphisme naturel
HCMVUL56	X17403.1	425	A	V	letermovir	sensitive		PMID:18771048	CHARMD	Source origin: Clinical Isolate | Observation: Polymorphisme naturel
HCMVUL56	X17403.1	425	A	V	maribavir	sensitive		PMID:18771048	CHARMD	Source origin: Clinical Isolate | Observation: Polymorphisme naturel
HCMVUL56	X17403.1	436	G	E	brincidofovir	sensitive		PMID:18771048	CHARMD	Source origin: Clinical Isolate | Observation: Polymorphisme naturel
HCMVUL56	X17403.1	436	G	E	cidofovir	sensitive		PMID:18771048	CHARMD	Source origin: Clinical Isolate | Observation: Polymorphisme naturel
HCMVUL56	X17403.1	436	G	E	cyclopropavir	sensitive		PMID:18771048	CHARMD	Source origin: Clinical Isolate | Observation: Polymorphisme naturel
HCMVUL56	X17403.1	436	G	E	foscarnet	sensitive		PMID:18771048	CHARMD	Source origin: Clinical Isolate | Observation: Polymorphisme naturel
HCMVUL56	X17403.1	436	G	E	ganciclovir	sensitive		PMID:18771048	CHARMD	Source origin: Clinical Isolate | Observation: Polymorphisme naturel
HCMVUL56	X17403.1	436	G	E	letermovir	sensitive		PMID:18771048	CHARMD	Source origin: Clinical Isolate | Observation: Polymorphisme naturel
HCMVUL56	X17403.1	436	G	E	maribavir	sensitive		PMID:18771048	CHARMD	Source origin: Clinical Isolate | Observation: Polymorphisme naturel
HCMVUL56	X17403.1	442	M	T	brincidofovir	sensitive		PMID:18771048	CHARMD	Source origin: Clinical Isolate | Observation: Polymorphisme naturel
HCMVUL56	X17403.1	442	M	T	cidofovir	sensitive		PMID:18771048	CHARMD	Source origin: Clinical Isolate | Observation: Polymorphisme naturel
HCMVUL56	X17403.1	442	M	T	cyclopropavir	sensitive		PMID:18771048	CHARMD	Source origin: Clinical Isolate | Observation: Polymorphisme naturel
HCMVUL56	X17403.1	442	M	T	foscarnet	sensitive		PMID:18771048	CHARMD	Source origin: Clinical Isolate | Observation: Polymorphisme naturel
HCMVUL56	X17403.1	442	M	T	ganciclovir	sensitive		PMID:18771048	CHARMD	Source origin: Clinical Isolate | Observation: Polymorphisme naturel
HCMVUL56	X17403.1	442	M	T	letermovir	sensitive		PMID:18771048	CHARMD	Source origin: Clinical Isolate | Observation: Polymorphisme naturel
HCMVUL56	X17403.1	442	M	T	maribavir	sensitive		PMID:18771048	CHARMD	Source origin: Clinical Isolate | Observation: Polymorphisme naturel
HCMVUL56	X17403.1	444	A	G	brincidofovir	sensitive		PMID:18771048	CHARMD	Source origin: Clinical Isolate | Observation: Polymorphisme naturel
HCMVUL56	X17403.1	444	A	G	cidofovir	sensitive		PMID:18771048	CHARMD	Source origin: Clinical Isolate | Observation: Polymorphisme naturel
HCMVUL56	X17403.1	444	A	G	cyclopropavir	sensitive		PMID:18771048	CHARMD	Source origin: Clinical Isolate | Observation: Polymorphisme naturel
HCMVUL56	X17403.1	444	A	G	foscarnet	sensitive		PMID:18771048	CHARMD	Source origin: Clinical Isolate | Observation: Polymorphisme naturel
HCMVUL56	X17403.1	444	A	G	ganciclovir	sensitive		PMID:18771048	CHARMD	Source origin: Clinical Isolate | Observation: Polymorphisme naturel
HCMVUL56	X17403.1	444	A	G	letermovir	sensitive		PMID:18771048	CHARMD	Source origin: Clinical Isolate | Observation: Polymorphisme naturel
HCMVUL56	X17403.1	444	A	G	maribavir	sensitive		PMID:18771048	CHARMD	Source origin: Clinical Isolate | Observation: Polymorphisme naturel
HCMVUL56	X17403.1	445	S	N	brincidofovir	sensitive		PMID:18771048	CHARMD	Source origin: Clinical Isolate | Observation: Polymorphisme naturel
HCMVUL56	X17403.1	445	S	N	cidofovir	sensitive		PMID:18771048	CHARMD	Source origin: Clinical Isolate | Observation: Polymorphisme naturel
HCMVUL56	X17403.1	445	S	N	cyclopropavir	sensitive		PMID:18771048	CHARMD	Source origin: Clinical Isolate | Observation: Polymorphisme naturel
HCMVUL56	X17403.1	445	S	N	foscarnet	sensitive		PMID:18771048	CHARMD	Source origin: Clinical Isolate | Observation: Polymorphisme naturel
HCMVUL56	X17403.1	445	S	N	ganciclovir	sensitive		PMID:18771048	CHARMD	Source origin: Clinical Isolate | Observation: Polymorphisme naturel
HCMVUL56	X17403.1	445	S	N	letermovir	sensitive		PMID:18771048	CHARMD	Source origin: Clinical Isolate | Observation: Polymorphisme naturel
HCMVUL56	X17403.1	445	S	N	maribavir	sensitive		PMID:18771048	CHARMD	Source origin: Clinical Isolate | Observation: Polymorphisme naturel
HCMVUL56	X17403.1	446	N	N446del	brincidofovir	sensitive		PMID:18771048	CHARMD	Source origin: Clinical Isolate | Observation: Polymorphisme naturel
HCMVUL56	X17403.1	446	N	N446del	cidofovir	sensitive		PMID:18771048	CHARMD	Source origin: Clinical Isolate | Observation: Polymorphisme naturel
HCMVUL56	X17403.1	446	N	N446del	cyclopropavir	sensitive		PMID:18771048	CHARMD	Source origin: Clinical Isolate | Observation: Polymorphisme naturel
HCMVUL56	X17403.1	446	N	N446del	foscarnet	sensitive		PMID:18771048	CHARMD	Source origin: Clinical Isolate | Observation: Polymorphisme naturel
HCMVUL56	X17403.1	446	N	N446del	ganciclovir	sensitive		PMID:18771048	CHARMD	Source origin: Clinical Isolate | Observation: Polymorphisme naturel
HCMVUL56	X17403.1	446	N	N446del	letermovir	sensitive		PMID:18771048	CHARMD	Source origin: Clinical Isolate | Observation: Polymorphisme naturel
HCMVUL56	X17403.1	446	N	N446del	maribavir	sensitive		PMID:18771048	CHARMD	Source origin: Clinical Isolate | Observation: Polymorphisme naturel
HCMVUL56	X17403.1	446	N	S	brincidofovir	sensitive		PMID:25194992	CHARMD	Source origin: Clinical Isolate | Observation: Polymorphisme naturel
HCMVUL56	X17403.1	446	N	S	cidofovir	sensitive		PMID:25194992	CHARMD	Source origin: Clinical Isolate | Observation: Polymorphisme naturel
HCMVUL56	X17403.1	446	N	S	cyclopropavir	sensitive		PMID:25194992	CHARMD	Source origin: Clinical Isolate | Observation: Polymorphisme naturel
HCMVUL56	X17403.1	446	N	S	foscarnet	sensitive		PMID:25194992	CHARMD	Source origin: Clinical Isolate | Observation: Polymorphisme naturel
HCMVUL56	X17403.1	446	N	S	ganciclovir	sensitive		PMID:25194992	CHARMD	Source origin: Clinical Isolate | Observation: Polymorphisme naturel
HCMVUL56	X17403.1	446	N	S	letermovir	sensitive		PMID:25194992	CHARMD	Source origin: Clinical Isolate | Observation: Polymorphisme naturel
HCMVUL56	X17403.1	446	N	S	maribavir	sensitive		PMID:25194992	CHARMD	Source origin: Clinical Isolate | Observation: Polymorphisme naturel
HCMVUL56	X17403.1	449	N	NSS449del	brincidofovir	sensitive		PMID:18771048	CHARMD	Source origin: Clinical Isolate | Observation: Polymorphisme naturel
HCMVUL56	X17403.1	449	N	NSS449del	cidofovir	sensitive		PMID:18771048	CHARMD	Source origin: Clinical Isolate | Observation: Polymorphisme naturel
HCMVUL56	X17403.1	449	N	NSS449del	cyclopropavir	sensitive		PMID:18771048	CHARMD	Source origin: Clinical Isolate | Observation: Polymorphisme naturel
HCMVUL56	X17403.1	449	N	NSS449del	foscarnet	sensitive		PMID:18771048	CHARMD	Source origin: Clinical Isolate | Observation: Polymorphisme naturel
HCMVUL56	X17403.1	449	N	NSS449del	ganciclovir	sensitive		PMID:18771048	CHARMD	Source origin: Clinical Isolate | Observation: Polymorphisme naturel
HCMVUL56	X17403.1	449	N	NSS449del	letermovir	sensitive		PMID:18771048	CHARMD	Source origin: Clinical Isolate | Observation: Polymorphisme naturel
HCMVUL56	X17403.1	449	N	NSS449del	maribavir	sensitive		PMID:18771048	CHARMD	Source origin: Clinical Isolate | Observation: Polymorphisme naturel
HCMVUL56	X17403.1	450	S	SSTH450del	brincidofovir	sensitive		PMID:25194992	CHARMD	Source origin: Clinical Isolate | Observation: Polymorphisme naturel
HCMVUL56	X17403.1	450	S	SSTH450del	cidofovir	sensitive		PMID:25194992	CHARMD	Source origin: Clinical Isolate | Observation: Polymorphisme naturel
HCMVUL56	X17403.1	450	S	SSTH450del	cyclopropavir	sensitive		PMID:25194992	CHARMD	Source origin: Clinical Isolate | Observation: Polymorphisme naturel
HCMVUL56	X17403.1	450	S	SSTH450del	foscarnet	sensitive		PMID:25194992	CHARMD	Source origin: Clinical Isolate | Observation: Polymorphisme naturel
HCMVUL56	X17403.1	450	S	SSTH450del	ganciclovir	sensitive		PMID:25194992	CHARMD	Source origin: Clinical Isolate | Observation: Polymorphisme naturel
HCMVUL56	X17403.1	450	S	SSTH450del	letermovir	sensitive		PMID:25194992	CHARMD	Source origin: Clinical Isolate | Observation: Polymorphisme naturel
HCMVUL56	X17403.1	450	S	SSTH450del	maribavir	sensitive		PMID:25194992	CHARMD	Source origin: Clinical Isolate | Observation: Polymorphisme naturel
HCMVUL56	X17403.1	452	T	I	brincidofovir	sensitive		PMID:18771048	CHARMD	Source origin: Clinical Isolate | Observation: Polymorphisme naturel
HCMVUL56	X17403.1	452	T	I	cidofovir	sensitive		PMID:18771048	CHARMD	Source origin: Clinical Isolate | Observation: Polymorphisme naturel
HCMVUL56	X17403.1	452	T	I	cyclopropavir	sensitive		PMID:18771048	CHARMD	Source origin: Clinical Isolate | Observation: Polymorphisme naturel
HCMVUL56	X17403.1	452	T	I	foscarnet	sensitive		PMID:18771048	CHARMD	Source origin: Clinical Isolate | Observation: Polymorphisme naturel
HCMVUL56	X17403.1	452	T	I	ganciclovir	sensitive		PMID:18771048	CHARMD	Source origin: Clinical Isolate | Observation: Polymorphisme naturel
HCMVUL56	X17403.1	452	T	I	letermovir	sensitive		PMID:18771048	CHARMD	Source origin: Clinical Isolate | Observation: Polymorphisme naturel
HCMVUL56	X17403.1	452	T	I	maribavir	sensitive		PMID:18771048	CHARMD	Source origin: Clinical Isolate | Observation: Polymorphisme naturel
HCMVUL56	X17403.1	454	S	N	brincidofovir	sensitive		PMID:18771048	CHARMD	Source origin: Clinical Isolate | Observation: Polymorphisme naturel
HCMVUL56	X17403.1	454	S	N	cidofovir	sensitive		PMID:18771048	CHARMD	Source origin: Clinical Isolate | Observation: Polymorphisme naturel
HCMVUL56	X17403.1	454	S	N	cyclopropavir	sensitive		PMID:18771048	CHARMD	Source origin: Clinical Isolate | Observation: Polymorphisme naturel
HCMVUL56	X17403.1	454	S	N	foscarnet	sensitive		PMID:18771048	CHARMD	Source origin: Clinical Isolate | Observation: Polymorphisme naturel
HCMVUL56	X17403.1	454	S	N	ganciclovir	sensitive		PMID:18771048	CHARMD	Source origin: Clinical Isolate | Observation: Polymorphisme naturel
HCMVUL56	X17403.1	454	S	N	letermovir	sensitive		PMID:18771048	CHARMD	Source origin: Clinical Isolate | Observation: Polymorphisme naturel
HCMVUL56	X17403.1	454	S	N	maribavir	sensitive		PMID:18771048	CHARMD	Source origin: Clinical Isolate | Observation: Polymorphisme naturel
HCMVUL56	X17403.1	460	G	V	brincidofovir	sensitive		PMID:18771048	CHARMD	Source origin: Clinical Isolate | Observation: Polymorphisme naturel
HCMVUL56	X17403.1	460	G	V	cidofovir	sensitive		PMID:18771048	CHARMD	Source origin: Clinical Isolate | Observation: Polymorphisme naturel
HCMVUL56	X17403.1	460	G	V	cyclopropavir	sensitive		PMID:18771048	CHARMD	Source origin: Clinical Isolate | Observation: Polymorphisme naturel
HCMVUL56	X17403.1	460	G	V	foscarnet	sensitive		PMID:18771048	CHARMD	Source origin: Clinical Isolate | Observation: Polymorphisme naturel
HCMVUL56	X17403.1	460	G	V	ganciclovir	sensitive		PMID:18771048	CHARMD	Source origin: Clinical Isolate | Observation: Polymorphisme naturel
HCMVUL56	X17403.1	460	G	V	letermovir	sensitive		PMID:18771048	CHARMD	Source origin: Clinical Isolate | Observation: Polymorphisme naturel
HCMVUL56	X17403.1	460	G	V	maribavir	sensitive		PMID:18771048	CHARMD	Source origin: Clinical Isolate | Observation: Polymorphisme naturel
HCMVUL56	X17403.1	464	A	T	brincidofovir	sensitive		PMID:18771048	CHARMD	Source origin: Clinical Isolate | Observation: Polymorphisme naturel
HCMVUL56	X17403.1	464	A	T	cidofovir	sensitive		PMID:18771048	CHARMD	Source origin: Clinical Isolate | Observation: Polymorphisme naturel
HCMVUL56	X17403.1	464	A	T	cyclopropavir	sensitive		PMID:18771048	CHARMD	Source origin: Clinical Isolate | Observation: Polymorphisme naturel
HCMVUL56	X17403.1	464	A	T	foscarnet	sensitive		PMID:18771048	CHARMD	Source origin: Clinical Isolate | Observation: Polymorphisme naturel
HCMVUL56	X17403.1	464	A	T	ganciclovir	sensitive		PMID:18771048	CHARMD	Source origin: Clinical Isolate | Observation: Polymorphisme naturel
HCMVUL56	X17403.1	464	A	T	letermovir	sensitive		PMID:18771048	CHARMD	Source origin: Clinical Isolate | Observation: Polymorphisme naturel
HCMVUL56	X17403.1	464	A	T	maribavir	sensitive		PMID:18771048	CHARMD	Source origin: Clinical Isolate | Observation: Polymorphisme naturel
HCMVUL56	X17403.1	464	A	V	brincidofovir	sensitive		PMID:25194992	CHARMD	Source origin: Clinical Isolate | Observation: Polymorphisme naturel
HCMVUL56	X17403.1	464	A	V	cidofovir	sensitive		PMID:25194992	CHARMD	Source origin: Clinical Isolate | Observation: Polymorphisme naturel
HCMVUL56	X17403.1	464	A	V	cyclopropavir	sensitive		PMID:25194992	CHARMD	Source origin: Clinical Isolate | Observation: Polymorphisme naturel
HCMVUL56	X17403.1	464	A	V	foscarnet	sensitive		PMID:25194992	CHARMD	Source origin: Clinical Isolate | Observation: Polymorphisme naturel
HCMVUL56	X17403.1	464	A	V	ganciclovir	sensitive		PMID:25194992	CHARMD	Source origin: Clinical Isolate | Observation: Polymorphisme naturel
HCMVUL56	X17403.1	464	A	V	letermovir	sensitive		PMID:25194992	CHARMD	Source origin: Clinical Isolate | Observation: Polymorphisme naturel
HCMVUL56	X17403.1	464	A	V	maribavir	sensitive		PMID:25194992	CHARMD	Source origin: Clinical Isolate | Observation: Polymorphisme naturel
HCMVUL56	X17403.1	471	V	A	brincidofovir	sensitive		PMID:18771048	CHARMD	Source origin: Clinical Isolate | Observation: Polymorphisme naturel
HCMVUL56	X17403.1	471	V	A	cidofovir	sensitive		PMID:18771048	CHARMD	Source origin: Clinical Isolate | Observation: Polymorphisme naturel
HCMVUL56	X17403.1	471	V	A	cyclopropavir	sensitive		PMID:18771048	CHARMD	Source origin: Clinical Isolate | Observation: Polymorphisme naturel
HCMVUL56	X17403.1	471	V	A	foscarnet	sensitive		PMID:18771048	CHARMD	Source origin: Clinical Isolate | Observation: Polymorphisme naturel
HCMVUL56	X17403.1	471	V	A	ganciclovir	sensitive		PMID:18771048	CHARMD	Source origin: Clinical Isolate | Observation: Polymorphisme naturel
HCMVUL56	X17403.1	471	V	A	letermovir	sensitive		PMID:18771048	CHARMD	Source origin: Clinical Isolate | Observation: Polymorphisme naturel
HCMVUL56	X17403.1	471	V	A	maribavir	sensitive		PMID:18771048	CHARMD	Source origin: Clinical Isolate | Observation: Polymorphisme naturel
HCMVUL56	X17403.1	476	V	A	brincidofovir	sensitive		PMID:18771048	CHARMD	Source origin: Clinical Isolate | Observation: Polymorphisme naturel
HCMVUL56	X17403.1	476	V	A	cidofovir	sensitive		PMID:18771048	CHARMD	Source origin: Clinical Isolate | Observation: Polymorphisme naturel
HCMVUL56	X17403.1	476	V	A	cyclopropavir	sensitive		PMID:18771048	CHARMD	Source origin: Clinical Isolate | Observation: Polymorphisme naturel
HCMVUL56	X17403.1	476	V	A	foscarnet	sensitive		PMID:18771048	CHARMD	Source origin: Clinical Isolate | Observation: Polymorphisme naturel
HCMVUL56	X17403.1	476	V	A	ganciclovir	sensitive		PMID:18771048	CHARMD	Source origin: Clinical Isolate | Observation: Polymorphisme naturel
HCMVUL56	X17403.1	476	V	A	letermovir	sensitive		PMID:18771048	CHARMD	Source origin: Clinical Isolate | Observation: Polymorphisme naturel
HCMVUL56	X17403.1	476	V	A	maribavir	sensitive		PMID:18771048	CHARMD	Source origin: Clinical Isolate | Observation: Polymorphisme naturel
HCMVUL56	X17403.1	485	E	G	brincidofovir	sensitive		PMID:18771048	CHARMD	Source origin: Clinical Isolate | Observation: Polymorphisme naturel
HCMVUL56	X17403.1	485	E	G	cidofovir	sensitive		PMID:18771048	CHARMD	Source origin: Clinical Isolate | Observation: Polymorphisme naturel
HCMVUL56	X17403.1	485	E	G	cyclopropavir	sensitive		PMID:18771048	CHARMD	Source origin: Clinical Isolate | Observation: Polymorphisme naturel
HCMVUL56	X17403.1	485	E	G	foscarnet	sensitive		PMID:18771048	CHARMD	Source origin: Clinical Isolate | Observation: Polymorphisme naturel
HCMVUL56	X17403.1	485	E	G	ganciclovir	sensitive		PMID:18771048	CHARMD	Source origin: Clinical Isolate | Observation: Polymorphisme naturel
HCMVUL56	X17403.1	485	E	G	letermovir	sensitive		PMID:18771048	CHARMD	Source origin: Clinical Isolate | Observation: Polymorphisme naturel
HCMVUL56	X17403.1	485	E	G	maribavir	sensitive		PMID:18771048	CHARMD	Source origin: Clinical Isolate | Observation: Polymorphisme naturel
HCMVUL56	X17403.1	507	R	C	brincidofovir	sensitive		PMID:18771048	CHARMD	Source origin: Clinical Isolate | Observation: Polymorphisme naturel
HCMVUL56	X17403.1	507	R	C	cidofovir	sensitive		PMID:18771048	CHARMD	Source origin: Clinical Isolate | Observation: Polymorphisme naturel
HCMVUL56	X17403.1	507	R	C	cyclopropavir	sensitive		PMID:18771048	CHARMD	Source origin: Clinical Isolate | Observation: Polymorphisme naturel
HCMVUL56	X17403.1	507	R	C	foscarnet	sensitive		PMID:18771048	CHARMD	Source origin: Clinical Isolate | Observation: Polymorphisme naturel
HCMVUL56	X17403.1	507	R	C	ganciclovir	sensitive		PMID:18771048	CHARMD	Source origin: Clinical Isolate | Observation: Polymorphisme naturel
HCMVUL56	X17403.1	507	R	C	letermovir	sensitive		PMID:18771048	CHARMD	Source origin: Clinical Isolate | Observation: Polymorphisme naturel
HCMVUL56	X17403.1	507	R	C	maribavir	sensitive		PMID:18771048	CHARMD	Source origin: Clinical Isolate | Observation: Polymorphisme naturel
HCMVUL56	X17403.1	509	H	N	brincidofovir	sensitive		PMID:25194992	CHARMD	Source origin: Clinical Isolate | Observation: Polymorphisme naturel
HCMVUL56	X17403.1	509	H	N	cidofovir	sensitive		PMID:25194992	CHARMD	Source origin: Clinical Isolate | Observation: Polymorphisme naturel
HCMVUL56	X17403.1	509	H	N	cyclopropavir	sensitive		PMID:25194992	CHARMD	Source origin: Clinical Isolate | Observation: Polymorphisme naturel
HCMVUL56	X17403.1	509	H	N	foscarnet	sensitive		PMID:25194992	CHARMD	Source origin: Clinical Isolate | Observation: Polymorphisme naturel
HCMVUL56	X17403.1	509	H	N	ganciclovir	sensitive		PMID:25194992	CHARMD	Source origin: Clinical Isolate | Observation: Polymorphisme naturel
HCMVUL56	X17403.1	509	H	N	letermovir	sensitive		PMID:25194992	CHARMD	Source origin: Clinical Isolate | Observation: Polymorphisme naturel
HCMVUL56	X17403.1	509	H	N	maribavir	sensitive		PMID:25194992	CHARMD	Source origin: Clinical Isolate | Observation: Polymorphisme naturel
HCMVUL56	X17403.1	577	Q	R	brincidofovir	sensitive		PMID:18771048	CHARMD	Source origin: Clinical Isolate | Observation: Polymorphisme naturel
HCMVUL56	X17403.1	577	Q	R	cidofovir	sensitive		PMID:18771048	CHARMD	Source origin: Clinical Isolate | Observation: Polymorphisme naturel
HCMVUL56	X17403.1	577	Q	R	cyclopropavir	sensitive		PMID:18771048	CHARMD	Source origin: Clinical Isolate | Observation: Polymorphisme naturel
HCMVUL56	X17403.1	577	Q	R	foscarnet	sensitive		PMID:18771048	CHARMD	Source origin: Clinical Isolate | Observation: Polymorphisme naturel
HCMVUL56	X17403.1	577	Q	R	ganciclovir	sensitive		PMID:18771048	CHARMD	Source origin: Clinical Isolate | Observation: Polymorphisme naturel
HCMVUL56	X17403.1	577	Q	R	letermovir	sensitive		PMID:18771048	CHARMD	Source origin: Clinical Isolate | Observation: Polymorphisme naturel
HCMVUL56	X17403.1	577	Q	R	maribavir	sensitive		PMID:18771048	CHARMD	Source origin: Clinical Isolate | Observation: Polymorphisme naturel
HCMVUL56	X17403.1	582	V	M	brincidofovir	sensitive		PMID:25194992	CHARMD	Source origin: Clinical Isolate | Observation: Polymorphisme naturel
HCMVUL56	X17403.1	582	V	M	cidofovir	sensitive		PMID:25194992	CHARMD	Source origin: Clinical Isolate | Observation: Polymorphisme naturel
HCMVUL56	X17403.1	582	V	M	cyclopropavir	sensitive		PMID:25194992	CHARMD	Source origin: Clinical Isolate | Observation: Polymorphisme naturel
HCMVUL56	X17403.1	582	V	M	foscarnet	sensitive		PMID:25194992	CHARMD	Source origin: Clinical Isolate | Observation: Polymorphisme naturel
HCMVUL56	X17403.1	582	V	M	ganciclovir	sensitive		PMID:25194992	CHARMD	Source origin: Clinical Isolate | Observation: Polymorphisme naturel
HCMVUL56	X17403.1	582	V	M	letermovir	sensitive		PMID:25194992	CHARMD	Source origin: Clinical Isolate | Observation: Polymorphisme naturel
HCMVUL56	X17403.1	582	V	M	maribavir	sensitive		PMID:25194992	CHARMD	Source origin: Clinical Isolate | Observation: Polymorphisme naturel
HCMVUL56	X17403.1	586	D	N	brincidofovir	sensitive		PMID:18771048	CHARMD	Source origin: Clinical Isolate | Observation: Polymorphisme naturel
HCMVUL56	X17403.1	586	D	N	cidofovir	sensitive		PMID:18771048	CHARMD	Source origin: Clinical Isolate | Observation: Polymorphisme naturel
HCMVUL56	X17403.1	586	D	N	cyclopropavir	sensitive		PMID:18771048	CHARMD	Source origin: Clinical Isolate | Observation: Polymorphisme naturel
HCMVUL56	X17403.1	586	D	N	foscarnet	sensitive		PMID:18771048	CHARMD	Source origin: Clinical Isolate | Observation: Polymorphisme naturel
HCMVUL56	X17403.1	586	D	N	ganciclovir	sensitive		PMID:18771048	CHARMD	Source origin: Clinical Isolate | Observation: Polymorphisme naturel
HCMVUL56	X17403.1	586	D	N	letermovir	sensitive		PMID:18771048	CHARMD	Source origin: Clinical Isolate | Observation: Polymorphisme naturel
HCMVUL56	X17403.1	586	D	N	maribavir	sensitive		PMID:18771048	CHARMD	Source origin: Clinical Isolate | Observation: Polymorphisme naturel
HCMVUL56	X17403.1	648	A	R	brincidofovir	sensitive		PMID:18771048	CHARMD	Source origin: Clinical Isolate | Observation: Polymorphisme naturel
HCMVUL56	X17403.1	648	A	R	cidofovir	sensitive		PMID:18771048	CHARMD	Source origin: Clinical Isolate | Observation: Polymorphisme naturel
HCMVUL56	X17403.1	648	A	R	cyclopropavir	sensitive		PMID:18771048	CHARMD	Source origin: Clinical Isolate | Observation: Polymorphisme naturel
HCMVUL56	X17403.1	648	A	R	foscarnet	sensitive		PMID:18771048	CHARMD	Source origin: Clinical Isolate | Observation: Polymorphisme naturel
HCMVUL56	X17403.1	648	A	R	ganciclovir	sensitive		PMID:18771048	CHARMD	Source origin: Clinical Isolate | Observation: Polymorphisme naturel
HCMVUL56	X17403.1	648	A	R	letermovir	sensitive		PMID:18771048	CHARMD	Source origin: Clinical Isolate | Observation: Polymorphisme naturel
HCMVUL56	X17403.1	648	A	R	maribavir	sensitive		PMID:18771048	CHARMD	Source origin: Clinical Isolate | Observation: Polymorphisme naturel
HCMVUL56	X17403.1	648	A	S	brincidofovir	sensitive		PMID:18771048	CHARMD	Source origin: Clinical Isolate | Observation: Polymorphisme naturel
HCMVUL56	X17403.1	648	A	S	cidofovir	sensitive		PMID:18771048	CHARMD	Source origin: Clinical Isolate | Observation: Polymorphisme naturel
HCMVUL56	X17403.1	648	A	S	cyclopropavir	sensitive		PMID:18771048	CHARMD	Source origin: Clinical Isolate | Observation: Polymorphisme naturel
HCMVUL56	X17403.1	648	A	S	foscarnet	sensitive		PMID:18771048	CHARMD	Source origin: Clinical Isolate | Observation: Polymorphisme naturel
HCMVUL56	X17403.1	648	A	S	ganciclovir	sensitive		PMID:18771048	CHARMD	Source origin: Clinical Isolate | Observation: Polymorphisme naturel
HCMVUL56	X17403.1	648	A	S	letermovir	sensitive		PMID:18771048	CHARMD	Source origin: Clinical Isolate | Observation: Polymorphisme naturel
HCMVUL56	X17403.1	648	A	S	maribavir	sensitive		PMID:18771048	CHARMD	Source origin: Clinical Isolate | Observation: Polymorphisme naturel
HCMVUL56	X17403.1	649	G	D	brincidofovir	sensitive		PMID:25194992	CHARMD	Source origin: Clinical Isolate | Observation: Polymorphisme naturel
HCMVUL56	X17403.1	649	G	D	cidofovir	sensitive		PMID:25194992	CHARMD	Source origin: Clinical Isolate | Observation: Polymorphisme naturel
HCMVUL56	X17403.1	649	G	D	cyclopropavir	sensitive		PMID:25194992	CHARMD	Source origin: Clinical Isolate | Observation: Polymorphisme naturel
HCMVUL56	X17403.1	649	G	D	foscarnet	sensitive		PMID:25194992	CHARMD	Source origin: Clinical Isolate | Observation: Polymorphisme naturel
HCMVUL56	X17403.1	649	G	D	ganciclovir	sensitive		PMID:25194992	CHARMD	Source origin: Clinical Isolate | Observation: Polymorphisme naturel
HCMVUL56	X17403.1	649	G	D	letermovir	sensitive		PMID:25194992	CHARMD	Source origin: Clinical Isolate | Observation: Polymorphisme naturel
HCMVUL56	X17403.1	649	G	D	maribavir	sensitive		PMID:25194992	CHARMD	Source origin: Clinical Isolate | Observation: Polymorphisme naturel
HCMVUL56	X17403.1	658	L	F	brincidofovir	sensitive		PMID:18771048	CHARMD	Source origin: Clinical Isolate | Observation: Polymorphisme naturel
HCMVUL56	X17403.1	658	L	F	cidofovir	sensitive		PMID:18771048	CHARMD	Source origin: Clinical Isolate | Observation: Polymorphisme naturel
HCMVUL56	X17403.1	658	L	F	cyclopropavir	sensitive		PMID:18771048	CHARMD	Source origin: Clinical Isolate | Observation: Polymorphisme naturel
HCMVUL56	X17403.1	658	L	F	foscarnet	sensitive		PMID:18771048	CHARMD	Source origin: Clinical Isolate | Observation: Polymorphisme naturel
HCMVUL56	X17403.1	658	L	F	ganciclovir	sensitive		PMID:18771048	CHARMD	Source origin: Clinical Isolate | Observation: Polymorphisme naturel
HCMVUL56	X17403.1	658	L	F	letermovir	sensitive		PMID:18771048	CHARMD	Source origin: Clinical Isolate | Observation: Polymorphisme naturel
HCMVUL56	X17403.1	658	L	F	maribavir	sensitive		PMID:18771048	CHARMD	Source origin: Clinical Isolate | Observation: Polymorphisme naturel
HCMVUL56	X17403.1	698	H	Q	brincidofovir	sensitive		PMID:25194992	CHARMD	Source origin: Clinical Isolate | Observation: Polymorphisme naturel
HCMVUL56	X17403.1	698	H	Q	cidofovir	sensitive		PMID:25194992	CHARMD	Source origin: Clinical Isolate | Observation: Polymorphisme naturel
HCMVUL56	X17403.1	698	H	Q	cyclopropavir	sensitive		PMID:25194992	CHARMD	Source origin: Clinical Isolate | Observation: Polymorphisme naturel
HCMVUL56	X17403.1	698	H	Q	foscarnet	sensitive		PMID:25194992	CHARMD	Source origin: Clinical Isolate | Observation: Polymorphisme naturel
HCMVUL56	X17403.1	698	H	Q	ganciclovir	sensitive		PMID:25194992	CHARMD	Source origin: Clinical Isolate | Observation: Polymorphisme naturel
HCMVUL56	X17403.1	698	H	Q	letermovir	sensitive		PMID:25194992	CHARMD	Source origin: Clinical Isolate | Observation: Polymorphisme naturel
HCMVUL56	X17403.1	698	H	Q	maribavir	sensitive		PMID:25194992	CHARMD	Source origin: Clinical Isolate | Observation: Polymorphisme naturel
HCMVUL56	X17403.1	721	C	Y	brincidofovir	sensitive		PMID:25194992	CHARMD	Source origin: Clinical Isolate | Observation: Polymorphisme naturel
HCMVUL56	X17403.1	721	C	Y	cidofovir	sensitive		PMID:25194992	CHARMD	Source origin: Clinical Isolate | Observation: Polymorphisme naturel
HCMVUL56	X17403.1	721	C	Y	cyclopropavir	sensitive		PMID:25194992	CHARMD	Source origin: Clinical Isolate | Observation: Polymorphisme naturel
HCMVUL56	X17403.1	721	C	Y	foscarnet	sensitive		PMID:25194992	CHARMD	Source origin: Clinical Isolate | Observation: Polymorphisme naturel
HCMVUL56	X17403.1	721	C	Y	ganciclovir	sensitive		PMID:25194992	CHARMD	Source origin: Clinical Isolate | Observation: Polymorphisme naturel
HCMVUL56	X17403.1	721	C	Y	letermovir	sensitive		PMID:25194992	CHARMD	Source origin: Clinical Isolate | Observation: Polymorphisme naturel
HCMVUL56	X17403.1	721	C	Y	maribavir	sensitive		PMID:25194992	CHARMD	Source origin: Clinical Isolate | Observation: Polymorphisme naturel
HCMVUL56	X17403.1	749	S	N	brincidofovir	sensitive		PMID:18771048	CHARMD	Source origin: Clinical Isolate | Observation: Polymorphisme naturel
HCMVUL56	X17403.1	749	S	N	cidofovir	sensitive		PMID:18771048	CHARMD	Source origin: Clinical Isolate | Observation: Polymorphisme naturel
HCMVUL56	X17403.1	749	S	N	cyclopropavir	sensitive		PMID:18771048	CHARMD	Source origin: Clinical Isolate | Observation: Polymorphisme naturel
HCMVUL56	X17403.1	749	S	N	foscarnet	sensitive		PMID:18771048	CHARMD	Source origin: Clinical Isolate | Observation: Polymorphisme naturel
HCMVUL56	X17403.1	749	S	N	ganciclovir	sensitive		PMID:18771048	CHARMD	Source origin: Clinical Isolate | Observation: Polymorphisme naturel
HCMVUL56	X17403.1	749	S	N	letermovir	sensitive		PMID:18771048	CHARMD	Source origin: Clinical Isolate | Observation: Polymorphisme naturel
HCMVUL56	X17403.1	749	S	N	maribavir	sensitive		PMID:18771048	CHARMD	Source origin: Clinical Isolate | Observation: Polymorphisme naturel
HCMVUL56	X17403.1	778	V	A	brincidofovir	sensitive		PMID:18771048	CHARMD	Source origin: Clinical Isolate | Observation: Polymorphisme naturel
HCMVUL56	X17403.1	778	V	A	cidofovir	sensitive		PMID:18771048	CHARMD	Source origin: Clinical Isolate | Observation: Polymorphisme naturel
HCMVUL56	X17403.1	778	V	A	cyclopropavir	sensitive		PMID:18771048	CHARMD	Source origin: Clinical Isolate | Observation: Polymorphisme naturel
HCMVUL56	X17403.1	778	V	A	foscarnet	sensitive		PMID:18771048	CHARMD	Source origin: Clinical Isolate | Observation: Polymorphisme naturel
HCMVUL56	X17403.1	778	V	A	ganciclovir	sensitive		PMID:18771048	CHARMD	Source origin: Clinical Isolate | Observation: Polymorphisme naturel
HCMVUL56	X17403.1	778	V	A	letermovir	sensitive		PMID:18771048	CHARMD	Source origin: Clinical Isolate | Observation: Polymorphisme naturel
HCMVUL56	X17403.1	778	V	A	maribavir	sensitive		PMID:18771048	CHARMD	Source origin: Clinical Isolate | Observation: Polymorphisme naturel
HCMVUL56	X17403.1	779	A	T	brincidofovir	sensitive		PMID:25194992	CHARMD	Source origin: Clinical Isolate | Observation: Polymorphisme naturel
HCMVUL56	X17403.1	779	A	T	cidofovir	sensitive		PMID:25194992	CHARMD	Source origin: Clinical Isolate | Observation: Polymorphisme naturel
HCMVUL56	X17403.1	779	A	T	cyclopropavir	sensitive		PMID:25194992	CHARMD	Source origin: Clinical Isolate | Observation: Polymorphisme naturel
HCMVUL56	X17403.1	779	A	T	foscarnet	sensitive		PMID:25194992	CHARMD	Source origin: Clinical Isolate | Observation: Polymorphisme naturel
HCMVUL56	X17403.1	779	A	T	ganciclovir	sensitive		PMID:25194992	CHARMD	Source origin: Clinical Isolate | Observation: Polymorphisme naturel
HCMVUL56	X17403.1	779	A	T	letermovir	sensitive		PMID:25194992	CHARMD	Source origin: Clinical Isolate | Observation: Polymorphisme naturel
HCMVUL56	X17403.1	779	A	T	maribavir	sensitive		PMID:25194992	CHARMD	Source origin: Clinical Isolate | Observation: Polymorphisme naturel
HCMVUL56	X17403.1	779	A	V	brincidofovir	sensitive		PMID:25194992	CHARMD	Source origin: Clinical Isolate | Observation: Polymorphisme naturel
HCMVUL56	X17403.1	779	A	V	cidofovir	sensitive		PMID:25194992	CHARMD	Source origin: Clinical Isolate | Observation: Polymorphisme naturel
HCMVUL56	X17403.1	779	A	V	cyclopropavir	sensitive		PMID:25194992	CHARMD	Source origin: Clinical Isolate | Observation: Polymorphisme naturel
HCMVUL56	X17403.1	779	A	V	foscarnet	sensitive		PMID:25194992	CHARMD	Source origin: Clinical Isolate | Observation: Polymorphisme naturel
HCMVUL56	X17403.1	779	A	V	ganciclovir	sensitive		PMID:25194992	CHARMD	Source origin: Clinical Isolate | Observation: Polymorphisme naturel
HCMVUL56	X17403.1	779	A	V	letermovir	sensitive		PMID:25194992	CHARMD	Source origin: Clinical Isolate | Observation: Polymorphisme naturel
HCMVUL56	X17403.1	779	A	V	maribavir	sensitive		PMID:25194992	CHARMD	Source origin: Clinical Isolate | Observation: Polymorphisme naturel
HCMVUL56	X17403.1	788	A	T	brincidofovir	sensitive		PMID:25194992	CHARMD	Source origin: Clinical Isolate | Observation: Polymorphisme naturel
HCMVUL56	X17403.1	788	A	T	cidofovir	sensitive		PMID:25194992	CHARMD	Source origin: Clinical Isolate | Observation: Polymorphisme naturel
HCMVUL56	X17403.1	788	A	T	cyclopropavir	sensitive		PMID:25194992	CHARMD	Source origin: Clinical Isolate | Observation: Polymorphisme naturel
HCMVUL56	X17403.1	788	A	T	foscarnet	sensitive		PMID:25194992	CHARMD	Source origin: Clinical Isolate | Observation: Polymorphisme naturel
HCMVUL56	X17403.1	788	A	T	ganciclovir	sensitive		PMID:25194992	CHARMD	Source origin: Clinical Isolate | Observation: Polymorphisme naturel
HCMVUL56	X17403.1	788	A	T	letermovir	sensitive		PMID:25194992	CHARMD	Source origin: Clinical Isolate | Observation: Polymorphisme naturel
HCMVUL56	X17403.1	788	A	T	maribavir	sensitive		PMID:25194992	CHARMD	Source origin: Clinical Isolate | Observation: Polymorphisme naturel
HCMVUL56	X17403.1	793	V	A	brincidofovir	sensitive		PMID:18771048	CHARMD	Source origin: Clinical Isolate | Observation: Polymorphisme naturel
HCMVUL56	X17403.1	793	V	A	cidofovir	sensitive		PMID:18771048	CHARMD	Source origin: Clinical Isolate | Observation: Polymorphisme naturel
HCMVUL56	X17403.1	793	V	A	cyclopropavir	sensitive		PMID:18771048	CHARMD	Source origin: Clinical Isolate | Observation: Polymorphisme naturel
HCMVUL56	X17403.1	793	V	A	foscarnet	sensitive		PMID:18771048	CHARMD	Source origin: Clinical Isolate | Observation: Polymorphisme naturel
HCMVUL56	X17403.1	793	V	A	ganciclovir	sensitive		PMID:18771048	CHARMD	Source origin: Clinical Isolate | Observation: Polymorphisme naturel
HCMVUL56	X17403.1	793	V	A	letermovir	sensitive		PMID:18771048	CHARMD	Source origin: Clinical Isolate | Observation: Polymorphisme naturel
HCMVUL56	X17403.1	793	V	A	maribavir	sensitive		PMID:18771048	CHARMD	Source origin: Clinical Isolate | Observation: Polymorphisme naturel
HCMVUL56	X17403.1	793	V	P	brincidofovir	sensitive		PMID:25194992	CHARMD	Source origin: Clinical Isolate | Observation: Polymorphisme naturel
HCMVUL56	X17403.1	793	V	P	cidofovir	sensitive		PMID:25194992	CHARMD	Source origin: Clinical Isolate | Observation: Polymorphisme naturel
HCMVUL56	X17403.1	793	V	P	cyclopropavir	sensitive		PMID:25194992	CHARMD	Source origin: Clinical Isolate | Observation: Polymorphisme naturel
HCMVUL56	X17403.1	793	V	P	foscarnet	sensitive		PMID:25194992	CHARMD	Source origin: Clinical Isolate | Observation: Polymorphisme naturel
HCMVUL56	X17403.1	793	V	P	ganciclovir	sensitive		PMID:25194992	CHARMD	Source origin: Clinical Isolate | Observation: Polymorphisme naturel
HCMVUL56	X17403.1	793	V	P	letermovir	sensitive		PMID:25194992	CHARMD	Source origin: Clinical Isolate | Observation: Polymorphisme naturel
HCMVUL56	X17403.1	793	V	P	maribavir	sensitive		PMID:25194992	CHARMD	Source origin: Clinical Isolate | Observation: Polymorphisme naturel
HCMVUL56	X17403.1	800	P	L	brincidofovir	sensitive		PMID:18771048	CHARMD	Source origin: Clinical Isolate | Observation: Polymorphisme naturel
HCMVUL56	X17403.1	800	P	L	cidofovir	sensitive		PMID:18771048	CHARMD	Source origin: Clinical Isolate | Observation: Polymorphisme naturel
HCMVUL56	X17403.1	800	P	L	cyclopropavir	sensitive		PMID:18771048	CHARMD	Source origin: Clinical Isolate | Observation: Polymorphisme naturel
HCMVUL56	X17403.1	800	P	L	foscarnet	sensitive		PMID:18771048	CHARMD	Source origin: Clinical Isolate | Observation: Polymorphisme naturel
HCMVUL56	X17403.1	800	P	L	ganciclovir	sensitive		PMID:18771048	CHARMD	Source origin: Clinical Isolate | Observation: Polymorphisme naturel
HCMVUL56	X17403.1	800	P	L	letermovir	sensitive		PMID:18771048	CHARMD	Source origin: Clinical Isolate | Observation: Polymorphisme naturel
HCMVUL56	X17403.1	800	P	L	maribavir	sensitive		PMID:18771048	CHARMD	Source origin: Clinical Isolate | Observation: Polymorphisme naturel
HCMVUL56	X17403.1	803	P	A	brincidofovir	sensitive		PMID:18771048	CHARMD	Source origin: Clinical Isolate | Observation: Polymorphisme naturel
HCMVUL56	X17403.1	803	P	A	cidofovir	sensitive		PMID:18771048	CHARMD	Source origin: Clinical Isolate | Observation: Polymorphisme naturel
HCMVUL56	X17403.1	803	P	A	cyclopropavir	sensitive		PMID:18771048	CHARMD	Source origin: Clinical Isolate | Observation: Polymorphisme naturel
HCMVUL56	X17403.1	803	P	A	foscarnet	sensitive		PMID:18771048	CHARMD	Source origin: Clinical Isolate | Observation: Polymorphisme naturel
HCMVUL56	X17403.1	803	P	A	ganciclovir	sensitive		PMID:18771048	CHARMD	Source origin: Clinical Isolate | Observation: Polymorphisme naturel
HCMVUL56	X17403.1	803	P	A	letermovir	sensitive		PMID:18771048	CHARMD	Source origin: Clinical Isolate | Observation: Polymorphisme naturel
HCMVUL56	X17403.1	803	P	A	maribavir	sensitive		PMID:18771048	CHARMD	Source origin: Clinical Isolate | Observation: Polymorphisme naturel
HCMVUL56	X17403.1	806	Y	T	brincidofovir	sensitive		PMID:25194992	CHARMD	Source origin: Clinical Isolate | Observation: Polymorphisme naturel
HCMVUL56	X17403.1	806	Y	T	cidofovir	sensitive		PMID:25194992	CHARMD	Source origin: Clinical Isolate | Observation: Polymorphisme naturel
HCMVUL56	X17403.1	806	Y	T	cyclopropavir	sensitive		PMID:25194992	CHARMD	Source origin: Clinical Isolate | Observation: Polymorphisme naturel
HCMVUL56	X17403.1	806	Y	T	foscarnet	sensitive		PMID:25194992	CHARMD	Source origin: Clinical Isolate | Observation: Polymorphisme naturel
HCMVUL56	X17403.1	806	Y	T	ganciclovir	sensitive		PMID:25194992	CHARMD	Source origin: Clinical Isolate | Observation: Polymorphisme naturel
HCMVUL56	X17403.1	806	Y	T	letermovir	sensitive		PMID:25194992	CHARMD	Source origin: Clinical Isolate | Observation: Polymorphisme naturel
HCMVUL56	X17403.1	806	Y	T	maribavir	sensitive		PMID:25194992	CHARMD	Source origin: Clinical Isolate | Observation: Polymorphisme naturel
HCMVUL56	X17403.1	811	T	P	brincidofovir	sensitive		PMID:25194992	CHARMD	Source origin: Clinical Isolate | Observation: Polymorphisme naturel
HCMVUL56	X17403.1	811	T	P	cidofovir	sensitive		PMID:25194992	CHARMD	Source origin: Clinical Isolate | Observation: Polymorphisme naturel
HCMVUL56	X17403.1	811	T	P	cyclopropavir	sensitive		PMID:25194992	CHARMD	Source origin: Clinical Isolate | Observation: Polymorphisme naturel
HCMVUL56	X17403.1	811	T	P	foscarnet	sensitive		PMID:25194992	CHARMD	Source origin: Clinical Isolate | Observation: Polymorphisme naturel
HCMVUL56	X17403.1	811	T	P	ganciclovir	sensitive		PMID:25194992	CHARMD	Source origin: Clinical Isolate | Observation: Polymorphisme naturel
HCMVUL56	X17403.1	811	T	P	letermovir	sensitive		PMID:25194992	CHARMD	Source origin: Clinical Isolate | Observation: Polymorphisme naturel
HCMVUL56	X17403.1	811	T	P	maribavir	sensitive		PMID:25194992	CHARMD	Source origin: Clinical Isolate | Observation: Polymorphisme naturel
HCMVUL56	X17403.1	812	A	E	brincidofovir	sensitive		PMID:18771048	CHARMD	Source origin: Clinical Isolate | Observation: Polymorphisme naturel
HCMVUL56	X17403.1	812	A	E	cidofovir	sensitive		PMID:18771048	CHARMD	Source origin: Clinical Isolate | Observation: Polymorphisme naturel
HCMVUL56	X17403.1	812	A	E	cyclopropavir	sensitive		PMID:18771048	CHARMD	Source origin: Clinical Isolate | Observation: Polymorphisme naturel
HCMVUL56	X17403.1	812	A	E	foscarnet	sensitive		PMID:18771048	CHARMD	Source origin: Clinical Isolate | Observation: Polymorphisme naturel
HCMVUL56	X17403.1	812	A	E	ganciclovir	sensitive		PMID:18771048	CHARMD	Source origin: Clinical Isolate | Observation: Polymorphisme naturel
HCMVUL56	X17403.1	812	A	E	letermovir	sensitive		PMID:18771048	CHARMD	Source origin: Clinical Isolate | Observation: Polymorphisme naturel
HCMVUL56	X17403.1	812	A	E	maribavir	sensitive		PMID:18771048	CHARMD	Source origin: Clinical Isolate | Observation: Polymorphisme naturel
HCMVUL56	X17403.1	812	A	G	brincidofovir	sensitive		PMID:25194992	CHARMD	Source origin: Clinical Isolate | Observation: Polymorphisme naturel
HCMVUL56	X17403.1	812	A	G	cidofovir	sensitive		PMID:25194992	CHARMD	Source origin: Clinical Isolate | Observation: Polymorphisme naturel
HCMVUL56	X17403.1	812	A	G	cyclopropavir	sensitive		PMID:25194992	CHARMD	Source origin: Clinical Isolate | Observation: Polymorphisme naturel
HCMVUL56	X17403.1	812	A	G	foscarnet	sensitive		PMID:25194992	CHARMD	Source origin: Clinical Isolate | Observation: Polymorphisme naturel
HCMVUL56	X17403.1	812	A	G	ganciclovir	sensitive		PMID:25194992	CHARMD	Source origin: Clinical Isolate | Observation: Polymorphisme naturel
HCMVUL56	X17403.1	812	A	G	letermovir	sensitive		PMID:25194992	CHARMD	Source origin: Clinical Isolate | Observation: Polymorphisme naturel
HCMVUL56	X17403.1	812	A	G	maribavir	sensitive		PMID:25194992	CHARMD	Source origin: Clinical Isolate | Observation: Polymorphisme naturel
HCMVUL56	X17403.1	813	G	A	brincidofovir	sensitive		PMID:25194992	CHARMD	Source origin: Clinical Isolate | Observation: Polymorphisme naturel
HCMVUL56	X17403.1	813	G	A	cidofovir	sensitive		PMID:25194992	CHARMD	Source origin: Clinical Isolate | Observation: Polymorphisme naturel
HCMVUL56	X17403.1	813	G	A	cyclopropavir	sensitive		PMID:25194992	CHARMD	Source origin: Clinical Isolate | Observation: Polymorphisme naturel
HCMVUL56	X17403.1	813	G	A	foscarnet	sensitive		PMID:25194992	CHARMD	Source origin: Clinical Isolate | Observation: Polymorphisme naturel
HCMVUL56	X17403.1	813	G	A	ganciclovir	sensitive		PMID:25194992	CHARMD	Source origin: Clinical Isolate | Observation: Polymorphisme naturel
HCMVUL56	X17403.1	813	G	A	letermovir	sensitive		PMID:25194992	CHARMD	Source origin: Clinical Isolate | Observation: Polymorphisme naturel
HCMVUL56	X17403.1	813	G	A	maribavir	sensitive		PMID:25194992	CHARMD	Source origin: Clinical Isolate | Observation: Polymorphisme naturel
HCMVUL56	X17403.1	820	A	Q	brincidofovir	sensitive		PMID:25194992	CHARMD	Source origin: Clinical Isolate | Observation: Polymorphisme naturel
HCMVUL56	X17403.1	820	A	Q	cidofovir	sensitive		PMID:25194992	CHARMD	Source origin: Clinical Isolate | Observation: Polymorphisme naturel
HCMVUL56	X17403.1	820	A	Q	cyclopropavir	sensitive		PMID:25194992	CHARMD	Source origin: Clinical Isolate | Observation: Polymorphisme naturel
HCMVUL56	X17403.1	820	A	Q	foscarnet	sensitive		PMID:25194992	CHARMD	Source origin: Clinical Isolate | Observation: Polymorphisme naturel
HCMVUL56	X17403.1	820	A	Q	ganciclovir	sensitive		PMID:25194992	CHARMD	Source origin: Clinical Isolate | Observation: Polymorphisme naturel
HCMVUL56	X17403.1	820	A	Q	letermovir	sensitive		PMID:25194992	CHARMD	Source origin: Clinical Isolate | Observation: Polymorphisme naturel
HCMVUL56	X17403.1	820	A	Q	maribavir	sensitive		PMID:25194992	CHARMD	Source origin: Clinical Isolate | Observation: Polymorphisme naturel
HCMVUL56	X17403.1	831	L	M	brincidofovir	sensitive		PMID:18771048	CHARMD	Source origin: Clinical Isolate | Observation: Polymorphisme naturel
HCMVUL56	X17403.1	831	L	M	cidofovir	sensitive		PMID:18771048	CHARMD	Source origin: Clinical Isolate | Observation: Polymorphisme naturel
HCMVUL56	X17403.1	831	L	M	cyclopropavir	sensitive		PMID:18771048	CHARMD	Source origin: Clinical Isolate | Observation: Polymorphisme naturel
HCMVUL56	X17403.1	831	L	M	foscarnet	sensitive		PMID:18771048	CHARMD	Source origin: Clinical Isolate | Observation: Polymorphisme naturel
HCMVUL56	X17403.1	831	L	M	ganciclovir	sensitive		PMID:18771048	CHARMD	Source origin: Clinical Isolate | Observation: Polymorphisme naturel
HCMVUL56	X17403.1	831	L	M	letermovir	sensitive		PMID:18771048	CHARMD	Source origin: Clinical Isolate | Observation: Polymorphisme naturel
HCMVUL56	X17403.1	831	L	M	maribavir	sensitive		PMID:18771048	CHARMD	Source origin: Clinical Isolate | Observation: Polymorphisme naturel
HCMVUL56	X17403.1	840	G	A	brincidofovir	sensitive		PMID:18771048	CHARMD	Source origin: Clinical Isolate | Observation: Polymorphisme naturel
HCMVUL56	X17403.1	840	G	A	cidofovir	sensitive		PMID:18771048	CHARMD	Source origin: Clinical Isolate | Observation: Polymorphisme naturel
HCMVUL56	X17403.1	840	G	A	cyclopropavir	sensitive		PMID:18771048	CHARMD	Source origin: Clinical Isolate | Observation: Polymorphisme naturel
HCMVUL56	X17403.1	840	G	A	foscarnet	sensitive		PMID:18771048	CHARMD	Source origin: Clinical Isolate | Observation: Polymorphisme naturel
HCMVUL56	X17403.1	840	G	A	ganciclovir	sensitive		PMID:18771048	CHARMD	Source origin: Clinical Isolate | Observation: Polymorphisme naturel
HCMVUL56	X17403.1	840	G	A	letermovir	sensitive		PMID:18771048	CHARMD	Source origin: Clinical Isolate | Observation: Polymorphisme naturel
HCMVUL56	X17403.1	840	G	A	maribavir	sensitive		PMID:18771048	CHARMD	Source origin: Clinical Isolate | Observation: Polymorphisme naturel
HCMVUL56	X17403.1	848	S	N	brincidofovir	sensitive		PMID:18771048	CHARMD	Source origin: Clinical Isolate | Observation: Polymorphisme naturel
HCMVUL56	X17403.1	848	S	N	cidofovir	sensitive		PMID:18771048	CHARMD	Source origin: Clinical Isolate | Observation: Polymorphisme naturel
HCMVUL56	X17403.1	848	S	N	cyclopropavir	sensitive		PMID:18771048	CHARMD	Source origin: Clinical Isolate | Observation: Polymorphisme naturel
HCMVUL56	X17403.1	848	S	N	foscarnet	sensitive		PMID:18771048	CHARMD	Source origin: Clinical Isolate | Observation: Polymorphisme naturel
HCMVUL56	X17403.1	848	S	N	ganciclovir	sensitive		PMID:18771048	CHARMD	Source origin: Clinical Isolate | Observation: Polymorphisme naturel
HCMVUL56	X17403.1	848	S	N	letermovir	sensitive		PMID:18771048	CHARMD	Source origin: Clinical Isolate | Observation: Polymorphisme naturel
HCMVUL56	X17403.1	848	S	N	maribavir	sensitive		PMID:18771048	CHARMD	Source origin: Clinical Isolate | Observation: Polymorphisme naturel
HCMVUL89	X17403.1	37	T	A	brincidofovir	sensitive		PMID:17503664	CHARMD	Source origin: Clinical Isolate | Observation: Polymorphisme naturel
HCMVUL89	X17403.1	37	T	A	cidofovir	sensitive		PMID:17503664	CHARMD	Source origin: Clinical Isolate | Observation: Polymorphisme naturel
HCMVUL89	X17403.1	37	T	A	cyclopropavir	sensitive		PMID:17503664	CHARMD	Source origin: Clinical Isolate | Observation: Polymorphisme naturel
HCMVUL89	X17403.1	37	T	A	foscarnet	sensitive		PMID:17503664	CHARMD	Source origin: Clinical Isolate | Observation: Polymorphisme naturel
HCMVUL89	X17403.1	37	T	A	ganciclovir	sensitive		PMID:17503664	CHARMD	Source origin: Clinical Isolate | Observation: Polymorphisme naturel
HCMVUL89	X17403.1	37	T	A	letermovir	sensitive		PMID:17503664	CHARMD	Source origin: Clinical Isolate | Observation: Polymorphisme naturel
HCMVUL89	X17403.1	37	T	A	maribavir	sensitive		PMID:17503664	CHARMD	Source origin: Clinical Isolate | Observation: Polymorphisme naturel
HCMVUL89	X17403.1	38	L	M	brincidofovir	sensitive		PMID:25194992	CHARMD	Source origin: Clinical Isolate | Observation: Polymorphisme naturel
HCMVUL89	X17403.1	38	L	M	cidofovir	sensitive		PMID:25194992	CHARMD	Source origin: Clinical Isolate | Observation: Polymorphisme naturel
HCMVUL89	X17403.1	38	L	M	cyclopropavir	sensitive		PMID:25194992	CHARMD	Source origin: Clinical Isolate | Observation: Polymorphisme naturel
HCMVUL89	X17403.1	38	L	M	foscarnet	sensitive		PMID:25194992	CHARMD	Source origin: Clinical Isolate | Observation: Polymorphisme naturel
HCMVUL89	X17403.1	38	L	M	ganciclovir	sensitive		PMID:25194992	CHARMD	Source origin: Clinical Isolate | Observation: Polymorphisme naturel
HCMVUL89	X17403.1	38	L	M	letermovir	sensitive		PMID:25194992	CHARMD	Source origin: Clinical Isolate | Observation: Polymorphisme naturel
HCMVUL89	X17403.1	38	L	M	maribavir	sensitive		PMID:25194992	CHARMD	Source origin: Clinical Isolate | Observation: Polymorphisme naturel
HCMVUL89	X17403.1	89	L	P	brincidofovir	sensitive		PMID:17503664	CHARMD	Source origin: Clinical Isolate | Observation: Polymorphisme naturel
HCMVUL89	X17403.1	89	L	P	cidofovir	sensitive		PMID:17503664	CHARMD	Source origin: Clinical Isolate | Observation: Polymorphisme naturel
HCMVUL89	X17403.1	89	L	P	cyclopropavir	sensitive		PMID:17503664	CHARMD	Source origin: Clinical Isolate | Observation: Polymorphisme naturel
HCMVUL89	X17403.1	89	L	P	foscarnet	sensitive		PMID:17503664	CHARMD	Source origin: Clinical Isolate | Observation: Polymorphisme naturel
HCMVUL89	X17403.1	89	L	P	ganciclovir	sensitive		PMID:17503664	CHARMD	Source origin: Clinical Isolate | Observation: Polymorphisme naturel
HCMVUL89	X17403.1	89	L	P	letermovir	sensitive		PMID:17503664	CHARMD	Source origin: Clinical Isolate | Observation: Polymorphisme naturel
HCMVUL89	X17403.1	89	L	P	maribavir	sensitive		PMID:17503664	CHARMD	Source origin: Clinical Isolate | Observation: Polymorphisme naturel
HCMVUL89	X17403.1	94	D	N	brincidofovir	sensitive		PMID:17503664	CHARMD	Source origin: Clinical Isolate | Observation: Polymorphisme naturel
HCMVUL89	X17403.1	94	D	N	cidofovir	sensitive		PMID:17503664	CHARMD	Source origin: Clinical Isolate | Observation: Polymorphisme naturel
HCMVUL89	X17403.1	94	D	N	cyclopropavir	sensitive		PMID:17503664	CHARMD	Source origin: Clinical Isolate | Observation: Polymorphisme naturel
HCMVUL89	X17403.1	94	D	N	foscarnet	sensitive		PMID:17503664	CHARMD	Source origin: Clinical Isolate | Observation: Polymorphisme naturel
HCMVUL89	X17403.1	94	D	N	ganciclovir	sensitive		PMID:17503664	CHARMD	Source origin: Clinical Isolate | Observation: Polymorphisme naturel
HCMVUL89	X17403.1	94	D	N	letermovir	sensitive		PMID:17503664	CHARMD	Source origin: Clinical Isolate | Observation: Polymorphisme naturel
HCMVUL89	X17403.1	94	D	N	maribavir	sensitive		PMID:17503664	CHARMD	Source origin: Clinical Isolate | Observation: Polymorphisme naturel
HCMVUL89	X17403.1	95	K	E	brincidofovir	sensitive		PMID:17503664	CHARMD	Source origin: Clinical Isolate | Observation: Polymorphisme naturel
HCMVUL89	X17403.1	95	K	E	cidofovir	sensitive		PMID:17503664	CHARMD	Source origin: Clinical Isolate | Observation: Polymorphisme naturel
HCMVUL89	X17403.1	95	K	E	cyclopropavir	sensitive		PMID:17503664	CHARMD	Source origin: Clinical Isolate | Observation: Polymorphisme naturel
HCMVUL89	X17403.1	95	K	E	foscarnet	sensitive		PMID:17503664	CHARMD	Source origin: Clinical Isolate | Observation: Polymorphisme naturel
HCMVUL89	X17403.1	95	K	E	ganciclovir	sensitive		PMID:17503664	CHARMD	Source origin: Clinical Isolate | Observation: Polymorphisme naturel
HCMVUL89	X17403.1	95	K	E	letermovir	sensitive		PMID:17503664	CHARMD	Source origin: Clinical Isolate | Observation: Polymorphisme naturel
HCMVUL89	X17403.1	95	K	E	maribavir	sensitive		PMID:17503664	CHARMD	Source origin: Clinical Isolate | Observation: Polymorphisme naturel
HCMVUL89	X17403.1	216	H	R	brincidofovir	sensitive		PMID:17503664	CHARMD	Source origin: Clinical Isolate | Observation: Polymorphisme naturel
HCMVUL89	X17403.1	216	H	R	cidofovir	sensitive		PMID:17503664	CHARMD	Source origin: Clinical Isolate | Observation: Polymorphisme naturel
HCMVUL89	X17403.1	216	H	R	cyclopropavir	sensitive		PMID:17503664	CHARMD	Source origin: Clinical Isolate | Observation: Polymorphisme naturel
HCMVUL89	X17403.1	216	H	R	foscarnet	sensitive		PMID:17503664	CHARMD	Source origin: Clinical Isolate | Observation: Polymorphisme naturel
HCMVUL89	X17403.1	216	H	R	ganciclovir	sensitive		PMID:17503664	CHARMD	Source origin: Clinical Isolate | Observation: Polymorphisme naturel
HCMVUL89	X17403.1	216	H	R	letermovir	sensitive		PMID:17503664	CHARMD	Source origin: Clinical Isolate | Observation: Polymorphisme naturel
HCMVUL89	X17403.1	216	H	R	maribavir	sensitive		PMID:17503664	CHARMD	Source origin: Clinical Isolate | Observation: Polymorphisme naturel
HCMVUL89	X17403.1	239	G	C	brincidofovir	sensitive		PMID:17503664	CHARMD	Source origin: Clinical Isolate | Observation: Polymorphisme naturel
HCMVUL89	X17403.1	239	G	C	cidofovir	sensitive		PMID:17503664	CHARMD	Source origin: Clinical Isolate | Observation: Polymorphisme naturel
HCMVUL89	X17403.1	239	G	C	cyclopropavir	sensitive		PMID:17503664	CHARMD	Source origin: Clinical Isolate | Observation: Polymorphisme naturel
HCMVUL89	X17403.1	239	G	C	foscarnet	sensitive		PMID:17503664	CHARMD	Source origin: Clinical Isolate | Observation: Polymorphisme naturel
HCMVUL89	X17403.1	239	G	C	ganciclovir	sensitive		PMID:17503664	CHARMD	Source origin: Clinical Isolate | Observation: Polymorphisme naturel
HCMVUL89	X17403.1	239	G	C	letermovir	sensitive		PMID:17503664	CHARMD	Source origin: Clinical Isolate | Observation: Polymorphisme naturel
HCMVUL89	X17403.1	239	G	C	maribavir	sensitive		PMID:17503664	CHARMD	Source origin: Clinical Isolate | Observation: Polymorphisme naturel
HCMVUL89	X17403.1	244	Q	H	brincidofovir	sensitive		PMID:17503664	CHARMD	Source origin: Clinical Isolate | Observation: Polymorphisme naturel
HCMVUL89	X17403.1	244	Q	H	cidofovir	sensitive		PMID:17503664	CHARMD	Source origin: Clinical Isolate | Observation: Polymorphisme naturel
HCMVUL89	X17403.1	244	Q	H	cyclopropavir	sensitive		PMID:17503664	CHARMD	Source origin: Clinical Isolate | Observation: Polymorphisme naturel
HCMVUL89	X17403.1	244	Q	H	foscarnet	sensitive		PMID:17503664	CHARMD	Source origin: Clinical Isolate | Observation: Polymorphisme naturel
HCMVUL89	X17403.1	244	Q	H	ganciclovir	sensitive		PMID:17503664	CHARMD	Source origin: Clinical Isolate | Observation: Polymorphisme naturel
HCMVUL89	X17403.1	244	Q	H	letermovir	sensitive		PMID:17503664	CHARMD	Source origin: Clinical Isolate | Observation: Polymorphisme naturel
HCMVUL89	X17403.1	244	Q	H	maribavir	sensitive		PMID:17503664	CHARMD	Source origin: Clinical Isolate | Observation: Polymorphisme naturel
HCMVUL89	X17403.1	249	Q	H	brincidofovir	sensitive		PMID:17503664	CHARMD	Source origin: Clinical Isolate | Observation: Polymorphisme naturel
HCMVUL89	X17403.1	249	Q	H	cidofovir	sensitive		PMID:17503664	CHARMD	Source origin: Clinical Isolate | Observation: Polymorphisme naturel
HCMVUL89	X17403.1	249	Q	H	cyclopropavir	sensitive		PMID:17503664	CHARMD	Source origin: Clinical Isolate | Observation: Polymorphisme naturel
HCMVUL89	X17403.1	249	Q	H	foscarnet	sensitive		PMID:17503664	CHARMD	Source origin: Clinical Isolate | Observation: Polymorphisme naturel
HCMVUL89	X17403.1	249	Q	H	ganciclovir	sensitive		PMID:17503664	CHARMD	Source origin: Clinical Isolate | Observation: Polymorphisme naturel
HCMVUL89	X17403.1	249	Q	H	letermovir	sensitive		PMID:17503664	CHARMD	Source origin: Clinical Isolate | Observation: Polymorphisme naturel
HCMVUL89	X17403.1	249	Q	H	maribavir	sensitive		PMID:17503664	CHARMD	Source origin: Clinical Isolate | Observation: Polymorphisme naturel
HCMVUL89	X17403.1	253	K	Q	brincidofovir	sensitive		PMID:17503664	CHARMD	Source origin: Clinical Isolate | Observation: Polymorphisme naturel
HCMVUL89	X17403.1	253	K	Q	cidofovir	sensitive		PMID:17503664	CHARMD	Source origin: Clinical Isolate | Observation: Polymorphisme naturel
HCMVUL89	X17403.1	253	K	Q	cyclopropavir	sensitive		PMID:17503664	CHARMD	Source origin: Clinical Isolate | Observation: Polymorphisme naturel
HCMVUL89	X17403.1	253	K	Q	foscarnet	sensitive		PMID:17503664	CHARMD	Source origin: Clinical Isolate | Observation: Polymorphisme naturel
HCMVUL89	X17403.1	253	K	Q	ganciclovir	sensitive		PMID:17503664	CHARMD	Source origin: Clinical Isolate | Observation: Polymorphisme naturel
HCMVUL89	X17403.1	253	K	Q	letermovir	sensitive		PMID:17503664	CHARMD	Source origin: Clinical Isolate | Observation: Polymorphisme naturel
HCMVUL89	X17403.1	253	K	Q	maribavir	sensitive		PMID:17503664	CHARMD	Source origin: Clinical Isolate | Observation: Polymorphisme naturel
HCMVUL89	X17403.1	253	K	T	brincidofovir	sensitive		PMID:17503664	CHARMD	Source origin: Clinical Isolate | Observation: Polymorphisme naturel
HCMVUL89	X17403.1	253	K	T	cidofovir	sensitive		PMID:17503664	CHARMD	Source origin: Clinical Isolate | Observation: Polymorphisme naturel
HCMVUL89	X17403.1	253	K	T	cyclopropavir	sensitive		PMID:17503664	CHARMD	Source origin: Clinical Isolate | Observation: Polymorphisme naturel
HCMVUL89	X17403.1	253	K	T	foscarnet	sensitive		PMID:17503664	CHARMD	Source origin: Clinical Isolate | Observation: Polymorphisme naturel
HCMVUL89	X17403.1	253	K	T	ganciclovir	sensitive		PMID:17503664	CHARMD	Source origin: Clinical Isolate | Observation: Polymorphisme naturel
HCMVUL89	X17403.1	253	K	T	letermovir	sensitive		PMID:17503664	CHARMD	Source origin: Clinical Isolate | Observation: Polymorphisme naturel
HCMVUL89	X17403.1	253	K	T	maribavir	sensitive		PMID:17503664	CHARMD	Source origin: Clinical Isolate | Observation: Polymorphisme naturel
HCMVUL89	X17403.1	254	E	A	brincidofovir	sensitive		PMID:17503664	CHARMD	Source origin: Clinical Isolate | Observation: Polymorphisme naturel
HCMVUL89	X17403.1	254	E	A	cidofovir	sensitive		PMID:17503664	CHARMD	Source origin: Clinical Isolate | Observation: Polymorphisme naturel
HCMVUL89	X17403.1	254	E	A	cyclopropavir	sensitive		PMID:17503664	CHARMD	Source origin: Clinical Isolate | Observation: Polymorphisme naturel
HCMVUL89	X17403.1	254	E	A	foscarnet	sensitive		PMID:17503664	CHARMD	Source origin: Clinical Isolate | Observation: Polymorphisme naturel
HCMVUL89	X17403.1	254	E	A	ganciclovir	sensitive		PMID:17503664	CHARMD	Source origin: Clinical Isolate | Observation: Polymorphisme naturel
HCMVUL89	X17403.1	254	E	A	letermovir	sensitive		PMID:17503664	CHARMD	Source origin: Clinical Isolate | Observation: Polymorphisme naturel
HCMVUL89	X17403.1	254	E	A	maribavir	sensitive		PMID:17503664	CHARMD	Source origin: Clinical Isolate | Observation: Polymorphisme naturel
HCMVUL89	X17403.1	258	R	P	brincidofovir	sensitive		PMID:17503664	CHARMD	Source origin: Clinical Isolate | Observation: Polymorphisme naturel
HCMVUL89	X17403.1	258	R	P	cidofovir	sensitive		PMID:17503664	CHARMD	Source origin: Clinical Isolate | Observation: Polymorphisme naturel
HCMVUL89	X17403.1	258	R	P	cyclopropavir	sensitive		PMID:17503664	CHARMD	Source origin: Clinical Isolate | Observation: Polymorphisme naturel
HCMVUL89	X17403.1	258	R	P	foscarnet	sensitive		PMID:17503664	CHARMD	Source origin: Clinical Isolate | Observation: Polymorphisme naturel
HCMVUL89	X17403.1	258	R	P	ganciclovir	sensitive		PMID:17503664	CHARMD	Source origin: Clinical Isolate | Observation: Polymorphisme naturel
HCMVUL89	X17403.1	258	R	P	letermovir	sensitive		PMID:17503664	CHARMD	Source origin: Clinical Isolate | Observation: Polymorphisme naturel
HCMVUL89	X17403.1	258	R	P	maribavir	sensitive		PMID:17503664	CHARMD	Source origin: Clinical Isolate | Observation: Polymorphisme naturel
HCMVUL89	X17403.1	283	A	P	brincidofovir	sensitive		PMID:17503664	CHARMD	Source origin: Clinical Isolate | Observation: Polymorphisme naturel
HCMVUL89	X17403.1	283	A	P	cidofovir	sensitive		PMID:17503664	CHARMD	Source origin: Clinical Isolate | Observation: Polymorphisme naturel
HCMVUL89	X17403.1	283	A	P	cyclopropavir	sensitive		PMID:17503664	CHARMD	Source origin: Clinical Isolate | Observation: Polymorphisme naturel
HCMVUL89	X17403.1	283	A	P	foscarnet	sensitive		PMID:17503664	CHARMD	Source origin: Clinical Isolate | Observation: Polymorphisme naturel
HCMVUL89	X17403.1	283	A	P	ganciclovir	sensitive		PMID:17503664	CHARMD	Source origin: Clinical Isolate | Observation: Polymorphisme naturel
HCMVUL89	X17403.1	283	A	P	letermovir	sensitive		PMID:17503664	CHARMD	Source origin: Clinical Isolate | Observation: Polymorphisme naturel
HCMVUL89	X17403.1	283	A	P	maribavir	sensitive		PMID:17503664	CHARMD	Source origin: Clinical Isolate | Observation: Polymorphisme naturel
HCMVUL89	X17403.1	294	N	D	brincidofovir	sensitive		PMID:17503664	CHARMD	Source origin: Clinical Isolate | Observation: Polymorphisme naturel
HCMVUL89	X17403.1	294	N	D	cidofovir	sensitive		PMID:17503664	CHARMD	Source origin: Clinical Isolate | Observation: Polymorphisme naturel
HCMVUL89	X17403.1	294	N	D	cyclopropavir	sensitive		PMID:17503664	CHARMD	Source origin: Clinical Isolate | Observation: Polymorphisme naturel
HCMVUL89	X17403.1	294	N	D	foscarnet	sensitive		PMID:17503664	CHARMD	Source origin: Clinical Isolate | Observation: Polymorphisme naturel
HCMVUL89	X17403.1	294	N	D	ganciclovir	sensitive		PMID:17503664	CHARMD	Source origin: Clinical Isolate | Observation: Polymorphisme naturel
HCMVUL89	X17403.1	294	N	D	letermovir	sensitive		PMID:17503664	CHARMD	Source origin: Clinical Isolate | Observation: Polymorphisme naturel
HCMVUL89	X17403.1	294	N	D	maribavir	sensitive		PMID:17503664	CHARMD	Source origin: Clinical Isolate | Observation: Polymorphisme naturel
HCMVUL89	X17403.1	320	N	H	letermovir	susceptible	1.8	PMID:28827420	CHARMD	Source origin: Laboratory strain | Marker transfer: Recombinant | Assay details: SEAP
HCMVUL89	X17403.1	329	N	S	letermovir	low-level resistance	2	PMID:28827420	CHARMD	Source origin: Laboratory strain | Marker transfer: Recombinant | Assay details: SEAP
HCMVUL89	X17403.1	344	D	E	letermovir	susceptible	1.8	PMID:28827420,PMID:29107686	CHARMD	Source origin: Laboratory strain | Marker transfer: Recombinant | Assay details: SEAP
HCMVUL89	X17403.1	344	D	E	maribavir	susceptible	0.09	PMID:30040968	CHARMD	Source origin: Laboratory strain | Marker transfer: Recombinant
HCMVUL89	X17403.1	345	S	A	brincidofovir	sensitive		PMID:17503664	CHARMD	Source origin: Clinical Isolate | Observation: Polymorphisme naturel
HCMVUL89	X17403.1	345	S	A	cidofovir	sensitive		PMID:17503664	CHARMD	Source origin: Clinical Isolate | Observation: Polymorphisme naturel
HCMVUL89	X17403.1	345	S	A	cyclopropavir	sensitive		PMID:17503664	CHARMD	Source origin: Clinical Isolate | Observation: Polymorphisme naturel
HCMVUL89	X17403.1	345	S	A	foscarnet	sensitive		PMID:17503664	CHARMD	Source origin: Clinical Isolate | Observation: Polymorphisme naturel
HCMVUL89	X17403.1	345	S	A	ganciclovir	sensitive		PMID:17503664	CHARMD	Source origin: Clinical Isolate | Observation: Polymorphisme naturel
HCMVUL89	X17403.1	345	S	A	letermovir	sensitive		PMID:17503664	CHARMD	Source origin: Clinical Isolate | Observation: Polymorphisme naturel
HCMVUL89	X17403.1	345	S	A	maribavir	sensitive		PMID:17503664	CHARMD	Source origin: Clinical Isolate | Observation: Polymorphisme naturel
HCMVUL89	X17403.1	350	T	M	letermovir	low-level resistance	2.8	PMID:28827420	CHARMD	Source origin: Laboratory strain | Marker transfer: Recombinant | Assay details: SEAP
HCMVUL89	X17403.1	359	M	I	letermovir	susceptible	1.5	PMID:31940472	CHARMD	Source origin: Clinical Isolate | Assay details: PRA, marker transfer | Observation: Polymorphisme naturel
HCMVUL89	X17403.1	448	T	I	brincidofovir	sensitive		PMID:17503664	CHARMD	Source origin: Clinical Isolate | Observation: Polymorphisme naturel
HCMVUL89	X17403.1	448	T	I	cidofovir	sensitive		PMID:17503664	CHARMD	Source origin: Clinical Isolate | Observation: Polymorphisme naturel
HCMVUL89	X17403.1	448	T	I	cyclopropavir	sensitive		PMID:17503664	CHARMD	Source origin: Clinical Isolate | Observation: Polymorphisme naturel
HCMVUL89	X17403.1	448	T	I	foscarnet	sensitive		PMID:17503664	CHARMD	Source origin: Clinical Isolate | Observation: Polymorphisme naturel
HCMVUL89	X17403.1	448	T	I	ganciclovir	sensitive		PMID:17503664	CHARMD	Source origin: Clinical Isolate | Observation: Polymorphisme naturel
HCMVUL89	X17403.1	448	T	I	letermovir	sensitive		PMID:17503664	CHARMD	Source origin: Clinical Isolate | Observation: Polymorphisme naturel
HCMVUL89	X17403.1	448	T	I	maribavir	sensitive		PMID:17503664	CHARMD	Source origin: Clinical Isolate | Observation: Polymorphisme naturel
HCMVUL89	X17403.1	511	C	F	brincidofovir	sensitive		PMID:17503664	CHARMD	Source origin: Clinical Isolate | Observation: Polymorphisme naturel
HCMVUL89	X17403.1	511	C	F	cidofovir	sensitive		PMID:17503664	CHARMD	Source origin: Clinical Isolate | Observation: Polymorphisme naturel
HCMVUL89	X17403.1	511	C	F	cyclopropavir	sensitive		PMID:17503664	CHARMD	Source origin: Clinical Isolate | Observation: Polymorphisme naturel
HCMVUL89	X17403.1	511	C	F	foscarnet	sensitive		PMID:17503664	CHARMD	Source origin: Clinical Isolate | Observation: Polymorphisme naturel
HCMVUL89	X17403.1	511	C	F	ganciclovir	sensitive		PMID:17503664	CHARMD	Source origin: Clinical Isolate | Observation: Polymorphisme naturel
HCMVUL89	X17403.1	511	C	F	letermovir	sensitive		PMID:17503664	CHARMD	Source origin: Clinical Isolate | Observation: Polymorphisme naturel
HCMVUL89	X17403.1	511	C	F	maribavir	sensitive		PMID:17503664	CHARMD	Source origin: Clinical Isolate | Observation: Polymorphisme naturel
HCMVUL89	X17403.1	531	I	V	brincidofovir	sensitive		PMID:17503664	CHARMD	Source origin: Clinical Isolate | Observation: Polymorphisme naturel
HCMVUL89	X17403.1	531	I	V	cidofovir	sensitive		PMID:17503664	CHARMD	Source origin: Clinical Isolate | Observation: Polymorphisme naturel
HCMVUL89	X17403.1	531	I	V	cyclopropavir	sensitive		PMID:17503664	CHARMD	Source origin: Clinical Isolate | Observation: Polymorphisme naturel
HCMVUL89	X17403.1	531	I	V	foscarnet	sensitive		PMID:17503664	CHARMD	Source origin: Clinical Isolate | Observation: Polymorphisme naturel
HCMVUL89	X17403.1	531	I	V	ganciclovir	sensitive		PMID:17503664	CHARMD	Source origin: Clinical Isolate | Observation: Polymorphisme naturel
HCMVUL89	X17403.1	531	I	V	letermovir	sensitive		PMID:17503664	CHARMD	Source origin: Clinical Isolate | Observation: Polymorphisme naturel
HCMVUL89	X17403.1	531	I	V	maribavir	sensitive		PMID:17503664	CHARMD	Source origin: Clinical Isolate | Observation: Polymorphisme naturel
HCMVUL89	X17403.1	548	L	V	brincidofovir	sensitive		PMID:17503664	CHARMD	Source origin: Clinical Isolate | Observation: Polymorphisme naturel
HCMVUL89	X17403.1	548	L	V	cidofovir	sensitive		PMID:17503664	CHARMD	Source origin: Clinical Isolate | Observation: Polymorphisme naturel
HCMVUL89	X17403.1	548	L	V	cyclopropavir	sensitive		PMID:17503664	CHARMD	Source origin: Clinical Isolate | Observation: Polymorphisme naturel
HCMVUL89	X17403.1	548	L	V	foscarnet	sensitive		PMID:17503664	CHARMD	Source origin: Clinical Isolate | Observation: Polymorphisme naturel
HCMVUL89	X17403.1	548	L	V	ganciclovir	sensitive		PMID:17503664	CHARMD	Source origin: Clinical Isolate | Observation: Polymorphisme naturel
HCMVUL89	X17403.1	548	L	V	letermovir	sensitive		PMID:17503664	CHARMD	Source origin: Clinical Isolate | Observation: Polymorphisme naturel
HCMVUL89	X17403.1	548	L	V	maribavir	sensitive		PMID:17503664	CHARMD	Source origin: Clinical Isolate | Observation: Polymorphisme naturel
HCMVUL89	X17403.1	562	L	F	brincidofovir	sensitive		PMID:25194992	CHARMD	Source origin: Clinical Isolate | Observation: Polymorphisme naturel
HCMVUL89	X17403.1	562	L	F	cidofovir	sensitive		PMID:25194992	CHARMD	Source origin: Clinical Isolate | Observation: Polymorphisme naturel
HCMVUL89	X17403.1	562	L	F	cyclopropavir	sensitive		PMID:25194992	CHARMD	Source origin: Clinical Isolate | Observation: Polymorphisme naturel
HCMVUL89	X17403.1	562	L	F	foscarnet	sensitive		PMID:25194992	CHARMD	Source origin: Clinical Isolate | Observation: Polymorphisme naturel
HCMVUL89	X17403.1	562	L	F	ganciclovir	sensitive		PMID:25194992	CHARMD	Source origin: Clinical Isolate | Observation: Polymorphisme naturel
HCMVUL89	X17403.1	562	L	F	letermovir	sensitive		PMID:25194992	CHARMD	Source origin: Clinical Isolate | Observation: Polymorphisme naturel
HCMVUL89	X17403.1	562	L	F	maribavir	sensitive		PMID:25194992	CHARMD	Source origin: Clinical Isolate | Observation: Polymorphisme naturel
HCMVUL89	X17403.1	635	G	S	brincidofovir	sensitive		PMID:17503664	CHARMD	Source origin: Clinical Isolate | Observation: Polymorphisme naturel
HCMVUL89	X17403.1	635	G	S	cidofovir	sensitive		PMID:17503664	CHARMD	Source origin: Clinical Isolate | Observation: Polymorphisme naturel
HCMVUL89	X17403.1	635	G	S	cyclopropavir	sensitive		PMID:17503664	CHARMD	Source origin: Clinical Isolate | Observation: Polymorphisme naturel
HCMVUL89	X17403.1	635	G	S	foscarnet	sensitive		PMID:17503664	CHARMD	Source origin: Clinical Isolate | Observation: Polymorphisme naturel
HCMVUL89	X17403.1	635	G	S	ganciclovir	sensitive		PMID:17503664	CHARMD	Source origin: Clinical Isolate | Observation: Polymorphisme naturel
HCMVUL89	X17403.1	635	G	S	letermovir	sensitive		PMID:17503664	CHARMD	Source origin: Clinical Isolate | Observation: Polymorphisme naturel
HCMVUL89	X17403.1	635	G	S	maribavir	sensitive		PMID:17503664	CHARMD	Source origin: Clinical Isolate | Observation: Polymorphisme naturel
HCMVUL89	X17403.1	659	A	V	brincidofovir	sensitive		PMID:25194992	CHARMD	Source origin: Clinical Isolate | Observation: Polymorphisme naturel
HCMVUL89	X17403.1	659	A	V	cidofovir	sensitive		PMID:25194992	CHARMD	Source origin: Clinical Isolate | Observation: Polymorphisme naturel
HCMVUL89	X17403.1	659	A	V	cyclopropavir	sensitive		PMID:25194992	CHARMD	Source origin: Clinical Isolate | Observation: Polymorphisme naturel
HCMVUL89	X17403.1	659	A	V	foscarnet	sensitive		PMID:25194992	CHARMD	Source origin: Clinical Isolate | Observation: Polymorphisme naturel
HCMVUL89	X17403.1	659	A	V	ganciclovir	sensitive		PMID:25194992	CHARMD	Source origin: Clinical Isolate | Observation: Polymorphisme naturel
HCMVUL89	X17403.1	659	A	V	letermovir	sensitive		PMID:25194992	CHARMD	Source origin: Clinical Isolate | Observation: Polymorphisme naturel
HCMVUL89	X17403.1	659	A	V	maribavir	sensitive		PMID:25194992	CHARMD	Source origin: Clinical Isolate | Observation: Polymorphisme naturel
HCMVUL89	X17403.1	663	A	V	brincidofovir	sensitive		PMID:17503664	CHARMD	Source origin: Clinical Isolate | Observation: Polymorphisme naturel
HCMVUL89	X17403.1	663	A	V	cidofovir	sensitive		PMID:17503664	CHARMD	Source origin: Clinical Isolate | Observation: Polymorphisme naturel
HCMVUL89	X17403.1	663	A	V	cyclopropavir	sensitive		PMID:17503664	CHARMD	Source origin: Clinical Isolate | Observation: Polymorphisme naturel
HCMVUL89	X17403.1	663	A	V	foscarnet	sensitive		PMID:17503664	CHARMD	Source origin: Clinical Isolate | Observation: Polymorphisme naturel
HCMVUL89	X17403.1	663	A	V	ganciclovir	sensitive		PMID:17503664	CHARMD	Source origin: Clinical Isolate | Observation: Polymorphisme naturel
HCMVUL89	X17403.1	663	A	V	letermovir	sensitive		PMID:17503664	CHARMD	Source origin: Clinical Isolate | Observation: Polymorphisme naturel
HCMVUL89	X17403.1	663	A	V	maribavir	sensitive		PMID:17503664	CHARMD	Source origin: Clinical Isolate | Observation: Polymorphisme naturel
HCMVUL89	X17403.1	665	D	E	brincidofovir	sensitive		PMID:17503664	CHARMD	Source origin: Clinical Isolate | Observation: Polymorphisme naturel
HCMVUL89	X17403.1	665	D	E	cidofovir	sensitive		PMID:17503664	CHARMD	Source origin: Clinical Isolate | Observation: Polymorphisme naturel
HCMVUL89	X17403.1	665	D	E	cyclopropavir	sensitive		PMID:17503664	CHARMD	Source origin: Clinical Isolate | Observation: Polymorphisme naturel
HCMVUL89	X17403.1	665	D	E	foscarnet	sensitive		PMID:17503664	CHARMD	Source origin: Clinical Isolate | Observation: Polymorphisme naturel
HCMVUL89	X17403.1	665	D	E	ganciclovir	sensitive		PMID:17503664	CHARMD	Source origin: Clinical Isolate | Observation: Polymorphisme naturel
HCMVUL89	X17403.1	665	D	E	letermovir	sensitive		PMID:17503664	CHARMD	Source origin: Clinical Isolate | Observation: Polymorphisme naturel
HCMVUL89	X17403.1	665	D	E	maribavir	sensitive		PMID:17503664	CHARMD	Source origin: Clinical Isolate | Observation: Polymorphisme naturel
HCMVUL89	X17403.1	668	A	P	brincidofovir	sensitive		PMID:17503664	CHARMD	Source origin: Clinical Isolate | Observation: Polymorphisme naturel
HCMVUL89	X17403.1	668	A	P	cidofovir	sensitive		PMID:17503664	CHARMD	Source origin: Clinical Isolate | Observation: Polymorphisme naturel
HCMVUL89	X17403.1	668	A	P	cyclopropavir	sensitive		PMID:17503664	CHARMD	Source origin: Clinical Isolate | Observation: Polymorphisme naturel
HCMVUL89	X17403.1	668	A	P	foscarnet	sensitive		PMID:17503664	CHARMD	Source origin: Clinical Isolate | Observation: Polymorphisme naturel
HCMVUL89	X17403.1	668	A	P	ganciclovir	sensitive		PMID:17503664	CHARMD	Source origin: Clinical Isolate | Observation: Polymorphisme naturel
HCMVUL89	X17403.1	668	A	P	letermovir	sensitive		PMID:17503664	CHARMD	Source origin: Clinical Isolate | Observation: Polymorphisme naturel
HCMVUL89	X17403.1	668	A	P	maribavir	sensitive		PMID:17503664	CHARMD	Source origin: Clinical Isolate | Observation: Polymorphisme naturel
HCMVUL89	X17403.1	671	F	S	brincidofovir	sensitive		PMID:17503664	CHARMD	Source origin: Clinical Isolate | Observation: Polymorphisme naturel
HCMVUL89	X17403.1	671	F	S	cidofovir	sensitive		PMID:17503664	CHARMD	Source origin: Clinical Isolate | Observation: Polymorphisme naturel
HCMVUL89	X17403.1	671	F	S	cyclopropavir	sensitive		PMID:17503664	CHARMD	Source origin: Clinical Isolate | Observation: Polymorphisme naturel
HCMVUL89	X17403.1	671	F	S	foscarnet	sensitive		PMID:17503664	CHARMD	Source origin: Clinical Isolate | Observation: Polymorphisme naturel
HCMVUL89	X17403.1	671	F	S	ganciclovir	sensitive		PMID:17503664	CHARMD	Source origin: Clinical Isolate | Observation: Polymorphisme naturel
HCMVUL89	X17403.1	671	F	S	letermovir	sensitive		PMID:17503664	CHARMD	Source origin: Clinical Isolate | Observation: Polymorphisme naturel
HCMVUL89	X17403.1	671	F	S	maribavir	sensitive		PMID:17503664	CHARMD	Source origin: Clinical Isolate | Observation: Polymorphisme naturel
HCMVUL89	X17403.1	672	R	K	brincidofovir	sensitive		PMID:17503664	CHARMD	Source origin: Clinical Isolate | Observation: Polymorphisme naturel
HCMVUL89	X17403.1	672	R	K	cidofovir	sensitive		PMID:17503664	CHARMD	Source origin: Clinical Isolate | Observation: Polymorphisme naturel
HCMVUL89	X17403.1	672	R	K	cyclopropavir	sensitive		PMID:17503664	CHARMD	Source origin: Clinical Isolate | Observation: Polymorphisme naturel
HCMVUL89	X17403.1	672	R	K	foscarnet	sensitive		PMID:17503664	CHARMD	Source origin: Clinical Isolate | Observation: Polymorphisme naturel
HCMVUL89	X17403.1	672	R	K	ganciclovir	sensitive		PMID:17503664	CHARMD	Source origin: Clinical Isolate | Observation: Polymorphisme naturel
HCMVUL89	X17403.1	672	R	K	letermovir	sensitive		PMID:17503664	CHARMD	Source origin: Clinical Isolate | Observation: Polymorphisme naturel
HCMVUL89	X17403.1	672	R	K	maribavir	sensitive		PMID:17503664	CHARMD	Source origin: Clinical Isolate | Observation: Polymorphisme naturel
HCMVUL89	X17403.1	673	V	I	brincidofovir	sensitive		PMID:25194992	CHARMD	Source origin: Clinical Isolate | Observation: Polymorphisme naturel
HCMVUL89	X17403.1	673	V	I	cidofovir	sensitive		PMID:25194992	CHARMD	Source origin: Clinical Isolate | Observation: Polymorphisme naturel
HCMVUL89	X17403.1	673	V	I	cyclopropavir	sensitive		PMID:25194992	CHARMD	Source origin: Clinical Isolate | Observation: Polymorphisme naturel
HCMVUL89	X17403.1	673	V	I	foscarnet	sensitive		PMID:25194992	CHARMD	Source origin: Clinical Isolate | Observation: Polymorphisme naturel
HCMVUL89	X17403.1	673	V	I	ganciclovir	sensitive		PMID:25194992	CHARMD	Source origin: Clinical Isolate | Observation: Polymorphisme naturel
HCMVUL89	X17403.1	673	V	I	letermovir	sensitive		PMID:25194992	CHARMD	Source origin: Clinical Isolate | Observation: Polymorphisme naturel
HCMVUL89	X17403.1	673	V	I	maribavir	sensitive		PMID:25194992	CHARMD	Source origin: Clinical Isolate | Observation: Polymorphisme naturel
HCMVUL97	X17403.1	7	S	F	brincidofovir	sensitive		PMID:21570426	CHARMD	Source origin: naive patient | Observation: Polymorphisme naturel
HCMVUL97	X17403.1	7	S	F	cidofovir	sensitive		PMID:21570426	CHARMD	Source origin: naive patient | Observation: Polymorphisme naturel
HCMVUL97	X17403.1	7	S	F	cyclopropavir	sensitive		PMID:21570426	CHARMD	Source origin: naive patient | Observation: Polymorphisme naturel
HCMVUL97	X17403.1	7	S	F	foscarnet	sensitive		PMID:21570426	CHARMD	Source origin: naive patient | Observation: Polymorphisme naturel
HCMVUL97	X17403.1	7	S	F	ganciclovir	sensitive		PMID:21570426	CHARMD	Source origin: naive patient | Observation: Polymorphisme naturel
HCMVUL97	X17403.1	7	S	F	letermovir	sensitive		PMID:21570426	CHARMD	Source origin: naive patient | Observation: Polymorphisme naturel
HCMVUL97	X17403.1	7	S	F	maribavir	sensitive		PMID:21570426	CHARMD	Source origin: naive patient | Observation: Polymorphisme naturel
HCMVUL97	X17403.1	14	L	F	brincidofovir	sensitive		PMID:21570426	CHARMD	Source origin: naive patient | Observation: Polymorphisme naturel
HCMVUL97	X17403.1	14	L	F	cidofovir	sensitive		PMID:21570426	CHARMD	Source origin: naive patient | Observation: Polymorphisme naturel
HCMVUL97	X17403.1	14	L	F	cyclopropavir	sensitive		PMID:21570426	CHARMD	Source origin: naive patient | Observation: Polymorphisme naturel
HCMVUL97	X17403.1	14	L	F	foscarnet	sensitive		PMID:21570426	CHARMD	Source origin: naive patient | Observation: Polymorphisme naturel
HCMVUL97	X17403.1	14	L	F	ganciclovir	sensitive		PMID:21570426	CHARMD	Source origin: naive patient | Observation: Polymorphisme naturel
HCMVUL97	X17403.1	14	L	F	letermovir	sensitive		PMID:21570426	CHARMD	Source origin: naive patient | Observation: Polymorphisme naturel
HCMVUL97	X17403.1	14	L	F	maribavir	sensitive		PMID:21570426	CHARMD	Source origin: naive patient | Observation: Polymorphisme naturel
HCMVUL97	X17403.1	19	Q	E	brincidofovir	sensitive		PMID:20930070	CHARMD	Source origin: AD169, Toledo, Davis | Assay details: VGI | Observation: Polymorphisme naturel
HCMVUL97	X17403.1	19	Q	E	cidofovir	sensitive		PMID:20930070	CHARMD	Source origin: AD169, Toledo, Davis | Assay details: VGI | Observation: Polymorphisme naturel
HCMVUL97	X17403.1	19	Q	E	cyclopropavir	sensitive		PMID:20930070	CHARMD	Source origin: AD169, Toledo, Davis | Assay details: VGI | Observation: Polymorphisme naturel
HCMVUL97	X17403.1	19	Q	E	foscarnet	sensitive		PMID:20930070	CHARMD	Source origin: AD169, Toledo, Davis | Assay details: VGI | Observation: Polymorphisme naturel
HCMVUL97	X17403.1	19	Q	E	ganciclovir	sensitive		PMID:20930070	CHARMD	Source origin: AD169, Toledo, Davis | Assay details: VGI | Observation: Polymorphisme naturel
HCMVUL97	X17403.1	19	Q	E	letermovir	sensitive		PMID:20930070	CHARMD	Source origin: AD169, Toledo, Davis | Assay details: VGI | Observation: Polymorphisme naturel
HCMVUL97	X17403.1	19	Q	E	maribavir	sensitive		PMID:20930070	CHARMD	Source origin: AD169, Toledo, Davis | Assay details: VGI | Observation: Polymorphisme naturel
HCMVUL97	X17403.1	54	Q	E	brincidofovir	sensitive			CHARMD	Source origin: naive isolate; CNR data pHD G Champier | Observation: polymorphisme naturel
HCMVUL97	X17403.1	54	Q	E	cidofovir	sensitive			CHARMD	Source origin: naive isolate; CNR data pHD G Champier | Observation: polymorphisme naturel
HCMVUL97	X17403.1	54	Q	E	cyclopropavir	sensitive			CHARMD	Source origin: naive isolate; CNR data pHD G Champier | Observation: polymorphisme naturel
HCMVUL97	X17403.1	54	Q	E	foscarnet	sensitive			CHARMD	Source origin: naive isolate; CNR data pHD G Champier | Observation: polymorphisme naturel
HCMVUL97	X17403.1	54	Q	E	ganciclovir	sensitive			CHARMD	Source origin: naive isolate; CNR data pHD G Champier | Observation: polymorphisme naturel
HCMVUL97	X17403.1	54	Q	E	letermovir	sensitive			CHARMD	Source origin: naive isolate; CNR data pHD G Champier | Observation: polymorphisme naturel
HCMVUL97	X17403.1	54	Q	E	maribavir	sensitive			CHARMD	Source origin: naive isolate; CNR data pHD G Champier | Observation: polymorphisme naturel
HCMVUL97	X17403.1	68	N	D	brincidofovir	sensitive		PMID:20930070	CHARMD	Assay details: VGI, ABI | Observation: Polymorphisme naturel
HCMVUL97	X17403.1	68	N	D	cidofovir	sensitive		PMID:20930070	CHARMD	Assay details: VGI, ABI | Observation: Polymorphisme naturel
HCMVUL97	X17403.1	68	N	D	cyclopropavir	sensitive		PMID:20930070	CHARMD	Assay details: VGI, ABI | Observation: Polymorphisme naturel
HCMVUL97	X17403.1	68	N	D	foscarnet	sensitive		PMID:20930070	CHARMD	Assay details: VGI, ABI | Observation: Polymorphisme naturel
HCMVUL97	X17403.1	68	N	D	ganciclovir	sensitive		PMID:20930070	CHARMD	Assay details: VGI, ABI | Observation: Polymorphisme naturel
HCMVUL97	X17403.1	68	N	D	letermovir	sensitive		PMID:20930070	CHARMD	Assay details: VGI, ABI | Observation: Polymorphisme naturel
HCMVUL97	X17403.1	68	N	D	maribavir	sensitive		PMID:20930070	CHARMD	Assay details: VGI, ABI | Observation: Polymorphisme naturel
HCMVUL97	X17403.1	108	S	N	brincidofovir	sensitive		PMID:11557468,PMID:20930070	CHARMD	Assay details: VGI | Observation: Polymorphisme naturel | Source origin: AD169, Toledo, Davis | Assay details: ABI | Observation: Polymorphisme naturel | Assay details: ND | Observation: Polymorphisme naturel | Source origin: Clinical Isolate | Observation: Natural polymorphism
HCMVUL97	X17403.1	108	S	N	cidofovir	sensitive		PMID:11557468,PMID:20930070	CHARMD	Assay details: VGI | Observation: Polymorphisme naturel | Source origin: AD169, Toledo, Davis | Assay details: ABI | Observation: Polymorphisme naturel | Assay details: ND | Observation: Polymorphisme naturel | Source origin: Clinical Isolate | Observation: Natural polymorphism
HCMVUL97	X17403.1	108	S	N	cyclopropavir	sensitive		PMID:11557468,PMID:20930070	CHARMD	Assay details: VGI | Observation: Polymorphisme naturel | Source origin: AD169, Toledo, Davis | Assay details: ABI | Observation: Polymorphisme naturel | Assay details: ND | Observation: Polymorphisme naturel | Source origin: Clinical Isolate | Observation: Natural polymorphism
HCMVUL97	X17403.1	108	S	N	foscarnet	sensitive		PMID:11557468,PMID:20930070	CHARMD	Assay details: VGI | Observation: Polymorphisme naturel | Source origin: AD169, Toledo, Davis | Assay details: ABI | Observation: Polymorphisme naturel | Assay details: ND | Observation: Polymorphisme naturel | Source origin: Clinical Isolate | Observation: Natural polymorphism
HCMVUL97	X17403.1	108	S	N	ganciclovir	sensitive		PMID:11557468,PMID:20930070	CHARMD	Assay details: VGI | Observation: Polymorphisme naturel | Source origin: AD169, Toledo, Davis | Assay details: ABI | Observation: Polymorphisme naturel | Assay details: ND | Observation: Polymorphisme naturel | Source origin: Clinical Isolate | Observation: Natural polymorphism
HCMVUL97	X17403.1	108	S	N	letermovir	sensitive		PMID:11557468,PMID:20930070	CHARMD	Assay details: VGI | Observation: Polymorphisme naturel | Source origin: AD169, Toledo, Davis | Assay details: ABI | Observation: Polymorphisme naturel | Assay details: ND | Observation: Polymorphisme naturel | Source origin: Clinical Isolate | Observation: Natural polymorphism
HCMVUL97	X17403.1	108	S	N	maribavir	sensitive		PMID:11557468,PMID:20930070	CHARMD	Assay details: VGI | Observation: Polymorphisme naturel | Source origin: AD169, Toledo, Davis | Assay details: ABI | Observation: Polymorphisme naturel | Assay details: ND | Observation: Polymorphisme naturel | Source origin: Clinical Isolate | Observation: Natural polymorphism
HCMVUL97	X17403.1	112	R	C	brincidofovir	sensitive		PMID:19853628	CHARMD	Source origin: naive isolate | Observation: Polymorphisme naturel
HCMVUL97	X17403.1	112	R	C	cidofovir	sensitive		PMID:19853628	CHARMD	Source origin: naive isolate | Observation: Polymorphisme naturel
HCMVUL97	X17403.1	112	R	C	cyclopropavir	sensitive		PMID:19853628	CHARMD	Source origin: naive isolate | Observation: Polymorphisme naturel
HCMVUL97	X17403.1	112	R	C	foscarnet	sensitive		PMID:19853628	CHARMD	Source origin: naive isolate | Observation: Polymorphisme naturel
HCMVUL97	X17403.1	112	R	C	ganciclovir	sensitive		PMID:19853628	CHARMD	Source origin: naive isolate | Observation: Polymorphisme naturel
HCMVUL97	X17403.1	112	R	C	letermovir	sensitive		PMID:19853628	CHARMD	Source origin: naive isolate | Observation: Polymorphisme naturel
HCMVUL97	X17403.1	112	R	C	maribavir	sensitive		PMID:19853628	CHARMD	Source origin: naive isolate | Observation: Polymorphisme naturel
HCMVUL97	X17403.1	112	R	H	brincidofovir	sensitive		PMID:21570426	CHARMD	Source origin: naive patient | Observation: Polymorphisme naturel
HCMVUL97	X17403.1	112	R	H	cidofovir	sensitive		PMID:21570426	CHARMD	Source origin: naive patient | Observation: Polymorphisme naturel
HCMVUL97	X17403.1	112	R	H	cyclopropavir	sensitive		PMID:21570426	CHARMD	Source origin: naive patient | Observation: Polymorphisme naturel
HCMVUL97	X17403.1	112	R	H	foscarnet	sensitive		PMID:21570426	CHARMD	Source origin: naive patient | Observation: Polymorphisme naturel
HCMVUL97	X17403.1	112	R	H	ganciclovir	sensitive		PMID:21570426	CHARMD	Source origin: naive patient | Observation: Polymorphisme naturel
HCMVUL97	X17403.1	112	R	H	letermovir	sensitive		PMID:21570426	CHARMD	Source origin: naive patient | Observation: Polymorphisme naturel
HCMVUL97	X17403.1	112	R	H	maribavir	sensitive		PMID:21570426	CHARMD	Source origin: naive patient | Observation: Polymorphisme naturel
HCMVUL97	X17403.1	118	D	N	brincidofovir	sensitive			CHARMD	Source origin: naive isolate; CNR data pHD G Champier | Observation: polymorphisme naturel
HCMVUL97	X17403.1	118	D	N	cidofovir	sensitive			CHARMD	Source origin: naive isolate; CNR data pHD G Champier | Observation: polymorphisme naturel
HCMVUL97	X17403.1	118	D	N	cyclopropavir	sensitive			CHARMD	Source origin: naive isolate; CNR data pHD G Champier | Observation: polymorphisme naturel
HCMVUL97	X17403.1	118	D	N	foscarnet	sensitive			CHARMD	Source origin: naive isolate; CNR data pHD G Champier | Observation: polymorphisme naturel
HCMVUL97	X17403.1	118	D	N	ganciclovir	sensitive			CHARMD	Source origin: naive isolate; CNR data pHD G Champier | Observation: polymorphisme naturel
HCMVUL97	X17403.1	118	D	N	letermovir	sensitive			CHARMD	Source origin: naive isolate; CNR data pHD G Champier | Observation: polymorphisme naturel
HCMVUL97	X17403.1	118	D	N	maribavir	sensitive			CHARMD	Source origin: naive isolate; CNR data pHD G Champier | Observation: polymorphisme naturel
HCMVUL97	X17403.1	126	L	Q	brincidofovir	sensitive		PMID:20930070	CHARMD	Assay details: VGI, ND | Observation: Polymorphisme naturel
HCMVUL97	X17403.1	126	L	Q	cidofovir	sensitive		PMID:20930070	CHARMD	Assay details: VGI, ND | Observation: Polymorphisme naturel
HCMVUL97	X17403.1	126	L	Q	cyclopropavir	sensitive		PMID:20930070	CHARMD	Assay details: VGI, ND | Observation: Polymorphisme naturel
HCMVUL97	X17403.1	126	L	Q	foscarnet	sensitive		PMID:20930070	CHARMD	Assay details: VGI, ND | Observation: Polymorphisme naturel
HCMVUL97	X17403.1	126	L	Q	ganciclovir	sensitive		PMID:20930070	CHARMD	Assay details: VGI, ND | Observation: Polymorphisme naturel
HCMVUL97	X17403.1	126	L	Q	letermovir	sensitive		PMID:20930070	CHARMD	Assay details: VGI, ND | Observation: Polymorphisme naturel
HCMVUL97	X17403.1	126	L	Q	maribavir	sensitive		PMID:20930070	CHARMD	Assay details: VGI, ND | Observation: Polymorphisme naturel
HCMVUL97	X17403.1	132	P	L	brincidofovir	sensitive		PMID:21570426	CHARMD	Source origin: naive patient | Observation: Polymorphisme naturel
HCMVUL97	X17403.1	132	P	L	cidofovir	sensitive		PMID:21570426	CHARMD	Source origin: naive patient | Observation: Polymorphisme naturel
HCMVUL97	X17403.1	132	P	L	cyclopropavir	sensitive		PMID:21570426	CHARMD	Source origin: naive patient | Observation: Polymorphisme naturel
HCMVUL97	X17403.1	132	P	L	foscarnet	sensitive		PMID:21570426	CHARMD	Source origin: naive patient | Observation: Polymorphisme naturel
HCMVUL97	X17403.1	132	P	L	ganciclovir	sensitive		PMID:21570426	CHARMD	Source origin: naive patient | Observation: Polymorphisme naturel
HCMVUL97	X17403.1	132	P	L	letermovir	sensitive		PMID:21570426	CHARMD	Source origin: naive patient | Observation: Polymorphisme naturel
HCMVUL97	X17403.1	132	P	L	maribavir	sensitive		PMID:21570426	CHARMD	Source origin: naive patient | Observation: Polymorphisme naturel
HCMVUL97	X17403.1	133	S	P	brincidofovir	sensitive		PMID:21570426	CHARMD	Source origin: naive patient | Observation: Polymorphisme naturel
HCMVUL97	X17403.1	133	S	P	cidofovir	sensitive		PMID:21570426	CHARMD	Source origin: naive patient | Observation: Polymorphisme naturel
HCMVUL97	X17403.1	133	S	P	cyclopropavir	sensitive		PMID:21570426	CHARMD	Source origin: naive patient | Observation: Polymorphisme naturel
HCMVUL97	X17403.1	133	S	P	foscarnet	sensitive		PMID:21570426	CHARMD	Source origin: naive patient | Observation: Polymorphisme naturel
HCMVUL97	X17403.1	133	S	P	ganciclovir	sensitive		PMID:21570426	CHARMD	Source origin: naive patient | Observation: Polymorphisme naturel
HCMVUL97	X17403.1	133	S	P	letermovir	sensitive		PMID:21570426	CHARMD	Source origin: naive patient | Observation: Polymorphisme naturel
HCMVUL97	X17403.1	133	S	P	maribavir	sensitive		PMID:21570426	CHARMD	Source origin: naive patient | Observation: Polymorphisme naturel
HCMVUL97	X17403.1	171	V	I	brincidofovir	sensitive		PMID:21570426	CHARMD	Source origin: naive patient | Observation: Polymorphisme naturel
HCMVUL97	X17403.1	171	V	I	cidofovir	sensitive		PMID:21570426	CHARMD	Source origin: naive patient | Observation: Polymorphisme naturel
HCMVUL97	X17403.1	171	V	I	cyclopropavir	sensitive		PMID:21570426	CHARMD	Source origin: naive patient | Observation: Polymorphisme naturel
HCMVUL97	X17403.1	171	V	I	foscarnet	sensitive		PMID:21570426	CHARMD	Source origin: naive patient | Observation: Polymorphisme naturel
HCMVUL97	X17403.1	171	V	I	ganciclovir	sensitive		PMID:21570426	CHARMD	Source origin: naive patient | Observation: Polymorphisme naturel
HCMVUL97	X17403.1	171	V	I	letermovir	sensitive		PMID:21570426	CHARMD	Source origin: naive patient | Observation: Polymorphisme naturel
HCMVUL97	X17403.1	171	V	I	maribavir	sensitive		PMID:21570426	CHARMD	Source origin: naive patient | Observation: Polymorphisme naturel
HCMVUL97	X17403.1	184	D	G	brincidofovir	sensitive			CHARMD	Source origin: naive isolate; CNR data pHD G Champier | Observation: polymorphisme naturel
HCMVUL97	X17403.1	184	D	G	cidofovir	sensitive			CHARMD	Source origin: naive isolate; CNR data pHD G Champier | Observation: polymorphisme naturel
HCMVUL97	X17403.1	184	D	G	cyclopropavir	sensitive			CHARMD	Source origin: naive isolate; CNR data pHD G Champier | Observation: polymorphisme naturel
HCMVUL97	X17403.1	184	D	G	foscarnet	sensitive			CHARMD	Source origin: naive isolate; CNR data pHD G Champier | Observation: polymorphisme naturel
HCMVUL97	X17403.1	184	D	G	ganciclovir	sensitive			CHARMD	Source origin: naive isolate; CNR data pHD G Champier | Observation: polymorphisme naturel
HCMVUL97	X17403.1	184	D	G	letermovir	sensitive			CHARMD	Source origin: naive isolate; CNR data pHD G Champier | Observation: polymorphisme naturel
HCMVUL97	X17403.1	184	D	G	maribavir	sensitive			CHARMD	Source origin: naive isolate; CNR data pHD G Champier | Observation: polymorphisme naturel
HCMVUL97	X17403.1	215	G	A	brincidofovir	sensitive		PMID:20930070	CHARMD	Assay details: VGI, ND | Observation: Polymorphisme naturel
HCMVUL97	X17403.1	215	G	A	cidofovir	sensitive		PMID:20930070	CHARMD	Assay details: VGI, ND | Observation: Polymorphisme naturel
HCMVUL97	X17403.1	215	G	A	cyclopropavir	sensitive		PMID:20930070	CHARMD	Assay details: VGI, ND | Observation: Polymorphisme naturel
HCMVUL97	X17403.1	215	G	A	foscarnet	sensitive		PMID:20930070	CHARMD	Assay details: VGI, ND | Observation: Polymorphisme naturel
HCMVUL97	X17403.1	215	G	A	ganciclovir	sensitive		PMID:20930070	CHARMD	Assay details: VGI, ND | Observation: Polymorphisme naturel
HCMVUL97	X17403.1	215	G	A	letermovir	sensitive		PMID:20930070	CHARMD	Assay details: VGI, ND | Observation: Polymorphisme naturel
HCMVUL97	X17403.1	215	G	A	maribavir	sensitive		PMID:20930070	CHARMD	Assay details: VGI, ND | Observation: Polymorphisme naturel
HCMVUL97	X17403.1	238	A	T	brincidofovir	sensitive		PMID:21570426	CHARMD	Source origin: naive patient | Observation: Polymorphisme naturel
HCMVUL97	X17403.1	238	A	T	cidofovir	sensitive		PMID:21570426	CHARMD	Source origin: naive patient | Observation: Polymorphisme naturel
HCMVUL97	X17403.1	238	A	T	cyclopropavir	sensitive		PMID:21570426	CHARMD	Source origin: naive patient | Observation: Polymorphisme naturel
HCMVUL97	X17403.1	238	A	T	foscarnet	sensitive		PMID:21570426	CHARMD	Source origin: naive patient | Observation: Polymorphisme naturel
HCMVUL97	X17403.1	238	A	T	ganciclovir	sensitive		PMID:21570426	CHARMD	Source origin: naive patient | Observation: Polymorphisme naturel
HCMVUL97	X17403.1	238	A	T	letermovir	sensitive		PMID:21570426	CHARMD	Source origin: naive patient | Observation: Polymorphisme naturel
HCMVUL97	X17403.1	238	A	T	maribavir	sensitive		PMID:21570426	CHARMD	Source origin: naive patient | Observation: Polymorphisme naturel
HCMVUL97	X17403.1	244	I	V	brincidofovir	sensitive		PMID:20930070	CHARMD	Source origin: AD169, | Assay details: VGI | Observation: polymorphisme naturel
HCMVUL97	X17403.1	244	I	V	cidofovir	sensitive		PMID:20930070	CHARMD	Source origin: AD169, | Assay details: VGI | Observation: polymorphisme naturel
HCMVUL97	X17403.1	244	I	V	cyclopropavir	sensitive		PMID:20930070	CHARMD	Source origin: AD169, | Assay details: VGI | Observation: polymorphisme naturel
HCMVUL97	X17403.1	244	I	V	foscarnet	sensitive		PMID:20930070	CHARMD	Source origin: AD169, | Assay details: VGI | Observation: polymorphisme naturel
HCMVUL97	X17403.1	244	I	V	ganciclovir	sensitive		PMID:20930070	CHARMD	Source origin: AD169, | Assay details: VGI | Observation: polymorphisme naturel
HCMVUL97	X17403.1	244	I	V	letermovir	sensitive		PMID:20930070	CHARMD	Source origin: AD169, | Assay details: VGI | Observation: polymorphisme naturel
HCMVUL97	X17403.1	244	I	V	maribavir	sensitive		PMID:20930070	CHARMD	Source origin: AD169, | Assay details: VGI | Observation: polymorphisme naturel
HCMVUL97	X17403.1	247	P	S	brincidofovir	sensitive		PMID:20930070	CHARMD	Source origin: Toledo | Assay details: VGI | Observation: polymorphisme naturel
HCMVUL97	X17403.1	247	P	S	cidofovir	sensitive		PMID:20930070	CHARMD	Source origin: Toledo | Assay details: VGI | Observation: polymorphisme naturel
HCMVUL97	X17403.1	247	P	S	cyclopropavir	sensitive		PMID:20930070	CHARMD	Source origin: Toledo | Assay details: VGI | Observation: polymorphisme naturel
HCMVUL97	X17403.1	247	P	S	foscarnet	sensitive		PMID:20930070	CHARMD	Source origin: Toledo | Assay details: VGI | Observation: polymorphisme naturel
HCMVUL97	X17403.1	247	P	S	ganciclovir	sensitive		PMID:20930070	CHARMD	Source origin: Toledo | Assay details: VGI | Observation: polymorphisme naturel
HCMVUL97	X17403.1	247	P	S	letermovir	sensitive		PMID:20930070	CHARMD	Source origin: Toledo | Assay details: VGI | Observation: polymorphisme naturel
HCMVUL97	X17403.1	247	P	S	maribavir	sensitive		PMID:20930070	CHARMD	Source origin: Toledo | Assay details: VGI | Observation: polymorphisme naturel
HCMVUL97	X17403.1	249	S	C	brincidofovir	sensitive		PMID:21570426	CHARMD	Source origin: naive patient | Observation: Polymorphisme naturel
HCMVUL97	X17403.1	249	S	C	cidofovir	sensitive		PMID:21570426	CHARMD	Source origin: naive patient | Observation: Polymorphisme naturel
HCMVUL97	X17403.1	249	S	C	cyclopropavir	sensitive		PMID:21570426	CHARMD	Source origin: naive patient | Observation: Polymorphisme naturel
HCMVUL97	X17403.1	249	S	C	foscarnet	sensitive		PMID:21570426	CHARMD	Source origin: naive patient | Observation: Polymorphisme naturel
HCMVUL97	X17403.1	249	S	C	ganciclovir	sensitive		PMID:21570426	CHARMD	Source origin: naive patient | Observation: Polymorphisme naturel
HCMVUL97	X17403.1	249	S	C	letermovir	sensitive		PMID:21570426	CHARMD	Source origin: naive patient | Observation: Polymorphisme naturel
HCMVUL97	X17403.1	249	S	C	maribavir	sensitive		PMID:21570426	CHARMD	Source origin: naive patient | Observation: Polymorphisme naturel
HCMVUL97	X17403.1	294	F	C	brincidofovir	sensitive			CHARMD	Source origin: naive isolate; CNR data pHD G Champier | Observation: polymorphisme naturel
HCMVUL97	X17403.1	294	F	C	cidofovir	sensitive			CHARMD	Source origin: naive isolate; CNR data pHD G Champier | Observation: polymorphisme naturel
HCMVUL97	X17403.1	294	F	C	cyclopropavir	sensitive			CHARMD	Source origin: naive isolate; CNR data pHD G Champier | Observation: polymorphisme naturel
HCMVUL97	X17403.1	294	F	C	foscarnet	sensitive			CHARMD	Source origin: naive isolate; CNR data pHD G Champier | Observation: polymorphisme naturel
HCMVUL97	X17403.1	294	F	C	ganciclovir	sensitive			CHARMD	Source origin: naive isolate; CNR data pHD G Champier | Observation: polymorphisme naturel
HCMVUL97	X17403.1	294	F	C	letermovir	sensitive			CHARMD	Source origin: naive isolate; CNR data pHD G Champier | Observation: polymorphisme naturel
HCMVUL97	X17403.1	294	F	C	maribavir	sensitive			CHARMD	Source origin: naive isolate; CNR data pHD G Champier | Observation: polymorphisme naturel
HCMVUL97	X17403.1	316	K	T	brincidofovir	sensitive			CHARMD	Source origin: naive isolate; CNR data pHD G Champier | Observation: polymorphisme naturel
HCMVUL97	X17403.1	316	K	T	cidofovir	sensitive			CHARMD	Source origin: naive isolate; CNR data pHD G Champier | Observation: polymorphisme naturel
HCMVUL97	X17403.1	316	K	T	cyclopropavir	sensitive			CHARMD	Source origin: naive isolate; CNR data pHD G Champier | Observation: polymorphisme naturel
HCMVUL97	X17403.1	316	K	T	foscarnet	sensitive			CHARMD	Source origin: naive isolate; CNR data pHD G Champier | Observation: polymorphisme naturel
HCMVUL97	X17403.1	316	K	T	ganciclovir	sensitive			CHARMD	Source origin: naive isolate; CNR data pHD G Champier | Observation: polymorphisme naturel
HCMVUL97	X17403.1	316	K	T	letermovir	sensitive			CHARMD	Source origin: naive isolate; CNR data pHD G Champier | Observation: polymorphisme naturel
HCMVUL97	X17403.1	316	K	T	maribavir	sensitive			CHARMD	Source origin: naive isolate; CNR data pHD G Champier | Observation: polymorphisme naturel
HCMVUL97	X17403.1	317	E	A	brincidofovir	sensitive			CHARMD	Source origin: naive isolate; CNR data pHD G Champier | Observation: polymorphisme naturel
HCMVUL97	X17403.1	317	E	A	cidofovir	sensitive			CHARMD	Source origin: naive isolate; CNR data pHD G Champier | Observation: polymorphisme naturel
HCMVUL97	X17403.1	317	E	A	cyclopropavir	sensitive			CHARMD	Source origin: naive isolate; CNR data pHD G Champier | Observation: polymorphisme naturel
HCMVUL97	X17403.1	317	E	A	foscarnet	sensitive			CHARMD	Source origin: naive isolate; CNR data pHD G Champier | Observation: polymorphisme naturel
HCMVUL97	X17403.1	317	E	A	ganciclovir	sensitive			CHARMD	Source origin: naive isolate; CNR data pHD G Champier | Observation: polymorphisme naturel
HCMVUL97	X17403.1	317	E	A	letermovir	sensitive			CHARMD	Source origin: naive isolate; CNR data pHD G Champier | Observation: polymorphisme naturel
HCMVUL97	X17403.1	317	E	A	maribavir	sensitive			CHARMD	Source origin: naive isolate; CNR data pHD G Champier | Observation: polymorphisme naturel
HCMVUL97	X17403.1	329	D	H	brincidofovir	sensitive		PMID:11807689	CHARMD	Source origin: Laboratory strain, Towne cosmid | Marker transfer: Recombinant
HCMVUL97	X17403.1	329	D	H	cidofovir	sensitive		PMID:11807689	CHARMD	Source origin: Laboratory strain, Towne cosmid | Marker transfer: Recombinant
HCMVUL97	X17403.1	329	D	H	cyclopropavir	sensitive		PMID:11807689	CHARMD	Source origin: Laboratory strain, Towne cosmid | Marker transfer: Recombinant
HCMVUL97	X17403.1	329	D	H	foscarnet	sensitive		PMID:11807689	CHARMD	Source origin: Laboratory strain, Towne cosmid | Marker transfer: Recombinant
HCMVUL97	X17403.1	329	D	H	ganciclovir	sensitive		PMID:11807689	CHARMD	Source origin: Laboratory strain, Towne cosmid | Marker transfer: Recombinant
HCMVUL97	X17403.1	329	D	H	letermovir	sensitive		PMID:11807689	CHARMD	Source origin: Laboratory strain, Towne cosmid | Marker transfer: Recombinant
HCMVUL97	X17403.1	329	D	H	maribavir	sensitive		PMID:11807689	CHARMD	Source origin: Laboratory strain, Towne cosmid | Marker transfer: Recombinant
HCMVUL97	X17403.1	335	Y	H	ganciclovir	susceptible	0.9	PMID:34273445	CHARMD	Source origin: Clinical Isolate
HCMVUL97	X17403.1	335	Y	H	maribavir	susceptible	1	PMID:34273445	CHARMD	Source origin: Clinical Isolate
HCMVUL97	X17403.1	337	L	M	ganciclovir	susceptible	1.02	PMID:22664236	CHARMD	Source origin: Laboratory strain | Marker transfer: Recombinant | Assay details: SEAP
HCMVUL97	X17403.1	337	L	M	maribavir	intermediate	3.4	PMID:22664236	CHARMD	Source origin: Laboratory strain | Marker transfer: Recombinant | Assay details: SEAP
HCMVUL97	X17403.1	342	F	S	ganciclovir	high-level resistance	7.8	PMID:23650173	CHARMD	Source origin: Laboratory strain | Marker transfer: Recombinant | Assay details: PRA, ELISA tests, flow cytometry and DNA-DNA hybridization assays, quantitative real-time PCR, reporter cell lines, polymerase biochemical assays, marker transfer
HCMVUL97	X17403.1	342	F	S	maribavir	high-level resistance	18	PMID:23650173	CHARMD	Source origin: Laboratory strain | Marker transfer: Recombinant | Assay details: SEAP
HCMVUL97	X17403.1	342	F	Y	ganciclovir	high-level resistance	5.95	PMID:38163624,PMID:34273445	CHARMD	Fold IC50 values: 6, 5.9; mean displayed | Source origin: Laboratory strain, Clinical Isolate | Marker transfer: Recombinant | Assay details: PRA, marker transfer | Observation: updated 2024 | Source origin: Clinical Isolate
HCMVUL97	X17403.1	342	F	Y	maribavir	intermediate	4.45	PMID:38163624,PMID:34273445	CHARMD	Fold IC50 values: 4.7, 4.2; mean displayed | Source origin: Laboratory strain, Clinical Isolate | Marker transfer: Recombinant | Assay details: PRA, marker transfer | Observation: updated 2024 | Source origin: Clinical Isolate
HCMVUL97	X17403.1	343	G	A	ganciclovir	high-level resistance	8.5	PMID:39302855	CHARMD	Source origin: Laboratory strain, Clinical Isolate | Marker transfer: Recombinant
HCMVUL97	X17403.1	343	G	A	maribavir	high-level resistance	126	PMID:39302855	CHARMD	Source origin: Laboratory strain, Clinical Isolate | Marker transfer: Recombinant
HCMVUL97	X17403.1	345	V	I	ganciclovir	susceptible	1.3	PMID:34273445	CHARMD	Source origin: Laboratory strain, Clinical Isolate
HCMVUL97	X17403.1	345	V	I	maribavir	susceptible	0.4	PMID:34273445	CHARMD	Source origin: Laboratory strain, Clinical Isolate
HCMVUL97	X17403.1	348	L	V	ganciclovir	susceptible	0.9	PMID:34273445	CHARMD	Source origin: Clinical Isolate
HCMVUL97	X17403.1	348	L	V	maribavir	susceptible	1.6	PMID:34273445	CHARMD	Source origin: Clinical Isolate
HCMVUL97	X17403.1	353	V	A	ganciclovir	susceptible	1	PMID:17538888,PMID:17942550,PMID:22664236,PMID:23650173	CHARMD	Source origin: Laboratory strain | Marker transfer: Recombinant | Assay details: SEAP, PRA
HCMVUL97	X17403.1	353	V	A	maribavir	high-level resistance	10	PMID:17538888,PMID:17942550,PMID:22664236,PMID:23650173,PMID:31940472	CHARMD	Source origin: Laboratory strain | Marker transfer: Recombinant | Assay details: SEAP, PRA | Observation: IS50: 5-20 selon Chou 2020 :
HCMVUL97	X17403.1	355	K	K355del	ganciclovir	high-level resistance	16	PMID:23650173,PMID:16306620	CHARMD	Source origin: Laboratory strain | Marker transfer: Recombinant | Assay details: PRA, ELISA tests, flow cytometry and DNA-DNA hybridization assays, quantitative real-time PCR, reporter cell lines, polymerase biochemical assays, marker transfer, enzymatic assay, SEAP
HCMVUL97	X17403.1	355	K	K355del	maribavir	high-level resistance	304	PMID:23650173	CHARMD	Source origin: Laboratory strain | Marker transfer: Recombinant | Assay details: Enzymatic assay, SEAP
HCMVUL97	X17403.1	356	K	V	brincidofovir	sensitive			CHARMD	Observation: Polymorphisme naturel
HCMVUL97	X17403.1	356	K	V	cidofovir	sensitive			CHARMD	Observation: Polymorphisme naturel
HCMVUL97	X17403.1	356	K	V	cyclopropavir	sensitive			CHARMD	Observation: Polymorphisme naturel
HCMVUL97	X17403.1	356	K	V	foscarnet	sensitive			CHARMD	Observation: Polymorphisme naturel
HCMVUL97	X17403.1	356	K	V	ganciclovir	sensitive			CHARMD	Observation: Polymorphisme naturel
HCMVUL97	X17403.1	356	K	V	letermovir	sensitive			CHARMD	Observation: Polymorphisme naturel
HCMVUL97	X17403.1	356	K	V	maribavir	sensitive			CHARMD	Observation: Polymorphisme naturel
HCMVUL97	X17403.1	356	V	G	ganciclovir	high-level resistance	5.5	PMID:23650173	CHARMD	Source origin: Laboratory strain | Marker transfer: Recombinant | Assay details: PRA, ELISA tests, flow cytometry and DNA-DNA hybridization assays, quantitative real-time PCR, reporter cell lines, polymerase biochemical assays, marker transfer, SEAP | Observation: Polymorphisme naturel
HCMVUL97	X17403.1	356	V	G	maribavir	high-level resistance	108	PMID:23650173	CHARMD	Source origin: Laboratory strain | Marker transfer: Recombinant | Assay details: SEAP | Observation: Polymorphisme naturel
HCMVUL97	X17403.1	356	V	L	brincidofovir	sensitive			CHARMD	Observation: Polymorphisme naturel
HCMVUL97	X17403.1	356	V	L	cidofovir	sensitive			CHARMD	Observation: Polymorphisme naturel
HCMVUL97	X17403.1	356	V	L	cyclopropavir	sensitive			CHARMD	Observation: Polymorphisme naturel
HCMVUL97	X17403.1	356	V	L	foscarnet	sensitive			CHARMD	Observation: Polymorphisme naturel
HCMVUL97	X17403.1	356	V	L	ganciclovir	sensitive			CHARMD	Observation: Polymorphisme naturel
HCMVUL97	X17403.1	356	V	L	letermovir	sensitive			CHARMD	Observation: Polymorphisme naturel
HCMVUL97	X17403.1	356	V	L	maribavir	sensitive			CHARMD	Observation: Polymorphisme naturel
HCMVUL97	X17403.1	356	V	W	brincidofovir	sensitive			CHARMD	Observation: Polymorphisme naturel
HCMVUL97	X17403.1	356	V	W	cidofovir	sensitive			CHARMD	Observation: Polymorphisme naturel
HCMVUL97	X17403.1	356	V	W	cyclopropavir	sensitive			CHARMD	Observation: Polymorphisme naturel
HCMVUL97	X17403.1	356	V	W	foscarnet	sensitive			CHARMD	Observation: Polymorphisme naturel
HCMVUL97	X17403.1	356	V	W	ganciclovir	sensitive			CHARMD	Observation: Polymorphisme naturel
HCMVUL97	X17403.1	356	V	W	letermovir	sensitive			CHARMD	Observation: Polymorphisme naturel
HCMVUL97	X17403.1	356	V	W	maribavir	sensitive			CHARMD	Observation: Polymorphisme naturel
HCMVUL97	X17403.1	359	K	E	ganciclovir	intermediate	4	PMID:31568799,PMID:31940472	CHARMD	Source origin: Clincial isolate | Assay details: PRA, marker transfer | Observation: 50 : 2.2-4.9 selon Chou 2020 :
HCMVUL97	X17403.1	359	K	N	ganciclovir	low-level resistance	2.1	PMID:34273445	CHARMD	Source origin: Clinical Isolate
HCMVUL97	X17403.1	359	K	N	maribavir	susceptible	0.7	PMID:34273445	CHARMD	Source origin: Clinical Isolate
HCMVUL97	X17403.1	359	K	Q	ganciclovir	intermediate	4	PMID:31568799,PMID:31940472	CHARMD	Source origin: Clincial isolate | Assay details: PRA, marker transfer | Observation: IS50 : 2.2-4.9 selon Chou 2020 :
HCMVUL97	X17403.1	362	E	D	ganciclovir	intermediate	3.8	PMID:34273445	CHARMD	Source origin: Clinical Isolate
HCMVUL97	X17403.1	362	E	D	maribavir	susceptible	0.1	PMID:34273445	CHARMD	Source origin: Clinical Isolate
HCMVUL97	X17403.1	378	A	T	ganciclovir	susceptible	1	PMID:34273445	CHARMD	Source origin: Clinical Isolate
HCMVUL97	X17403.1	378	A	T	maribavir	susceptible	1.1	PMID:34273445	CHARMD	Source origin: Clinical Isolate
HCMVUL97	X17403.1	388	V	M	ganciclovir	susceptible	1.2	PMID:34273445	CHARMD	Source origin: Clinical Isolate
HCMVUL97	X17403.1	388	V	M	maribavir	susceptible	1.1	PMID:34273445	CHARMD	Source origin: Clinical Isolate
HCMVUL97	X17403.1	397	L	R	ganciclovir	low-level resistance	2.3	PMID:38163624,PMID:16962820,PMID:17942550,PMID:17538888,PMID:12121906,PMID:15388454	CHARMD	Source origin: Laboratory strain | Marker transfer: Recombinant | Assay details: DNA hybridization assay, PRA, SEAP | Observation: Updated 2024
HCMVUL97	X17403.1	397	L	R	maribavir	high-level resistance	390	PMID:38163624,PMID:17942550,PMID:17538888,PMID:12121906,PMID:15388453	CHARMD	Source origin: Laboratory strain | Marker transfer: Recombinant | Assay details: DNA hybridization assay, PRA, SEAP | Observation: Updated 2024,
HCMVUL97	X17403.1	405	L	P	ganciclovir	low-level resistance	2.7	PMID:20385869,PMID:16962820,PMID:31940472	CHARMD	Source origin: Laboratory strain, Clinical Isolate | Marker transfer: Recombinant | Assay details: PRA, ELISA tests, flow cytometry and DNA-DNA hybridization assays, quantitative real-time PCR, reporter cell lines, polymerase biochemical assays, marker transfer | Observation: ,
HCMVUL97	X17403.1	409	T	M	ganciclovir	susceptible	1.3	PMID:38163624,PMID:17538888,PMID:17942550,PMID:27667983,PMID:30329038,PMID:20504236,PMID:31940472	CHARMD	Source origin: Laboratory strain, Clinical Isolate | Marker transfer: Recombinant | Assay details: PRA, SEAP | Observation: Updated 2024 ,
HCMVUL97	X17403.1	409	T	M	maribavir	high-level resistance	79	PMID:38163624,PMID:17942550,PMID:27667983,PMID:30329038,PMID:20504236,PMID:31940472,PMID:32726419	CHARMD	Fold IC50 values: 80, 78; mean displayed | Source origin: Laboratory strain, Clinical Isolate | Marker transfer: Recombinant | Assay details: PRA, SEAP | Observation: Updated 202417538888, IS50: 21-99 selon Chou 2020 : | Source origin: Laboratory strain, Clinical Isolate
HCMVUL97	X17403.1	411	H	L	ganciclovir	susceptible	0.7	PMID:17942550	CHARMD	Source origin: Laboratory strain, Clinical Isolate | Marker transfer: Recombinant | Assay details: SEAP
HCMVUL97	X17403.1	411	H	L	maribavir	high-level resistance	99	PMID:17942550,PMID:31940472	CHARMD	Fold IC50 values: 99, 21-99; mean displayed | Source origin: Laboratory strain, Clinical Isolate | Marker transfer: Recombinant | Assay details: SEAP | Observation: IS50: 21-99 selon Chou 2020 :
HCMVUL97	X17403.1	411	H	N	ganciclovir	susceptible	0.71	PMID:17942550	CHARMD	Source origin: Laboratory strain, Clinical Isolate | Marker transfer: Recombinant | Assay details: SEAP
HCMVUL97	X17403.1	411	H	N	maribavir	high-level resistance	9	PMID:17942550,PMID:31940472	CHARMD	Source origin: Laboratory strain, Clinical Isolate | Marker transfer: Recombinant | Assay details: SEAP | Observation: IS50: 5-20 selon Chou 2020 : Assays : SEAP
HCMVUL97	X17403.1	411	H	Y	ganciclovir	susceptible	0.5	PMID:38163624,PMID:17942550,PMID:30329038,PMID:20504236,PMID:31940472	CHARMD	Source origin: Laboratory strain, Clinical Isolate | Marker transfer: Recombinant | Assay details: SEAP | Observation: updated 2024 ,
HCMVUL97	X17403.1	411	H	Y	maribavir	high-level resistance	16	PMID:38163624,PMID:17942550,PMID:30329038,PMID:20504236,PMID:31940472,PMID:32726419	CHARMD	Fold IC50 values: 17, 15; mean displayed | Source origin: Laboratory strain, Clinical Isolate | Marker transfer: Recombinant | Assay details: SEAP | Observation: updated 2024 , IS50: 5-20 selon Chou 2020 : Assays : SEAP | Source origin: Laboratory strain, Clinical Isolate
HCMVUL97	X17403.1	415	H	Y	ganciclovir	susceptible	1.1	PMID:34273445	CHARMD	Source origin: Clinical Isolate
HCMVUL97	X17403.1	415	H	Y	maribavir	susceptible	0.6	PMID:34273445	CHARMD	Source origin: Clinical Isolate
HCMVUL97	X17403.1	427	A	V	ganciclovir	susceptible	0.95	PMID:16897654	CHARMD	Source origin: Laboratory strain, Clinical Isolate | Marker transfer: Recombinant
HCMVUL97	X17403.1	429	T	I	brincidofovir	sensitive			CHARMD	Source origin: CNR data pHD G Champier | Observation: Polymorphisme naturel
HCMVUL97	X17403.1	429	T	I	cidofovir	sensitive			CHARMD	Source origin: CNR data pHD G Champier | Observation: Polymorphisme naturel
HCMVUL97	X17403.1	429	T	I	cyclopropavir	sensitive			CHARMD	Source origin: CNR data pHD G Champier | Observation: Polymorphisme naturel
HCMVUL97	X17403.1	429	T	I	foscarnet	sensitive			CHARMD	Source origin: CNR data pHD G Champier | Observation: Polymorphisme naturel
HCMVUL97	X17403.1	429	T	I	ganciclovir	sensitive			CHARMD	Source origin: CNR data pHD G Champier | Observation: Polymorphisme naturel
HCMVUL97	X17403.1	429	T	I	letermovir	sensitive			CHARMD	Source origin: CNR data pHD G Champier | Observation: Polymorphisme naturel
HCMVUL97	X17403.1	429	T	I	maribavir	sensitive			CHARMD	Source origin: CNR data pHD G Champier | Observation: Polymorphisme naturel
HCMVUL97	X17403.1	435	A	V	ganciclovir	susceptible	1	PMID:34273445	CHARMD	Source origin: Clinical Isolate
HCMVUL97	X17403.1	435	A	V	maribavir	susceptible	0.6	PMID:34273445	CHARMD	Source origin: Clinical Isolate
HCMVUL97	X17403.1	437	C	Y	ganciclovir	susceptible	0.9	PMID:34273445	CHARMD	Source origin: Clinical Isolate
HCMVUL97	X17403.1	437	C	Y	maribavir	susceptible	0.9	PMID:34273445	CHARMD	Source origin: Clinical Isolate
HCMVUL97	X17403.1	440	A	V	brincidofovir	sensitive		PMID:21030903	CHARMD	Source origin: naive patient | Observation: Polymorphisme naturel
HCMVUL97	X17403.1	440	A	V	cidofovir	sensitive		PMID:21030903	CHARMD	Source origin: naive patient | Observation: Polymorphisme naturel
HCMVUL97	X17403.1	440	A	V	cyclopropavir	sensitive		PMID:21030903	CHARMD	Source origin: naive patient | Observation: Polymorphisme naturel
HCMVUL97	X17403.1	440	A	V	foscarnet	sensitive		PMID:21030903	CHARMD	Source origin: naive patient | Observation: Polymorphisme naturel
HCMVUL97	X17403.1	440	A	V	ganciclovir	sensitive		PMID:21030903	CHARMD	Source origin: naive patient | Observation: Polymorphisme naturel
HCMVUL97	X17403.1	440	A	V	letermovir	sensitive		PMID:21030903	CHARMD	Source origin: naive patient | Observation: Polymorphisme naturel
HCMVUL97	X17403.1	440	A	V	maribavir	sensitive		PMID:21030903	CHARMD	Source origin: naive patient | Observation: Polymorphisme naturel
HCMVUL97	X17403.1	442	A	G	brincidofovir	sensitive		PMID:21030903	CHARMD	Source origin: naive patient | Observation: Polymorphisme naturel
HCMVUL97	X17403.1	442	A	G	cidofovir	sensitive		PMID:21030903	CHARMD	Source origin: naive patient | Observation: Polymorphisme naturel
HCMVUL97	X17403.1	442	A	G	cyclopropavir	sensitive		PMID:21030903	CHARMD	Source origin: naive patient | Observation: Polymorphisme naturel
HCMVUL97	X17403.1	442	A	G	foscarnet	sensitive		PMID:21030903	CHARMD	Source origin: naive patient | Observation: Polymorphisme naturel
HCMVUL97	X17403.1	442	A	G	ganciclovir	sensitive		PMID:21030903	CHARMD	Source origin: naive patient | Observation: Polymorphisme naturel
HCMVUL97	X17403.1	442	A	G	letermovir	sensitive		PMID:21030903	CHARMD	Source origin: naive patient | Observation: Polymorphisme naturel
HCMVUL97	X17403.1	442	A	G	maribavir	sensitive		PMID:21030903	CHARMD	Source origin: naive patient | Observation: Polymorphisme naturel
HCMVUL97	X17403.1	449	Q	K	brincidofovir	sensitive		PMID:11557468	CHARMD	Source origin: Laboratory strain, Clinical Isolate | Marker transfer: Recombinant
HCMVUL97	X17403.1	449	Q	K	cidofovir	sensitive		PMID:11557468	CHARMD	Source origin: Laboratory strain, Clinical Isolate | Marker transfer: Recombinant
HCMVUL97	X17403.1	449	Q	K	cyclopropavir	sensitive		PMID:11557468	CHARMD	Source origin: Laboratory strain, Clinical Isolate | Marker transfer: Recombinant
HCMVUL97	X17403.1	449	Q	K	foscarnet	sensitive		PMID:11557468	CHARMD	Source origin: Laboratory strain, Clinical Isolate | Marker transfer: Recombinant
HCMVUL97	X17403.1	449	Q	K	ganciclovir	sensitive		PMID:11557468	CHARMD	Source origin: Laboratory strain, Clinical Isolate | Marker transfer: Recombinant
HCMVUL97	X17403.1	449	Q	K	letermovir	sensitive		PMID:11557468	CHARMD	Source origin: Laboratory strain, Clinical Isolate | Marker transfer: Recombinant
HCMVUL97	X17403.1	449	Q	K	maribavir	sensitive		PMID:11557468	CHARMD	Source origin: Laboratory strain, Clinical Isolate | Marker transfer: Recombinant
HCMVUL97	X17403.1	449	Q	R	brincidofovir	sensitive		PMID:21570426	CHARMD	Source origin: naive patient | Observation: Polymorphisme naturel
HCMVUL97	X17403.1	449	Q	R	cidofovir	sensitive		PMID:21570426	CHARMD	Source origin: naive patient | Observation: Polymorphisme naturel
HCMVUL97	X17403.1	449	Q	R	cyclopropavir	sensitive		PMID:21570426	CHARMD	Source origin: naive patient | Observation: Polymorphisme naturel
HCMVUL97	X17403.1	449	Q	R	foscarnet	sensitive		PMID:21570426	CHARMD	Source origin: naive patient | Observation: Polymorphisme naturel
HCMVUL97	X17403.1	449	Q	R	ganciclovir	sensitive		PMID:21570426	CHARMD	Source origin: naive patient | Observation: Polymorphisme naturel
HCMVUL97	X17403.1	449	Q	R	letermovir	sensitive		PMID:21570426	CHARMD	Source origin: naive patient | Observation: Polymorphisme naturel
HCMVUL97	X17403.1	449	Q	R	maribavir	sensitive		PMID:21570426	CHARMD	Source origin: naive patient | Observation: Polymorphisme naturel
HCMVUL97	X17403.1	456	D	N	ganciclovir	high-level resistance	12	PMID:24145545	CHARMD	Source origin: Laboratory strain | Marker transfer: Recombinant | Assay details: PRA, ELISA tests, flow cytometry and DNA-DNA hybridization assays, quantitative real-time PCR, reporter cell lines, polymerase biochemical assays, marker transfer, SEAP
HCMVUL97	X17403.1	456	D	N	maribavir	high-level resistance	278	PMID:24145545	CHARMD	Source origin: Laboratory strain | Marker transfer: Recombinant | Assay details: SEAP
HCMVUL97	X17403.1	460	M	I	cyclopropavir	high-level resistance	12	PMID:21041510,PMID:31940472	CHARMD	Source origin: Laboratory strain, Clinical Isolate | Marker transfer: Recombinant | Assay details: PRA, marker transfer | Observation: IS50: 5-20 selon Chou 2020 :
HCMVUL97	X17403.1	460	M	I	ganciclovir	high-level resistance	12	PMID:38163624,PMID:9207351,PMID:19063923,PMID:24903568,PMID:11807689,PMID:26448304,PMID:31940472	CHARMD	Source origin: Laboratory strain, Clinical Isolate | Marker transfer: Recombinant | Assay details: PRA, ELISA tests, flow cytometry and DNA-DNA hybridization assays, quantitative real-time PCR, reporter cell lines, polymerase biochemical assays, marker transfer | Observation: updated 2024, , Mutation fr?quemment retrouv?e chez les patients re?evant des CS h?matopo?etiques
HCMVUL97	X17403.1	460	M	I	maribavir	susceptible	0.21	PMID:38163624,PMID:31940472	CHARMD	Source origin: Laboratory strain, Clinical Isolate | Marker transfer: Recombinant | Assay details: PRA, marker transfer | Observation: Hypersensitivity to MBV, updated 2024, IS50 : <2.2 selon Chou 2020 :
HCMVUL97	X17403.1	460	M	L	brincidofovir	sensitive			CHARMD	Source origin: clinical isolate not yet confirmed by rrecombinant phenotype
HCMVUL97	X17403.1	460	M	L	cidofovir	sensitive			CHARMD	Source origin: clinical isolate not yet confirmed by rrecombinant phenotype
HCMVUL97	X17403.1	460	M	L	cyclopropavir	sensitive			CHARMD	Source origin: clinical isolate not yet confirmed by rrecombinant phenotype
HCMVUL97	X17403.1	460	M	L	foscarnet	sensitive			CHARMD	Source origin: clinical isolate not yet confirmed by rrecombinant phenotype
HCMVUL97	X17403.1	460	M	L	ganciclovir	sensitive			CHARMD	Source origin: clinical isolate not yet confirmed by rrecombinant phenotype
HCMVUL97	X17403.1	460	M	L	letermovir	sensitive			CHARMD	Source origin: clinical isolate not yet confirmed by rrecombinant phenotype
HCMVUL97	X17403.1	460	M	L	maribavir	sensitive			CHARMD	Source origin: clinical isolate not yet confirmed by rrecombinant phenotype
HCMVUL97	X17403.1	460	M	T	ganciclovir	high-level resistance	9.3	PMID:20385869,PMID:24903568	CHARMD	Source origin: Laboratory strain, Clinical Isolate | Marker transfer: Recombinant | Assay details: PRA, ELISA tests, flow cytometry and DNA-DNA hybridization assays, quantitative real-time PCR, reporter cell lines, polymerase biochemical assays, marker transfer
HCMVUL97	X17403.1	460	M	V	cyclopropavir	intermediate	4	PMID:21041510,PMID:31940472	CHARMD	Source origin: Laboratory strain, Clinical Isolate | Marker transfer: Recombinant | Assay details: PRA, marker transfer | Observation: IS50 : 2.2-4.9 selon Chou 2020 :
HCMVUL97	X17403.1	460	M	V	ganciclovir	high-level resistance	9.1	PMID:38163624,PMID:7814623,PMID:24903568,PMID:25405808,PMID:15230476,PMID:15135748,PMID:11807689,PMID:9207351,PMID:10443790,PMID:23985916,PMID:15634973,PMID:31940472	CHARMD	Source origin: Laboratory strain, Clinical Isolate | Marker transfer: Recombinant | Assay details: PRA, ELISA tests, flow cytometry and DNA-DNA hybridization assays, quantitative real-time PCR, reporter cell lines, polymerase biochemical assays, marker transfer | Observation: updated 2024, , Mutation fr?quemment retrouv?e chez les patients re?evant des CS h?matopo?etiques
HCMVUL97	X17403.1	460	M	V	maribavir	susceptible	0.3	PMID:38163624,PMID:31940472	CHARMD	Source origin: Laboratory strain, Clinical Isolate | Marker transfer: Recombinant | Assay details: PRA, marker transfer | Observation: updated 2024, IS50 : <2.2 selon Chou 2020 :
HCMVUL97	X17403.1	466	V	G	ganciclovir	high-level resistance	11	PMID:20138805,PMID:23650173,PMID:31940472	CHARMD	Source origin: Clinical Isolat | Marker transfer: Recombinant | Assay details: PRA, ELISA tests, flow cytometry and DNA-DNA hybridization assays, quantitative real-time PCR, reporter cell lines, polymerase biochemical assays, marker transfer, SEAP
HCMVUL97	X17403.1	466	V	G	maribavir	high-level resistance	321	PMID:23650173,PMID:31940472	CHARMD	Source origin: Clinical Isolat | Marker transfer: Recombinant | Assay details: SEAP | Observation: IS50: >100 selon Chou 2020 :
HCMVUL97	X17403.1	466	V	M	ganciclovir	susceptible	1.3	PMID:20385869	CHARMD	Source origin: Laboratory strain, Clinical Isolate | Marker transfer: Recombinant
HCMVUL97	X17403.1	466	V	M	maribavir				CHARMD	
HCMVUL97	X17403.1	469	H	Y	ganciclovir	susceptible	1	PMID:20385869	CHARMD	Source origin: Laboratory strain, Clinical Isolate | Marker transfer: Recombinant | Observation: polymorphisme naturel rec CHOU et al. 2010
HCMVUL97	X17403.1	476	R	C	ganciclovir			PMID:16897654	CHARMD	Source origin: Naive isolate, CNR data pHD G Champier
HCMVUL97	X17403.1	478	A	V	ganciclovir	susceptible	0.85	PMID:20385869	CHARMD	Source origin: Laboratory strain, Clinical Isolate | Marker transfer: Recombinant
HCMVUL97	X17403.1	480	C	F	ganciclovir	low-level resistance	2.3	PMID:38163624,PMID:33475730,PMID:32726419	CHARMD	Fold IC50 values: 2.3, 2.3; mean displayed | Source origin: Laboratory strain, Clinical Isolate | Marker transfer: Recombinant | Assay details: PRA, marker transfer | Observation: updated 2024, , | Source origin: Clinical Isolate
HCMVUL97	X17403.1	480	C	F	maribavir	high-level resistance	217	PMID:38163624,PMID:33475730,PMID:32726419	CHARMD	Fold IC50 values: 210, 224; mean displayed | Source origin: Laboratory strain, Clinical Isolate | Marker transfer: Recombinant | Assay details: PRA, marker transfer | Observation: updated 2024, , | Source origin: Clinical Isolate
HCMVUL97	X17403.1	480	C	R	ganciclovir	high-level resistance	9	PMID:24145545	CHARMD	Source origin: Laboratory strain, Clinical Isolate | Marker transfer: Recombinant | Assay details: PRA, ELISA tests, flow cytometry and DNA-DNA hybridization assays, quantitative real-time PCR, reporter cell lines, polymerase biochemical assays, marker transfer, SEAP
HCMVUL97	X17403.1	480	C	R	maribavir	high-level resistance	243	PMID:24145545	CHARMD	Source origin: Laboratory strain, Clinical Isolate | Marker transfer: Recombinant | Assay details: SEAP
HCMVUL97	X17403.1	510	N	S	ganciclovir	susceptible	1.2	PMID:20385869	CHARMD	Source origin: Laboratory strain, Clinical Isolate | Marker transfer: Recombinant | Observation: polymorphisme naturel rec CHOU et al. 2010
HCMVUL97	X17403.1	518	C	Y	ganciclovir	high-level resistance	12	PMID:23668613,PMID:31940472	CHARMD	Source origin: Laboratory strain, Clinical Isolate | Marker transfer: Recombinant | Assay details: PRA, ELISA tests, flow cytometry and DNA-DNA hybridization assays, quantitative real-time PCR, reporter cell lines, polymerase biochemical assays, marker transfer
HCMVUL97	X17403.1	520	H	Q	cyclopropavir	high-level resistance	20	PMID:21041510,PMID:31940472	CHARMD	Fold IC50 values: 20, 5-20; mean displayed | Source origin: Laboratory strain, Clinical Isolate | Marker transfer: Recombinant | Assay details: PRA, marker transfer | Observation: IS50: 5-20 selon Chou 2020 :
HCMVUL97	X17403.1	520	H	Q	ganciclovir	high-level resistance	9.7	PMID:38163624,PMID:9129070,PMID:24903568,PMID:11807689,PMID:12198609,PMID:23985916,PMID:11740736,PMID:11704031,PMID:16000504,PMID:31940472	CHARMD	Source origin: Laboratory strain, Clinical Isolate | Marker transfer: Recombinant | Assay details: PRA, ELISA tests, flow cytometry and DNA-DNA hybridization assays, quantitative real-time PCR, reporter cell lines, polymerase biochemical assays, marker transfer | Observation: updated 2024, , Mutation fr?quemment retrouv?e chez les patients re?evant des CS h?matopo?etiques
HCMVUL97	X17403.1	520	H	Q	maribavir	susceptible	0.66	PMID:38163624,PMID:31940472	CHARMD	Source origin: Laboratory strain, Clinical Isolate | Marker transfer: Recombinant | Assay details: PRA, marker transfer | Observation: updated 2024 IS50 : <2.2 selon Chou 2020 :
HCMVUL97	X17403.1	521	P	L	ganciclovir	high-level resistance	17	PMID:23650173,PMID:31940472	CHARMD	Source origin: Laboratory strain, Clinical Isolate | Marker transfer: Recombinant | Assay details: PRA, ELISA tests, flow cytometry and DNA-DNA hybridization assays, quantitative real-time PCR, reporter cell lines, polymerase biochemical assays, marker transfer, SEAP
HCMVUL97	X17403.1	521	P	L	maribavir	high-level resistance	428	PMID:23650173,PMID:31940472	CHARMD	Source origin: Laboratory strain, Clinical Isolate | Marker transfer: Recombinant | Assay details: SEAP | Observation: IS50: >100 selon Chou 2020 :
HCMVUL97	X17403.1	550	M	I	ganciclovir	susceptible	0.85	PMID:16897654	CHARMD	Source origin: Laboratory strain, Clinical Isolate | Marker transfer: Recombinant | Observation: 'analyse des résistances dans l''étude randomisée en prophylaxie valganciclovir 100 jours versus GCV iv '
HCMVUL97	X17403.1	561	G	A	brincidofovir	sensitive		PMID:20930070	CHARMD	Source origin: Davis | Assay details: VGI, ND | Observation: Polymorphisme naturel
HCMVUL97	X17403.1	561	G	A	cidofovir	sensitive		PMID:20930070	CHARMD	Source origin: Davis | Assay details: VGI, ND | Observation: Polymorphisme naturel
HCMVUL97	X17403.1	561	G	A	cyclopropavir	sensitive		PMID:20930070	CHARMD	Source origin: Davis | Assay details: VGI, ND | Observation: Polymorphisme naturel
HCMVUL97	X17403.1	561	G	A	foscarnet	sensitive		PMID:20930070	CHARMD	Source origin: Davis | Assay details: VGI, ND | Observation: Polymorphisme naturel
HCMVUL97	X17403.1	561	G	A	ganciclovir	sensitive		PMID:20930070	CHARMD	Source origin: Davis | Assay details: VGI, ND | Observation: Polymorphisme naturel
HCMVUL97	X17403.1	561	G	A	letermovir	sensitive		PMID:20930070	CHARMD	Source origin: Davis | Assay details: VGI, ND | Observation: Polymorphisme naturel
HCMVUL97	X17403.1	561	G	A	maribavir	sensitive		PMID:20930070	CHARMD	Source origin: Davis | Assay details: VGI, ND | Observation: Polymorphisme naturel
HCMVUL97	X17403.1	582	A	V	ganciclovir	susceptible	0.82	PMID:16897654	CHARMD	Source origin: Laboratory strain, Clinical Isolate | Marker transfer: Recombinant
HCMVUL97	X17403.1	587	H	Y	brincidofovir	sensitive		PMID:20385869	CHARMD	Source origin: Laboratory strain, Clinical Isolate | Marker transfer: Recombinant
HCMVUL97	X17403.1	587	H	Y	cidofovir	sensitive		PMID:20385869	CHARMD	Source origin: Laboratory strain, Clinical Isolate | Marker transfer: Recombinant
HCMVUL97	X17403.1	587	H	Y	cyclopropavir	sensitive		PMID:20385869	CHARMD	Source origin: Laboratory strain, Clinical Isolate | Marker transfer: Recombinant
HCMVUL97	X17403.1	587	H	Y	foscarnet	sensitive		PMID:20385869	CHARMD	Source origin: Laboratory strain, Clinical Isolate | Marker transfer: Recombinant
HCMVUL97	X17403.1	587	H	Y	ganciclovir	sensitive		PMID:20385869	CHARMD	Source origin: Laboratory strain, Clinical Isolate | Marker transfer: Recombinant
HCMVUL97	X17403.1	587	H	Y	letermovir	sensitive		PMID:20385869	CHARMD	Source origin: Laboratory strain, Clinical Isolate | Marker transfer: Recombinant
HCMVUL97	X17403.1	587	H	Y	maribavir	sensitive		PMID:20385869	CHARMD	Source origin: Laboratory strain, Clinical Isolate | Marker transfer: Recombinant
HCMVUL97	X17403.1	588	A	V	ganciclovir	susceptible	1.15	PMID:20385869	CHARMD	Source origin: Laboratory strain, Clinical Isolate | Marker transfer: Recombinant
HCMVUL97	X17403.1	590	A	AACRALENGKL590del	ganciclovir	high-level resistance	6.3	PMID:11158760	CHARMD	Source origin: Laboratory strain, Clinical Isolate | Marker transfer: Recombinant | Assay details: PRA, ELISA tests, flow cytometry and DNA-DNA hybridization assays, quantitative real-time PCR, reporter cell lines, polymerase biochemical assays, marker transfer
HCMVUL97	X17403.1	590	A	AACRALENGKLTHC590del	ganciclovir			PMID:10421408	CHARMD	Source origin: Clinical Isolate | Marker transfer: Recombinant | Assay details: PRA, ELISA tests, flow cytometry and DNA-DNA hybridization assays, quantitative real-time PCR, reporter cell lines, polymerase biochemical assays, marker transfer | Observation: resistance-associated mutation Resistance au GCV non disponible
HCMVUL97	X17403.1	591	A	ACRA591del	ganciclovir	high-level resistance	6	PMID:1326083,PMID:24903568,PMID:11807689,PMID:11740736,PMID:31940472	CHARMD	Source origin: Laboratory strain, Clinical Isolate | Marker transfer: Recombinant | Assay details: PRA, ELISA tests, flow cytometry and DNA-DNA hybridization assays, quantitative real-time PCR, reporter cell lines, polymerase biochemical assays, marker transfer
HCMVUL97	X17403.1	591	A	D	ganciclovir				CHARMD	Source origin: Clinical isolate | Observation: Resistance au GCV non disponible
HCMVUL97	X17403.1	591	A	V	ganciclovir	susceptible	1.3	PMID:11050017,PMID:24184129,PMID:11807689,PMID:23375740,PMID:31940472	CHARMD	Source origin: Laboratory strain, Clinical Isolate | Marker transfer: Recombinant | Assay details: PRA, ELISA tests, flow cytometry and DNA-DNA hybridization assays, quantitative real-time PCR, reporter cell lines, polymerase biochemical assays, marker transfer | Observation: Mutation fr?quemment retrouv?e chez les patients re?evant des CS h?matopo?etiques
HCMVUL97	X17403.1	592	C	F	ganciclovir	high-level resistance	31.5	PMID:11505446	CHARMD	Source origin: Laboratory strain, Clinical Isolate | Marker transfer: Recombinant | Assay details: PRA, ELISA tests, flow cytometry and DNA-DNA hybridization assays, quantitative real-time PCR, reporter cell lines, polymerase biochemical assays, marker transfer
HCMVUL97	X17403.1	592	C	G	cyclopropavir	intermediate	4.9	PMID:31940472	CHARMD	Fold IC50 values: 4.9, 2.2-4.9; mean displayed | Source origin: Laboratory strain, Clinical Isolate | Marker transfer: Recombinant | Assay details: PRA, marker transfer | Observation: IS50 : 2.2-4.9 selon Chou 2020 :
HCMVUL97	X17403.1	592	C	G	ganciclovir	intermediate	3.1	PMID:38163624,PMID:9129070,PMID:19063923,PMID:24903568,PMID:25405808,PMID:11807689,PMID:20385869,PMID:9207351,PMID:11595579,PMID:23985916,PMID:20138805,PMID:15980340,PMID:11704031,PMID:15634973,PMID:23375740,PMID:9291334,PMID:17709468,PMID:31940472,PMID:27940027,PMID:32726419	CHARMD	Fold IC50 values: 3.2, 3, 3.1, 3.1; mean displayed | Source origin: Laboratory strain, Clinical Isolate | Marker transfer: Recombinant | Assay details: PRA, ELISA tests, flow cytometry and DNA-DNA hybridization assays, quantitative real-time PCR, reporter cell lines, polymerase biochemical assays, marker transfer | Observation: , Mutation fr?quemment retrouv?e chez les patients re?evant des CS h?matopo?etiques | Source origin: Clinical Isolate
HCMVUL97	X17403.1	592	C	G	maribavir	susceptible	0.78	PMID:38163624,PMID:19063923,PMID:24903568,PMID:25405808,PMID:11807689,PMID:20385869,PMID:9207351,PMID:11595579,PMID:23985916,PMID:20138805,PMID:15980340,PMID:11704031,PMID:15634973,PMID:23375740,PMID:9291334,PMID:17709468,PMID:31940472	CHARMD	Source origin: Laboratory strain, Clinical Isolate | Marker transfer: Recombinant | Assay details: PRA, ELISA tests, flow cytometry and DNA-DNA hybridization assays, quantitative real-time PCR, reporter cell lines, polymerase biochemical assays, marker transfer | Observation: Mutation fr?quemment retrouv?e chez les patients re?evant des CS h?matopo?etiques
HCMVUL97	X17403.1	594	A	E	ganciclovir	intermediate	3	PMID:11807689,PMID:20385869,PMID:31940472	CHARMD	Source origin: Laboratory strain, Clinical Isolate | Marker transfer: Recombinant | Assay details: PRA, ELISA tests, flow cytometry and DNA-DNA hybridization assays, quantitative real-time PCR, reporter cell lines, polymerase biochemical assays, marker transfer
HCMVUL97	X17403.1	594	A	G	ganciclovir	high-level resistance	13.5	PMID:9300382,PMID:31940472	CHARMD	Source origin: Laboratory strain, Clinical Isolate | Marker transfer: Recombinant | Assay details: PRA, ELISA tests, flow cytometry and DNA-DNA hybridization assays, quantitative real-time PCR, reporter cell lines, polymerase biochemical assays, marker transfer
HCMVUL97	X17403.1	594	A	P	ganciclovir	high-level resistance	7.9	PMID:38163624,PMID:19063923,PMID:24903568,PMID:12198609,PMID:20961907,PMID:23668613,PMID:11750939	CHARMD	Source origin: Laboratory strain, Clinical Isolate | Marker transfer: Recombinant | Assay details: PRA, ELISA tests, flow cytometry and DNA-DNA hybridization assays, quantitative real-time PCR, reporter cell lines, polymerase biochemical assays, marker transfer | Observation: Mutation frequemment retrouvee chez les patients recevant des CS hématopoietiques
HCMVUL97	X17403.1	594	A	P	maribavir	susceptible	1.6	PMID:38163624,PMID:19063923,PMID:24903568,PMID:12198609,PMID:20961907,PMID:23668613,PMID:11750939	CHARMD	Source origin: Laboratory strain, Clinical Isolate | Marker transfer: Recombinant | Assay details: PRA, ELISA tests, flow cytometry and DNA-DNA hybridization assays, quantitative real-time PCR, reporter cell lines, polymerase biochemical assays, marker transfer | Observation: Mutation frequemment retrouvee chez les patients recevant des CS hématopoietiques
HCMVUL97	X17403.1	594	A	S	ganciclovir	intermediate	4.9	PMID:31940472	CHARMD	Fold IC50 values: 4.9, 2.2-4.9; mean displayed | Source origin: Laboratory strain, Clinical Isolate | Marker transfer: Recombinant | Assay details: PRA, marker transfer | Observation: IS50 : 2.2-4.9 selon Chou 2020 :
HCMVUL97	X17403.1	594	A	T	ganciclovir	high-level resistance	5	PMID:9129070,PMID:19063923,PMID:15230476,PMID:11807689,PMID:9207351,PMID:10443790,PMID:11740736,PMID:11704031,PMID:23375740	CHARMD	Source origin: Laboratory strain, Clinical Isolate | Marker transfer: Recombinant | Assay details: PRA, ELISA tests, flow cytometry and DNA-DNA hybridization assays, quantitative real-time PCR, reporter cell lines, polymerase biochemical assays, marker transfer | Observation: update 2024 , Mutation update 2024 , fr?quemment retrouv?e chez les patients re?evant des CS h?matopo?etiques
HCMVUL97	X17403.1	594	A	T	maribavir	susceptible	0.73	PMID:9129070,PMID:19063923,PMID:15230476,PMID:11807689,PMID:9207351,PMID:10443790,PMID:11740736,PMID:11704031,PMID:23375740	CHARMD	Source origin: Laboratory strain, Clinical Isolate | Marker transfer: Recombinant | Assay details: PRA, ELISA tests, flow cytometry and DNA-DNA hybridization assays, quantitative real-time PCR, reporter cell lines, polymerase biochemical assays, marker transfer | Observation: Mutation fr?quemment retrouv?e chez les patients re?evant des CS h?matopo?etiques
HCMVUL97	X17403.1	594	A	V	cyclopropavir	intermediate	4.9	PMID:31940472	CHARMD	Fold IC50 values: 4.9, 2.2-4.9; mean displayed | Source origin: Laboratory strain, Clinical Isolate | Marker transfer: Recombinant | Assay details: PRA, marker transfer | Observation: IS50 : 2.2-4.9 selon Chou 2020 :
HCMVUL97	X17403.1	594	A	V	ganciclovir	high-level resistance	6.9	PMID:38163624,PMID:7814623,PMID:19063923,PMID:24991428,PMID:24903568,PMID:15230476,PMID:11807689,PMID:20385869,PMID:9207351,PMID:10443790,PMID:11050017,PMID:23985916,PMID:15258973,PMID:15980340,PMID:9129070,PMID:10968438,PMID:15634973,PMID:23375740,PMID:23668613,PMID:26098499,PMID:25130511,PMID:31940472	CHARMD	Source origin: Laboratory strain, Clinical Isolate | Marker transfer: Recombinant | Assay details: PRA, ELISA tests, flow cytometry and DNA-DNA hybridization assays, quantitative real-time PCR, reporter cell lines, polymerase biochemical assays, marker transfer | Observation: update 2024 , Mutation fr?quemment retrouv?e chez les patients re?evant des CS h?matopo?etiques
HCMVUL97	X17403.1	594	A	V	maribavir	susceptible	1.9	PMID:38163624,PMID:31940472	CHARMD	Source origin: Laboratory strain, Clinical Isolate | Marker transfer: Recombinant | Assay details: PRA, marker transfer | Observation: Update 2024 IS50 : <2.2 selon Chou 2020 :
HCMVUL97	X17403.1	595	L	F	ganciclovir	high-level resistance	6.2	PMID:38163624,PMID:7814623,PMID:24903568,PMID:11807689,PMID:9207351,PMID:26448304,PMID:20138805,PMID:20961907,PMID:11069251,PMID:25143583,PMID:31940472	CHARMD	Source origin: Laboratory strain, Clinical Isolate | Marker transfer: Recombinant | Assay details: PRA, ELISA tests, flow cytometry and DNA-DNA hybridization assays, quantitative real-time PCR, reporter cell lines, polymerase biochemical assays, marker transfer | Observation: update 2024 , Mutation fr?quemment retrouv?e chez les patients re?evant des CS h?matopo?etiques
HCMVUL97	X17403.1	595	L	F	maribavir	susceptible	1.3	PMID:38163624	CHARMD	Source origin: Laboratory strain, Clinical Isolate | Marker transfer: Recombinant | Assay details: PRA, ELISA tests, flow cytometry and DNA-DNA hybridization assays, quantitative real-time PCR, reporter cell lines, polymerase biochemical assays, marker transfer
HCMVUL97	X17403.1	595	L	L595del	ganciclovir	high-level resistance	13.3	PMID:7815545,PMID:24903568,PMID:11704031,PMID:31940472	CHARMD	Source origin: Laboratory strain, Clinical Isolate | Marker transfer: Recombinant | Assay details: PRA, ELISA tests, flow cytometry and DNA-DNA hybridization assays, quantitative real-time PCR, reporter cell lines, polymerase biochemical assays, marker transfer
HCMVUL97	X17403.1	595	L	LENGKLTHC595del	ganciclovir	high-level resistance	8.4	PMID:10096535,PMID:10602745,PMID:24903568	CHARMD	Source origin: Laboratory strain, Clinical Isolate | Marker transfer: Recombinant | Assay details: PRA, ELISA tests, flow cytometry and DNA-DNA hybridization assays, quantitative real-time PCR, reporter cell lines, polymerase biochemical assays, marker transfer
HCMVUL97	X17403.1	595	L	S	cyclopropavir	low-level resistance	2.2	PMID:31940472	CHARMD	Fold IC50 values: 2.2, <2.2; mean displayed | Source origin: Laboratory strain, Clinical Isolate | Marker transfer: Recombinant | Observation: IS50 : <2.2 selon Chou 2020 :
HCMVUL97	X17403.1	595	L	S	ganciclovir	high-level resistance	7.5	PMID:38163624,PMID:9207351,PMID:19063923,PMID:24991428,PMID:24903568,PMID:15230476,PMID:11807689,PMID:11050017,PMID:23985916,PMID:18992772,PMID:15980340,PMID:10968438,PMID:23375740,PMID:25130511,PMID:31940472	CHARMD	Source origin: Laboratory strain, Clinical Isolate | Marker transfer: Recombinant | Assay details: PRA, ELISA tests, flow cytometry and DNA-DNA hybridization assays, quantitative real-time PCR, reporter cell lines, polymerase biochemical assays, marker transfer | Observation: udate 2024 , Mutation fr?quemment retrouv?e chez les patients re?evant des CS h?matopo?etiques
HCMVUL97	X17403.1	595	L	S	maribavir	susceptible	1.3	PMID:38163624	CHARMD	Source origin: Laboratory strain, Clinical Isolate | Marker transfer: Recombinant
HCMVUL97	X17403.1	595	L	W	ganciclovir	high-level resistance	9	PMID:38163624,PMID:24903568,PMID:11807689,PMID:12198609,PMID:23011309,PMID:31940472	CHARMD	Source origin: Laboratory strain, Clinical Isolate | Marker transfer: Recombinant | Assay details: PRA, ELISA tests, flow cytometry and DNA-DNA hybridization assays, quantitative real-time PCR, reporter cell lines, polymerase biochemical assays, marker transfer | Observation: update 2024 1170403124991428
HCMVUL97	X17403.1	595	L	W	maribavir	susceptible	1.2	PMID:38163624	CHARMD	Source origin: Laboratory strain, Clinical Isolate | Marker transfer: Recombinant | Assay details: PRA, ELISA tests, flow cytometry and DNA-DNA hybridization assays, quantitative real-time PCR, reporter cell lines, polymerase biochemical assays, marker transfer
HCMVUL97	X17403.1	596	E	E596del	ganciclovir			PMID:19704173,PMID:31940472	CHARMD	Source origin: Laboratory strain, Clinical Isolate | Marker transfer: Recombinant | Assay details: PRA, ELISA tests, flow cytometry and DNA-DNA hybridization assays, quantitative real-time PCR, reporter cell lines, polymerase biochemical assays, marker transfer | Observation: IS50 : 2.2-4.9 selon Chou 2020 :
HCMVUL97	X17403.1	596	E	G	ganciclovir	low-level resistance	2.3	PMID:11807689,PMID:19063923,PMID:24903568,PMID:31940472	CHARMD	Source origin: Laboratory strain, Clinical Isolate | Marker transfer: Recombinant | Assay details: PRA, ELISA tests, flow cytometry and DNA-DNA hybridization assays, quantitative real-time PCR, reporter cell lines, polymerase biochemical assays, marker transfer
HCMVUL97	X17403.1	596	E	Q	ganciclovir	low-level resistance	2.7	PMID:37506264	CHARMD	Source origin: Laboratory strain, Clinical Isolate | Marker transfer: Recombinant | Assay details: PRA, ELISA tests, flow cytometry and DNA-DNA hybridization assays, quantitative real-time PCR, reporter cell lines, polymerase biochemical assays, marker transfer
HCMVUL97	X17403.1	596	E	Y	ganciclovir	high-level resistance	6.4	PMID:25750703,PMID:26209398,PMID:31940472	CHARMD	Source origin: Laboratory strain, Clinical Isolate | Marker transfer: Recombinant | Assay details: PRA, ELISA tests, flow cytometry and DNA-DNA hybridization assays, quantitative real-time PCR, reporter cell lines, polymerase biochemical assays, marker transfer | Observation: Mutation fr?quemment retrouv?e chez les patients re?evant des CS h?matopo?etiques
HCMVUL97	X17403.1	597	N	N597del	ganciclovir			PMID:31940472	CHARMD	Source origin: Laboratory strain, Clinical Isolate | Marker transfer: Recombinant | Observation: IS50 : 5-20 selon Chou 2020 :
HCMVUL97	X17403.1	597	N	NG597del	ganciclovir			PMID:31940472	CHARMD	Source origin: Laboratory strain, Clinical Isolate | Marker transfer: Recombinant | Observation: IS50 : 5-20 selon Chou 2020 :
HCMVUL97	X17403.1	597	N	NGK597del	ganciclovir			PMID:31940472	CHARMD	Source origin: Laboratory strain, Clinical Isolate | Marker transfer: Recombinant | Observation: IS50 : 5-20 selon Chou 2020 :
HCMVUL97	X17403.1	598	G	S	ganciclovir			PMID:9619816,PMID:11888658,PMID:24903568	CHARMD	Source origin: Laboratory strain, Clinical Isolate | Marker transfer: Recombinant | Assay details: PRA, ELISA tests, flow cytometry and DNA-DNA hybridization assays, quantitative real-time PCR, reporter cell lines, polymerase biochemical assays, marker transfer | Observation: R?sistance au ganciclovir non disponible
HCMVUL97	X17403.1	599	K	E	ganciclovir			PMID:19704173,PMID:31940472	CHARMD	Source origin: Laboratory strain, Clinical Isolate | Marker transfer: Recombinant | Assay details: PRA, ELISA tests, flow cytometry and DNA-DNA hybridization assays, quantitative real-time PCR, reporter cell lines, polymerase biochemical assays, marker transfer | Observation: IS50 : < 2.2 selon Chou 2020 :
HCMVUL97	X17403.1	599	K	KLTHC599del	ganciclovir	high-level resistance	5.3	PMID:9864050,PMID:31940472	CHARMD	Source origin: Laboratory strain, Clinical Isolate | Marker transfer: Recombinant | Assay details: PRA, ELISA tests, flow cytometry and DNA-DNA hybridization assays, quantitative real-time PCR, reporter cell lines, polymerase biochemical assays, marker transfer
HCMVUL97	X17403.1	599	K	R	ganciclovir	susceptible	1.1	PMID:31940472	CHARMD	Source origin: Laboratory strain, Clinical Isolate | Marker transfer: Recombinant | Observation: IS50 : < 2.2 selon Chou 2020 :
HCMVUL97	X17403.1	599	K	T	ganciclovir	high-level resistance	5.3	PMID:9864050,PMID:31940472	CHARMD	Source origin: Laboratory strain, Clinical Isolate | Marker transfer: Recombinant | Assay details: PRA, ELISA tests, flow cytometry and DNA-DNA hybridization assays, quantitative real-time PCR, reporter cell lines, polymerase biochemical assays, marker transfer
HCMVUL97	X17403.1	600	L	I	ganciclovir			PMID:31940472	CHARMD	Observation: IS50 : < 2.2 selon Chou 2020 :
HCMVUL97	X17403.1	600	L	L600del	ganciclovir	susceptible	1.9	PMID:11704031,PMID:24903568,PMID:11807689,PMID:31940472	CHARMD	Source origin: Laboratory strain, Clinical Isolate | Marker transfer: Recombinant | Assay details: PRA, ELISA tests, flow cytometry and DNA-DNA hybridization assays, quantitative real-time PCR, reporter cell lines, polymerase biochemical assays, marker transfer
HCMVUL97	X17403.1	601	T	M	ganciclovir			PMID:31940472	CHARMD	Observation: IS50 : < 2.2 selon Chou 2020 :
HCMVUL97	X17403.1	601	T	TH601del	ganciclovir	high-level resistance	11	PMID:17157554,PMID:24903568,PMID:31940472	CHARMD	Source origin: Laboratory strain, Clinical Isolate | Marker transfer: Recombinant | Assay details: PRA, ELISA tests, flow cytometry and DNA-DNA hybridization assays, quantitative real-time PCR, reporter cell lines, polymerase biochemical assays, marker transfer | Observation: Mutation fr?quemment retrouv?e chez les patients re?evant des CS h?matopo?etiques
HCMVUL97	X17403.1	601	T	THC601del	ganciclovir	high-level resistance	11	PMID:17157554,PMID:24903568,PMID:31940472	CHARMD	Source origin: Laboratory strain, Clinical Isolate | Marker transfer: Recombinant | Assay details: PRA, ELISA tests, flow cytometry and DNA-DNA hybridization assays, quantitative real-time PCR, reporter cell lines, polymerase biochemical assays, marker transfer | Observation: Mutation fr?quemment retrouv?e chez les patients re?evant des CS h?matopo?etiques
HCMVUL97	X17403.1	603	C	R	ganciclovir			PMID:12198609,PMID:24903568,PMID:20385869,PMID:31940472	CHARMD	Source origin: Laboratory strain, Clinical Isolate | Marker transfer: Recombinant | Assay details: PRA, ELISA tests, flow cytometry and DNA-DNA hybridization assays, quantitative real-time PCR, reporter cell lines, polymerase biochemical assays, marker transfer
HCMVUL97	X17403.1	603	C	S	ganciclovir	susceptible	1.9	PMID:12198609,PMID:24903568,PMID:20385869,PMID:20138805	CHARMD	Source origin: Laboratory strain, Clinical Isolate | Marker transfer: Recombinant | Assay details: PRA, ELISA tests, flow cytometry and DNA-DNA hybridization assays, quantitative real-time PCR, reporter cell lines, polymerase biochemical assays, marker transfer
HCMVUL97	X17403.1	603	C	W	cyclopropavir	intermediate	4.9	PMID:31940472	CHARMD	Fold IC50 values: 4.9, 2.2-4.9; mean displayed | Source origin: Clinical Isolate | Observation: IS50 : 2.2-4.9 selon Chou 2020 :
HCMVUL97	X17403.1	603	C	W	ganciclovir	high-level resistance	5.9	PMID:38163624,PMID:9063923,PMID:24903568,PMID:15230476,PMID:11807689,PMID:20385869,PMID:12198609,PMID:11595579,PMID:11050017,PMID:23985916,PMID:11740736,PMID:20961907,PMID:11704031,PMID:9291334,PMID:12508158,PMID:31940472	CHARMD	Source origin: Laboratory strain, Clinical Isolate | Marker transfer: Recombinant | Assay details: PRA, ELISA tests, flow cytometry and DNA-DNA hybridization assays, quantitative real-time PCR, reporter cell lines, polymerase biochemical assays, marker transfer | Observation: update 202419207351, Mutation fr?quemment retrouv?e chez les patients re?evant des CS h?matopo?etiques
HCMVUL97	X17403.1	603	C	W	maribavir	susceptible	1.2	PMID:38163624	CHARMD	Source origin: Laboratory strain, Clinical Isolate | Marker transfer: Recombinant
HCMVUL97	X17403.1	603	C	Y	ganciclovir	low-level resistance	2.8	PMID:38163624	CHARMD	Source origin: Laboratory strain, Clinical Isolate | Marker transfer: Recombinant | Assay details: PRA, ELISA tests, flow cytometry and DNA-DNA hybridization assays, quantitative real-time PCR, reporter cell lines, polymerase biochemical assays, marker transfer
HCMVUL97	X17403.1	603	C	Y	maribavir	susceptible	0.89	PMID:38163624	CHARMD	Source origin: Laboratory strain, Clinical Isolate | Marker transfer: Recombinant
HCMVUL97	X17403.1	607	C	F	ganciclovir	susceptible	1.9	PMID:11740736,PMID:24903568,PMID:11807689,PMID:23985916	CHARMD	Source origin: Laboratory strain, Clinical Isolate | Marker transfer: Recombinant | Assay details: PRA, ELISA tests, flow cytometry and DNA-DNA hybridization assays, quantitative real-time PCR, reporter cell lines, polymerase biochemical assays, marker transfer
HCMVUL97	X17403.1	607	C	Y	ganciclovir	high-level resistance	12.5	PMID:11740736,PMID:24903568,PMID:11807689,PMID:12198609,PMID:26098499,PMID:31940472	CHARMD	Source origin: Laboratory strain, Clinical Isolate | Marker transfer: Recombinant | Assay details: PRA, ELISA tests, flow cytometry and DNA-DNA hybridization assays, quantitative real-time PCR, reporter cell lines, polymerase biochemical assays, marker transfer | Observation: Mutation fr?quemment retrouv?e chez les patients re?evant des CS h?matopo?etiques
HCMVUL97	X17403.1	610	I	T	ganciclovir	low-level resistance	2.6	PMID:25750703,PMID:31940472	CHARMD	Source origin: Laboratory strain, Clinical Isolate | Marker transfer: Recombinant | Assay details: PRA, ELISA tests, flow cytometry and DNA-DNA hybridization assays, quantitative real-time PCR, reporter cell lines, polymerase biochemical assays, marker transfer | Observation: IS50 : 2.2-4.9 selon Chou 2020 :
HCMVUL97	X17403.1	613	A	V	ganciclovir	low-level resistance	2.3	PMID:24120366,PMID:31940472	CHARMD	Source origin: Laboratory strain, Clinical Isolate | Marker transfer: Recombinant | Assay details: PRA, ELISA tests, flow cytometry and DNA-DNA hybridization assays, quantitative real-time PCR, reporter cell lines, polymerase biochemical assays, marker transfer | Observation: IS50 : 2.2-4.9 selon Chou 2020 :
HCMVUL97	X17403.1	615	M	V	brincidofovir	sensitive		PMID:21570426	CHARMD	Source origin: naive patient | Observation: Polymorphisme naturel
HCMVUL97	X17403.1	615	M	V	cidofovir	sensitive		PMID:21570426	CHARMD	Source origin: naive patient | Observation: Polymorphisme naturel
HCMVUL97	X17403.1	615	M	V	cyclopropavir	sensitive		PMID:21570426	CHARMD	Source origin: naive patient | Observation: Polymorphisme naturel
HCMVUL97	X17403.1	615	M	V	foscarnet	sensitive		PMID:21570426	CHARMD	Source origin: naive patient | Observation: Polymorphisme naturel
HCMVUL97	X17403.1	615	M	V	ganciclovir	sensitive		PMID:21570426	CHARMD	Source origin: naive patient | Observation: Polymorphisme naturel
HCMVUL97	X17403.1	615	M	V	letermovir	sensitive		PMID:21570426	CHARMD	Source origin: naive patient | Observation: Polymorphisme naturel
HCMVUL97	X17403.1	615	M	V	maribavir	sensitive		PMID:21570426	CHARMD	Source origin: naive patient | Observation: Polymorphisme naturel
HCMVUL97	X17403.1	617	Y	H	ganciclovir	susceptible	0.84	PMID:16897654	CHARMD	Source origin: Laboratory strain, Clinical Isolate | Marker transfer: Recombinant
HCMVUL97	X17403.1	617	Y	Y617del	ganciclovir	high-level resistance	10	PMID:24145545	CHARMD	Source origin: Laboratory strain, Clinical Isolate | Marker transfer: Recombinant | Assay details: PRA, ELISA tests, flow cytometry and DNA-DNA hybridization assays, quantitative real-time PCR, reporter cell lines, polymerase biochemical assays, marker transfer, SEAP
HCMVUL97	X17403.1	617	Y	Y617del	maribavir	high-level resistance	372	PMID:24145545	CHARMD	Source origin: Laboratory strain, Clinical Isolate | Assay details: SEAP
HCMVUL97	X17403.1	639	A	T	brincidofovir	sensitive			CHARMD	Source origin: Naive isolate, CNR data pHD G Champier
HCMVUL97	X17403.1	639	A	T	cidofovir	sensitive			CHARMD	Source origin: Naive isolate, CNR data pHD G Champier
HCMVUL97	X17403.1	639	A	T	cyclopropavir	sensitive			CHARMD	Source origin: Naive isolate, CNR data pHD G Champier
HCMVUL97	X17403.1	639	A	T	foscarnet	sensitive			CHARMD	Source origin: Naive isolate, CNR data pHD G Champier
HCMVUL97	X17403.1	639	A	T	ganciclovir	sensitive			CHARMD	Source origin: Naive isolate, CNR data pHD G Champier
HCMVUL97	X17403.1	639	A	T	letermovir	sensitive			CHARMD	Source origin: Naive isolate, CNR data pHD G Champier
HCMVUL97	X17403.1	639	A	T	maribavir	sensitive			CHARMD	Source origin: Naive isolate, CNR data pHD G Champier
HCMVUL97	X17403.1	655	E	K	ganciclovir	susceptible	1.7	PMID:25143583	CHARMD	Source origin: Laboratory strain, Clinical Isolate | Marker transfer: Recombinant | Assay details: PRA, ELISA tests, flow cytometry and DNA-DNA hybridization assays, quantitative real-time PCR, reporter cell lines, polymerase biochemical assays, marker transfer | Observation: Mutation fr?quemment retrouv?e chez les patients re?evant des CS h?matopo?etiques
HCMVUL97	X17403.1	659	T	I	ganciclovir	susceptible	1.3	PMID:20385869	CHARMD	Source origin: Laboratory strain, Clinical Isolate | Marker transfer: Recombinant
HCMVUL97	X17403.1	669	A	V	brincidofovir	sensitive			CHARMD	Source origin: Naive isolate, CNR data pHD G Champier
HCMVUL97	X17403.1	669	A	V	cidofovir	sensitive			CHARMD	Source origin: Naive isolate, CNR data pHD G Champier
HCMVUL97	X17403.1	669	A	V	cyclopropavir	sensitive			CHARMD	Source origin: Naive isolate, CNR data pHD G Champier
HCMVUL97	X17403.1	669	A	V	foscarnet	sensitive			CHARMD	Source origin: Naive isolate, CNR data pHD G Champier
HCMVUL97	X17403.1	669	A	V	ganciclovir	sensitive			CHARMD	Source origin: Naive isolate, CNR data pHD G Champier
HCMVUL97	X17403.1	669	A	V	letermovir	sensitive			CHARMD	Source origin: Naive isolate, CNR data pHD G Champier
HCMVUL97	X17403.1	669	A	V	maribavir	sensitive			CHARMD	Source origin: Naive isolate, CNR data pHD G Champier
HCMVUL97	X17403.1	674	A	T	ganciclovir	susceptible	0.91	PMID:16897654	CHARMD	Source origin: Laboratory strain, Clinical Isolate | Marker transfer: Recombinant
