feature	reference_identifier	position	reference	mutation	antiviral	member_id	phenotype	fold_ic50	publication	source	comment
NA	AB292780	120	E	V	laninamivir		normal inhibition	3	doi:10.1128/jvi.01679-20,doi:10.1128/jvi.01514-15	WHO avian NAI	Origin of virus: in vitro; reverse genetics/oseltamivir used
NA	AB292780	120	E	V	oseltamivir		reduced inhibition	50	doi:10.1128/jvi.01679-20,doi:10.1128/jvi.01514-15	WHO avian NAI	Origin of virus: in vitro; reverse genetics/oseltamivir used
NA	AB292780	120	E	V	peramivir		normal inhibition	1	doi:10.1128/jvi.01679-20,doi:10.1128/jvi.01514-15	WHO avian NAI	Origin of virus: in vitro; reverse genetics/oseltamivir used
NA	AB292780	120	E	V	zanamivir		normal inhibition	3	doi:10.1128/jvi.01679-20,doi:10.1128/jvi.01514-15	WHO avian NAI	Origin of virus: in vitro; reverse genetics/oseltamivir used
NA	AB292780	137	Q	K	laninamivir		reduced inhibition	63	doi:10.1128/jvi.01679-20,doi:10.1128/jvi.01514-15	WHO avian NAI	Origin of virus: in vitro; reverse genetics/zanamivir used
NA	AB292780	137	Q	K	oseltamivir		normal inhibition	0.5	doi:10.1128/jvi.01679-20,doi:10.1128/jvi.01514-15	WHO avian NAI	Origin of virus: in vitro; reverse genetics/zanamivir used
NA	AB292780	137	Q	K	peramivir		reduced inhibition	54	doi:10.1128/jvi.01679-20,doi:10.1128/jvi.01514-15	WHO avian NAI	Origin of virus: in vitro; reverse genetics/zanamivir used
NA	AB292780	137	Q	K	zanamivir		highly reduced inhibition	121	doi:10.1128/jvi.01679-20,doi:10.1128/jvi.01514-15	WHO avian NAI	Origin of virus: in vitro; reverse genetics/zanamivir used
NA	AB292780	153	R	K	oseltamivir		normal inhibition	2	doi:10.1038/s41598-021-95771-4	WHO avian NAI	Origin of virus: reverse genetics
NA	AB292780	153	R	K	zanamivir		reduced inhibition	10	doi:10.1038/s41598-021-95771-4	WHO avian NAI	Origin of virus: reverse genetics
NA	AB292780	224	I	M	laninamivir		normal inhibition	1	doi:10.1128/jvi.01679-20,doi:10.1128/jvi.01514-15	WHO avian NAI	Origin of virus: in vitro; reverse genetics/oseltamivir used
NA	AB292780	224	I	M	oseltamivir		reduced inhibition	18	doi:10.1128/jvi.01679-20,doi:10.1128/jvi.01514-15	WHO avian NAI	Origin of virus: in vitro; reverse genetics/oseltamivir used
NA	AB292780	224	I	M	peramivir		normal inhibition	4	doi:10.1128/jvi.01679-20,doi:10.1128/jvi.01514-15	WHO avian NAI	Origin of virus: in vitro; reverse genetics/oseltamivir used
NA	AB292780	224	I	M	zanamivir		normal inhibition	4	doi:10.1128/jvi.01679-20,doi:10.1128/jvi.01514-15	WHO avian NAI	Origin of virus: in vitro; reverse genetics/oseltamivir used
NA	AB292780	248	A	T	laninamivir		normal inhibition	2	doi:10.1128/jvi.01679-20,doi:10.1128/jvi.01514-15	WHO avian NAI	Origin of virus: in vitro; reverse genetics/zanamivir used
NA	AB292780	248	A	T	oseltamivir		normal inhibition	6	doi:10.1128/jvi.01679-20,doi:10.1128/jvi.01514-15	WHO avian NAI	Origin of virus: in vitro; reverse genetics/zanamivir used
NA	AB292780	248	A	T	peramivir		normal inhibition	7	doi:10.1128/jvi.01679-20,doi:10.1128/jvi.01514-15	WHO avian NAI	Origin of virus: in vitro; reverse genetics/zanamivir used
NA	AB292780	248	A	T	zanamivir		reduced inhibition	25	doi:10.1128/jvi.01679-20,doi:10.1128/jvi.01514-15	WHO avian NAI	Origin of virus: in vitro; reverse genetics/zanamivir used
NA	AB292780	276	H	Y	laninamivir		normal inhibition	2	doi:10.1128/jvi.01679-20,doi:10.1128/jvi.01514-15,doi:10.1128/jvi.72.3.2456-2462.1998	WHO avian NAI	Origin of virus: in vitro; reverse genetics
NA	AB292780	276	H	Y	oseltamivir		reduced inhibition	90	doi:10.1128/jvi.01679-20,doi:10.1128/jvi.01514-15,doi:10.1128/jvi.72.3.2456-2462.1998	WHO avian NAI	Origin of virus: in vitro; reverse genetics | IC50 fold-change in source: 80–90
NA	AB292780	276	H	Y	peramivir		reduced inhibition	11	doi:10.1128/jvi.01679-20,doi:10.1128/jvi.01514-15,doi:10.1128/jvi.72.3.2456-2462.1998	WHO avian NAI	Origin of virus: in vitro; reverse genetics
NA	AB292780	276	H	Y	zanamivir		normal inhibition	3	doi:10.1128/jvi.01679-20,doi:10.1128/jvi.01514-15,doi:10.1128/jvi.72.3.2456-2462.1998	WHO avian NAI	Origin of virus: in vitro; reverse genetics | IC50 fold-change in source: 2–3
NA	AB292780	294	R	K	laninamivir		reduced inhibition	35	doi:10.1128/jvi.01679-20,doi:10.1128/jvi.01514-15,doi:10.1128/jvi.72.3.2456-2462.1998	WHO avian NAI	Origin of virus: in vitro; reverse genetics/oseltamivir used
NA	AB292780	294	R	K	oseltamivir		highly reduced inhibition	68891	doi:10.1128/jvi.01679-20,doi:10.1128/jvi.01514-15,doi:10.1128/jvi.72.3.2456-2462.1998	WHO avian NAI	Origin of virus: in vitro; reverse genetics/oseltamivir used | IC50 fold-change in source: 10000–68891
NA	AB292780	294	R	K	peramivir		highly reduced inhibition	2068	doi:10.1128/jvi.01679-20,doi:10.1128/jvi.01514-15,doi:10.1128/jvi.72.3.2456-2462.1998	WHO avian NAI	Origin of virus: in vitro; reverse genetics/oseltamivir used
NA	AB292780	294	R	K	zanamivir		reduced inhibition	51	doi:10.1128/jvi.01679-20,doi:10.1128/jvi.01514-15,doi:10.1128/jvi.72.3.2456-2462.1998	WHO avian NAI	Origin of virus: in vitro; reverse genetics/oseltamivir used | IC50 fold-change in source: 32–51
NA	AY207514	119	E	G	laninamivir		reduced inhibition	24	doi:10.1128/jvi.01679-20,doi:10.1128/jvi.01514-15	WHO avian NAI	Origin of virus: in vitro; reverse genetics/zanamivir used
NA	AY207514	119	E	G	oseltamivir		reduced inhibition	25	doi:10.1128/jvi.01679-20,doi:10.1128/jvi.01514-15	WHO avian NAI	Origin of virus: in vitro; reverse genetics/zanamivir used
NA	AY207514	119	E	G	peramivir		reduced inhibition	14	doi:10.1128/jvi.01679-20,doi:10.1128/jvi.01514-15	WHO avian NAI	Origin of virus: in vitro; reverse genetics/zanamivir used
NA	AY207514	119	E	G	zanamivir		highly reduced inhibition	523	doi:10.1128/jvi.01679-20,doi:10.1128/jvi.01514-15	WHO avian NAI	Origin of virus: in vitro; reverse genetics/zanamivir used
NA	AY207514	276	H	Y	laninamivir		normal inhibition	0.5	doi:10.1128/jvi.01679-20,doi:10.1128/jvi.01514-15	WHO avian NAI	Origin of virus: in vitro; reverse genetics
NA	AY207514	276	H	Y	oseltamivir		highly reduced inhibition	12229	doi:10.1128/jvi.01679-20,doi:10.1128/jvi.01514-15	WHO avian NAI	Origin of virus: in vitro; reverse genetics
NA	AY207514	276	H	Y	peramivir		normal inhibition	1	doi:10.1128/jvi.01679-20,doi:10.1128/jvi.01514-15	WHO avian NAI	Origin of virus: in vitro; reverse genetics
NA	AY207514	276	H	Y	zanamivir		normal inhibition	2	doi:10.1128/jvi.01679-20,doi:10.1128/jvi.01514-15	WHO avian NAI	Origin of virus: in vitro; reverse genetics
NA	AY207514	293	R	K	laninamivir		normal inhibition	2	doi:10.1128/jvi.01679-20,doi:10.1128/jvi.01514-15	WHO avian NAI	Origin of virus: in vitro; reverse genetics/oseltamivir used
NA	AY207514	293	R	K	oseltamivir		highly reduced inhibition	17960	doi:10.1128/jvi.01679-20,doi:10.1128/jvi.01514-15	WHO avian NAI	Origin of virus: in vitro; reverse genetics/oseltamivir used
NA	AY207514	293	R	K	peramivir		reduced inhibition	41	doi:10.1128/jvi.01679-20,doi:10.1128/jvi.01514-15	WHO avian NAI	Origin of virus: in vitro; reverse genetics/oseltamivir used
NA	AY207514	293	R	K	zanamivir		reduced inhibition	23	doi:10.1128/jvi.01679-20,doi:10.1128/jvi.01514-15	WHO avian NAI	Origin of virus: in vitro; reverse genetics/oseltamivir used
NA	CY098534.1	87	L	I		M00001			doi:10.1128/jvi.01580-17,doi:10.1128/jvi.01679-20	WHO avian NAI	
NA	CY098534.1	115	E	V	laninamivir		highly reduced inhibition	386	doi:10.1128/jvi.01580-17,doi:10.1128/jvi.01679-20	WHO avian NAI	Origin of virus: in vitro; reverse genetics/oseltamivir used
NA	CY098534.1	115	E	V	oseltamivir		reduced inhibition	59	doi:10.1128/jvi.01580-17,doi:10.1128/jvi.01679-20	WHO avian NAI	Origin of virus: in vitro; reverse genetics/oseltamivir used
NA	CY098534.1	115	E	V	peramivir		reduced inhibition	64	doi:10.1128/jvi.01580-17,doi:10.1128/jvi.01679-20	WHO avian NAI	Origin of virus: in vitro; reverse genetics/oseltamivir used
NA	CY098534.1	115	E	V	zanamivir	M00002	highly reduced inhibition	737	doi:10.1128/jvi.01580-17,doi:10.1128/jvi.01679-20	WHO avian NAI	Origin of virus: in vitro; reverse genetics/oseltamivir used
NA	CY098534.1	143	N	I	laninamivir		normal inhibition	1	doi:10.1128/jvi.01580-17,doi:10.1128/jvi.01679-20	WHO avian NAI	Origin of virus: in vitro; reverse genetics/zanamivir used
NA	CY098534.1	143	N	I	oseltamivir		normal inhibition	1	doi:10.1128/jvi.01580-17,doi:10.1128/jvi.01679-20	WHO avian NAI	Origin of virus: in vitro; reverse genetics/zanamivir used
NA	CY098534.1	143	N	I	peramivir		normal inhibition	3	doi:10.1128/jvi.01580-17,doi:10.1128/jvi.01679-20	WHO avian NAI	Origin of virus: in vitro; reverse genetics/zanamivir used
NA	CY098534.1	143	N	I	zanamivir		reduced inhibition	31	doi:10.1128/jvi.01580-17,doi:10.1128/jvi.01679-20	WHO avian NAI	Origin of virus: in vitro; reverse genetics/zanamivir used
NA	CY098534.1	271	H	Y	laninamivir		normal inhibition	2	doi:10.1128/jvi.01580-17,doi:10.1128/jvi.01679-20	WHO avian NAI	Origin of virus: in vitro; reverse genetics
NA	CY098534.1	271	H	Y	oseltamivir		highly reduced inhibition	1082	doi:10.1128/jvi.01580-17,doi:10.1128/jvi.01679-20	WHO avian NAI	Origin of virus: in vitro; reverse genetics
NA	CY098534.1	271	H	Y	peramivir		highly reduced inhibition	312	doi:10.1128/jvi.01580-17,doi:10.1128/jvi.01679-20	WHO avian NAI	Origin of virus: in vitro; reverse genetics
NA	CY098534.1	271	H	Y	zanamivir		normal inhibition	3	doi:10.1128/jvi.01580-17,doi:10.1128/jvi.01679-20	WHO avian NAI	Origin of virus: in vitro; reverse genetics
NA	CY098534.1	289	R	K	laninamivir		normal inhibition	3	doi:10.1128/jvi.01580-17,doi:10.1128/jvi.01679-20	WHO avian NAI	Origin of virus: in vitro; reverse genetics
NA	CY098534.1	289	R	K	oseltamivir		highly reduced inhibition	964	doi:10.1128/jvi.01580-17,doi:10.1128/jvi.01679-20	WHO avian NAI	Origin of virus: in vitro; reverse genetics
NA	CY098534.1	289	R	K	peramivir		highly reduced inhibition	284	doi:10.1128/jvi.01580-17,doi:10.1128/jvi.01679-20	WHO avian NAI	Origin of virus: in vitro; reverse genetics
NA	CY098534.1	289	R	K	zanamivir		normal inhibition	4	doi:10.1128/jvi.01580-17,doi:10.1128/jvi.01679-20	WHO avian NAI	Origin of virus: in vitro; reverse genetics
NA	CY115257	101	H	L	laninamivir		reduced inhibition	5	doi:10.1016/j.antiviral.2022.105280	WHO human NAI	Origin of virus: surveillance studies; reverse genetics | IC50 fold-change in source: 4−5
NA	CY115257	101	H	L	oseltamivir		normal inhibition	3	doi:10.1016/j.antiviral.2022.105280	WHO human NAI	Origin of virus: surveillance studies; reverse genetics | IC50 fold-change in source: 2−3
NA	CY115257	101	H	L	peramivir		highly reduced inhibition	791	doi:10.1016/j.antiviral.2022.105280	WHO human NAI	Origin of virus: surveillance studies; reverse genetics | IC50 fold-change in source: 688−791
NA	CY115257	101	H	L	zanamivir		reduced inhibition	34	doi:10.1016/j.antiviral.2022.105280	WHO human NAI	Origin of virus: surveillance studies; reverse genetics | IC50 fold-change in source: 30−34
NA	CY115257	104	G	E	laninamivir		highly reduced inhibition	701	doi:10.1016/j.antiviral.2017.08.004	WHO human NAI	Origin of virus: surveillance studies
NA	CY115257	104	G	E	oseltamivir		highly reduced inhibition	87	doi:10.1016/j.antiviral.2017.08.004	WHO human NAI	Origin of virus: surveillance studies
NA	CY115257	104	G	E	peramivir		highly reduced inhibition	17724	doi:10.1016/j.antiviral.2017.08.004	WHO human NAI	Origin of virus: surveillance studies
NA	CY115257	104	G	E	zanamivir		highly reduced inhibition	1220	doi:10.1016/j.antiviral.2017.08.004	WHO human NAI	Origin of virus: surveillance studies
NA	CY115257	105	E	K	laninamivir		reduced inhibition	12	doi:10.1016/j.bbrc.2012.10.095,doi:10.1093/jac/dkv065	WHO human NAI	Origin of virus: clinical detection/no NAI used; reverse genetics | IC50 fold-change in source: 1–12
NA	CY115257	105	E	K	oseltamivir		reduced inhibition	10	doi:10.1016/j.bbrc.2012.10.095,doi:10.1093/jac/dkv065	WHO human NAI	Origin of virus: clinical detection/no NAI used; reverse genetics | IC50 fold-change in source: 4–10
NA	CY115257	105	E	K	peramivir		highly reduced inhibition	681	doi:10.1016/j.bbrc.2012.10.095,doi:10.1093/jac/dkv065	WHO human NAI	Origin of virus: clinical detection/no NAI used; reverse genetics | IC50 fold-change in source: 6–681
NA	CY115257	105	E	K	zanamivir		reduced inhibition	42	doi:10.1016/j.bbrc.2012.10.095,doi:10.1093/jac/dkv065	WHO human NAI	Origin of virus: clinical detection/no NAI used; reverse genetics | IC50 fold-change in source: 1–42
NA	CY115257	106	T	I		M00003			doi:10.1016/j.antiviral.2017.08.004	WHO human NAI	
NA	CY115257	108	G	E	laninamivir		highly reduced inhibition	7310	doi:10.1016/j.antiviral.2022.105280	WHO human NAI	Origin of virus: surveillance studies; clinical detection/oseltamivir used; reverse genetics | IC50 fold-change in source: 3–7310
NA	CY115257	108	G	E	oseltamivir		highly reduced inhibition	215	doi:10.1016/j.antiviral.2022.105280	WHO human NAI	Origin of virus: surveillance studies; clinical detection/oseltamivir used; reverse genetics | IC50 fold-change in source: 4.9–215
NA	CY115257	108	G	E	peramivir		highly reduced inhibition	55	doi:10.1016/j.antiviral.2022.105280	WHO human NAI	Origin of virus: surveillance studies; clinical detection/oseltamivir used; reverse genetics
NA	CY115257	108	G	E	zanamivir		highly reduced inhibition	4493	doi:10.1016/j.antiviral.2022.105280	WHO human NAI	Origin of virus: surveillance studies; clinical detection/oseltamivir used; reverse genetics | IC50 fold-change in source: 4.9–4493
NA	CY115257	117	E	A	laninamivir		highly reduced inhibition	2163	doi:10.1093/jac/dkv065,doi:10.1093/jac/dkh528,doi:10.1016/j.antiviral.2009.10.022,doi:10.1128/aac.02628-13	WHO human NAI	Origin of virus: surveillance studies; reverse genetics | IC50 fold-change in source: 421–2163
NA	CY115257	117	E	A	oseltamivir		highly reduced inhibition	3171	doi:10.1093/jac/dkv065,doi:10.1093/jac/dkh528,doi:10.1016/j.antiviral.2009.10.022,doi:10.1128/aac.02628-13	WHO human NAI	Origin of virus: surveillance studies; reverse genetics | IC50 fold-change in source: >300-3171
NA	CY115257	117	E	A	peramivir		highly reduced inhibition	13780	doi:10.1093/jac/dkv065,doi:10.1093/jac/dkh528,doi:10.1016/j.antiviral.2009.10.022,doi:10.1128/aac.02628-13	WHO human NAI	Origin of virus: surveillance studies; reverse genetics | IC50 fold-change in source: >1598–13780
NA	CY115257	117	E	A	zanamivir		highly reduced inhibition	12538	doi:10.1093/jac/dkv065,doi:10.1093/jac/dkh528,doi:10.1016/j.antiviral.2009.10.022,doi:10.1128/aac.02628-13	WHO human NAI	Origin of virus: surveillance studies; reverse genetics | IC50 fold-change in source: >560–12538
NA	CY115257	117	E	D	oseltamivir		highly reduced inhibition	300	doi:10.1093/jac/dkh528	WHO human NAI	Origin of virus: reverse genetics | IC50 fold-change in source: >300
NA	CY115257	117	E	D	peramivir		highly reduced inhibition	1598	doi:10.1093/jac/dkh528	WHO human NAI	Origin of virus: reverse genetics | IC50 fold-change in source: >1598
NA	CY115257	117	E	D	zanamivir		highly reduced inhibition	560	doi:10.1093/jac/dkh528	WHO human NAI	Origin of virus: reverse genetics | IC50 fold-change in source: >560
NA	CY115257	117	E	G	laninamivir		highly reduced inhibition	855	doi:10.1093/jac/dkv065,doi:10.1093/jac/dkh528,doi:10.1006/viro.1999.0058	WHO human NAI	Origin of virus: in vitro; reverse genetics | IC50 fold-change in source: 423–855
NA	CY115257	117	E	G	oseltamivir		highly reduced inhibition	53	doi:10.1093/jac/dkv065,doi:10.1093/jac/dkh528,doi:10.1006/viro.1999.0058	WHO human NAI	Origin of virus: in vitro; reverse genetics | IC50 fold-change in source: 6–53
NA	CY115257	117	E	G	peramivir		highly reduced inhibition	10000	doi:10.1093/jac/dkv065,doi:10.1093/jac/dkh528,doi:10.1006/viro.1999.0058	WHO human NAI	Origin of virus: in vitro; reverse genetics | IC50 fold-change in source: >1598–>10000
NA	CY115257	117	E	G	zanamivir		highly reduced inhibition	4612	doi:10.1093/jac/dkv065,doi:10.1093/jac/dkh528,doi:10.1006/viro.1999.0058	WHO human NAI	Origin of virus: in vitro; reverse genetics | IC50 fold-change in source: 33–4612
NA	CY115257	117	E	V	oseltamivir		highly reduced inhibition	300	doi:10.1093/jac/dkh528	WHO human NAI	Origin of virus: reverse genetics
NA	CY115257	117	E	V	peramivir		highly reduced inhibition	531	doi:10.1093/jac/dkh528	WHO human NAI	Origin of virus: reverse genetics
NA	CY115257	117	E	V	zanamivir		normal inhibition	2	doi:10.1093/jac/dkh528	WHO human NAI	Origin of virus: reverse genetics
NA	CY115257	134	H	N	laninamivir		highly reduced inhibition	240	doi:10.1016/j.antiviral.2017.08.004,doi:10.3201/eid2304.161876,doi:10.3390/v11010006	WHO human NAI	Origin of virus: surveillance studies; clinical detection/no NAI used; reverse genetics | IC50 fold-change in source: 49–240
NA	CY115257	134	H	N	oseltamivir		normal inhibition	4	doi:10.1016/j.antiviral.2017.08.004,doi:10.3201/eid2304.161876,doi:10.3390/v11010006	WHO human NAI	Origin of virus: surveillance studies; clinical detection/no NAI used; reverse genetics | IC50 fold-change in source: 3–4
NA	CY115257	134	H	N	peramivir		highly reduced inhibition	131	doi:10.1016/j.antiviral.2017.08.004,doi:10.3201/eid2304.161876,doi:10.3390/v11010006	WHO human NAI	Origin of virus: surveillance studies; clinical detection/no NAI used; reverse genetics | IC50 fold-change in source: 100–131
NA	CY115257	134	H	N	zanamivir		highly reduced inhibition	212	doi:10.1016/j.antiviral.2017.08.004,doi:10.3201/eid2304.161876,doi:10.3390/v11010006	WHO human NAI	Origin of virus: surveillance studies; clinical detection/no NAI used; reverse genetics | IC50 fold-change in source: 121–212
NA	CY115257	134	H	Q	oseltamivir		normal inhibition	3	doi:10.1016/j.jiac.2018.05.003	WHO human NAI	Origin of virus: surveillance studies
NA	CY115257	134	H	Q	zanamivir		reduced inhibition	6	doi:10.1016/j.jiac.2018.05.003	WHO human NAI	Origin of virus: surveillance studies
NA	CY115257	134	H	Y	laninamivir		normal inhibition	2	doi:10.1016/j.antiviral.2017.08.004	WHO human NAI	Origin of virus: surveillance studies
NA	CY115257	134	H	Y	oseltamivir		normal inhibition	4	doi:10.1016/j.antiviral.2017.08.004	WHO human NAI	Origin of virus: surveillance studies
NA	CY115257	134	H	Y	peramivir		highly reduced inhibition	76	doi:10.1016/j.antiviral.2017.08.004	WHO human NAI	Origin of virus: surveillance studies
NA	CY115257	134	H	Y	zanamivir		normal inhibition	1	doi:10.1016/j.antiviral.2017.08.004	WHO human NAI	Origin of virus: surveillance studies
NA	CY115257	138	Q	R	laninamivir		reduced inhibition	7	doi:10.1007/s10156-013-0589-6	WHO human NAI	Origin of virus: surveillance studies; in vitro
NA	CY115257	138	Q	R	oseltamivir		normal inhibition	1	doi:10.1007/s10156-013-0589-6	WHO human NAI	Origin of virus: surveillance studies; in vitro
NA	CY115257	138	Q	R	peramivir		reduced inhibition	41	doi:10.1007/s10156-013-0589-6	WHO human NAI	Origin of virus: surveillance studies; in vitro
NA	CY115257	138	Q	R	zanamivir		reduced inhibition	15	doi:10.1007/s10156-013-0589-6	WHO human NAI	Origin of virus: surveillance studies; in vitro
NA	CY115257	139	P	S	laninamivir		highly reduced inhibition	142	doi:10.1093/jac/dkv065,doi:10.1007/s10156-013-0589-6	WHO human NAI	Origin of virus: surveillance studies; in vitro; reverse genetics | IC50 fold-change in source: 3–142
NA	CY115257	139	P	S	oseltamivir		highly reduced inhibition	68	doi:10.1093/jac/dkv065,doi:10.1007/s10156-013-0589-6	WHO human NAI	Origin of virus: surveillance studies; in vitro; reverse genetics | IC50 fold-change in source: 10–68
NA	CY115257	139	P	S	peramivir		highly reduced inhibition	9091	doi:10.1093/jac/dkv065,doi:10.1007/s10156-013-0589-6	WHO human NAI	Origin of virus: surveillance studies; in vitro; reverse genetics | IC50 fold-change in source: 12–>9091
NA	CY115257	139	P	S	zanamivir		highly reduced inhibition	160	doi:10.1093/jac/dkv065,doi:10.1007/s10156-013-0589-6	WHO human NAI	Origin of virus: surveillance studies; in vitro; reverse genetics | IC50 fold-change in source: 2–160
NA	CY115257	140	G	R	laninamivir		highly reduced inhibition	1197	doi:10.1093/jac/dkv065,doi:10.1007/s10156-013-0589-6	WHO human NAI	Origin of virus: surveillance studies; in vitro; reverse genetics | IC50 fold-change in source: 2–1197
NA	CY115257	140	G	R	oseltamivir		highly reduced inhibition	184	doi:10.1093/jac/dkv065,doi:10.1007/s10156-013-0589-6	WHO human NAI	Origin of virus: surveillance studies; in vitro; reverse genetics | IC50 fold-change in source: 9–184
NA	CY115257	140	G	R	peramivir		highly reduced inhibition	9091	doi:10.1093/jac/dkv065,doi:10.1007/s10156-013-0589-6	WHO human NAI	Origin of virus: surveillance studies; in vitro; reverse genetics | IC50 fold-change in source: 12–9091
NA	CY115257	140	G	R	zanamivir	M00005	highly reduced inhibition	1037	doi:10.1093/jac/dkv065,doi:10.1007/s10156-013-0589-6	WHO human NAI	Origin of virus: surveillance studies; in vitro; reverse genetics | IC50 fold-change in source: 1–1037
NA	CY115257	142	Y	H	laninamivir		normal inhibition	1	doi:10.1016/j.antiviral.2014.07.001	WHO human NAI	Origin of virus: surveillance studies
NA	CY115257	142	Y	H	oseltamivir		normal inhibition	2	doi:10.1016/j.antiviral.2014.07.001	WHO human NAI	Origin of virus: surveillance studies
NA	CY115257	142	Y	H	peramivir		reduced inhibition	6	doi:10.1016/j.antiviral.2014.07.001	WHO human NAI	Origin of virus: surveillance studies
NA	CY115257	142	Y	H	zanamivir	M00007	normal inhibition	1	doi:10.1016/j.antiviral.2014.07.001	WHO human NAI	Origin of virus: surveillance studies
NA	CY115257	144	N	K		M00006			doi:10.1111/irv.12113	WHO human NAI	
NA	CY115257	145	G	E	laninamivir		normal inhibition	1	doi:10.1016/j.antiviral.2016.06.001	WHO human NAI	Origin of virus: surveillance studies
NA	CY115257	145	G	E	oseltamivir		normal inhibition	1	doi:10.1016/j.antiviral.2016.06.001	WHO human NAI	Origin of virus: surveillance studies
NA	CY115257	145	G	E	peramivir		reduced inhibition	14	doi:10.1016/j.antiviral.2016.06.001	WHO human NAI	Origin of virus: surveillance studies
NA	CY115257	145	G	E	zanamivir		normal inhibition	1	doi:10.1016/j.antiviral.2016.06.001	WHO human NAI	Origin of virus: surveillance studies
NA	CY115257	145	G	R	laninamivir		normal inhibition	3	doi:10.1016/j.antiviral.2022.105281	WHO human NAI	Origin of virus: surveillance studies | IC50 fold-change in source: 1−3
NA	CY115257	145	G	R	oseltamivir		normal inhibition	3	doi:10.1016/j.antiviral.2022.105281	WHO human NAI	Origin of virus: surveillance studies | IC50 fold-change in source: 2−3
NA	CY115257	145	G	R	peramivir		reduced inhibition	6	doi:10.1016/j.antiviral.2022.105281	WHO human NAI	Origin of virus: surveillance studies | IC50 fold-change in source: 5−6
NA	CY115257	145	G	R	zanamivir	M00008	reduced inhibition	9	doi:10.1016/j.antiviral.2022.105281	WHO human NAI	Origin of virus: surveillance studies | IC50 fold-change in source: 3−9
NA	CY115257	146	T	I	laninamivir		normal inhibition	1	doi:10.1016/j.antiviral.2016.06.001	WHO human NAI	Origin of virus: surveillance studies
NA	CY115257	146	T	I	oseltamivir		normal inhibition	2	doi:10.1016/j.antiviral.2016.06.001	WHO human NAI	Origin of virus: surveillance studies
NA	CY115257	146	T	I	peramivir		highly reduced inhibition	145	doi:10.1016/j.antiviral.2016.06.001	WHO human NAI	Origin of virus: surveillance studies
NA	CY115257	146	T	I	zanamivir		normal inhibition	1	doi:10.1016/j.antiviral.2016.06.001	WHO human NAI	Origin of virus: surveillance studies
NA	CY115257	146	T	K	laninamivir		reduced inhibition	6	doi:10.1016/j.antiviral.2022.105280	WHO human NAI	Origin of virus: surveillance studies; reverse genetics | IC50 fold-change in source: 1–6
NA	CY115257	146	T	K	oseltamivir		reduced inhibition	34	doi:10.1016/j.antiviral.2022.105280	WHO human NAI	Origin of virus: surveillance studies; reverse genetics | IC50 fold-change in source: 1–34
NA	CY115257	146	T	K	peramivir		highly reduced inhibition	21893	doi:10.1016/j.antiviral.2022.105280	WHO human NAI	Origin of virus: surveillance studies; reverse genetics | IC50 fold-change in source: 187–21893
NA	CY115257	146	T	K	zanamivir		highly reduced inhibition	192	doi:10.1016/j.antiviral.2022.105280	WHO human NAI	Origin of virus: surveillance studies; reverse genetics | IC50 fold-change in source: 3–192
NA	CY115257	146	T	P	laninamivir		normal inhibition	3	doi:10.1016/j.antiviral.2022.105280	WHO human NAI	Origin of virus: surveillance studies; reverse genetics
NA	CY115257	146	T	P	oseltamivir		reduced inhibition	8	doi:10.1016/j.antiviral.2022.105280	WHO human NAI	Origin of virus: surveillance studies; reverse genetics | IC50 fold-change in source: 2–8
NA	CY115257	146	T	P	peramivir		highly reduced inhibition	3338	doi:10.1016/j.antiviral.2022.105280	WHO human NAI	Origin of virus: surveillance studies; reverse genetics | IC50 fold-change in source: 128–3338
NA	CY115257	146	T	P	zanamivir	M00009	reduced inhibition	11	doi:10.1016/j.antiviral.2022.105280	WHO human NAI	Origin of virus: surveillance studies; reverse genetics | IC50 fold-change in source: 4–11
NA	CY115257	150	R	K	laninamivir		highly reduced inhibition	473	doi:10.1016/j.antiviral.2018.07.001,doi:10.1128/aac.49.11.4515-4520.2005,doi:10.1128/jvi.00477-06,doi:10.1093/jac/dkh528,doi:10.3390/v11010006,doi:10.1128/aac.45.12.3403-3408.2001,doi:10.1086/314440,doi:10.3201/eid1711.110787	WHO human NAI	Origin of virus: clinical detection; clinical detection/zanamivir used; reverse genetics; surveillance studies
NA	CY115257	150	R	K	oseltamivir		highly reduced inhibition	252	doi:10.1016/j.antiviral.2018.07.001,doi:10.1128/aac.49.11.4515-4520.2005,doi:10.1128/jvi.00477-06,doi:10.1093/jac/dkh528,doi:10.3390/v11010006,doi:10.1128/aac.45.12.3403-3408.2001,doi:10.1086/314440,doi:10.3201/eid1711.110787	WHO human NAI	Origin of virus: clinical detection; clinical detection/zanamivir used; reverse genetics; surveillance studies | IC50 fold-change in source: 60–252
NA	CY115257	150	R	K	peramivir		highly reduced inhibition	2869	doi:10.1016/j.antiviral.2018.07.001,doi:10.1128/aac.49.11.4515-4520.2005,doi:10.1128/jvi.00477-06,doi:10.1093/jac/dkh528,doi:10.3390/v11010006,doi:10.1128/aac.45.12.3403-3408.2001,doi:10.1086/314440,doi:10.3201/eid1711.110787	WHO human NAI	Origin of virus: clinical detection; clinical detection/zanamivir used; reverse genetics; surveillance studies | IC50 fold-change in source: 214–2869
NA	CY115257	150	R	K	zanamivir		highly reduced inhibition	1000	doi:10.1016/j.antiviral.2018.07.001,doi:10.1128/aac.49.11.4515-4520.2005,doi:10.1128/jvi.00477-06,doi:10.1093/jac/dkh528,doi:10.3390/v11010006,doi:10.1128/aac.45.12.3403-3408.2001,doi:10.1086/314440,doi:10.3201/eid1711.110787	WHO human NAI	Origin of virus: clinical detection; clinical detection/zanamivir used; reverse genetics; surveillance studies | IC50 fold-change in source: 5–1000
NA	CY115257	151	N	S	oseltamivir		normal inhibition	1	doi:10.1016/j.antiviral.2015.02.003	WHO human NAI	Origin of virus: surveillance studies
NA	CY115257	151	N	S	zanamivir		reduced inhibition	7	doi:10.1016/j.antiviral.2015.02.003	WHO human NAI	Origin of virus: surveillance studies
NA	CY115257	152	K	M	laninamivir		normal inhibition	1	doi:10.1016/j.antiviral.2016.06.001	WHO human NAI	Origin of virus: surveillance studies
NA	CY115257	152	K	M	oseltamivir		reduced inhibition	5.4	doi:10.1016/j.antiviral.2016.06.001	WHO human NAI	Origin of virus: surveillance studies
NA	CY115257	152	K	M	peramivir		normal inhibition	1	doi:10.1016/j.antiviral.2016.06.001	WHO human NAI	Origin of virus: surveillance studies
NA	CY115257	152	K	M	zanamivir		normal inhibition	1	doi:10.1016/j.antiviral.2016.06.001	WHO human NAI	Origin of virus: surveillance studies
NA	CY115257	152	K	N	laninamivir		normal inhibition	2	doi:10.1016/j.antiviral.2017.08.004	WHO human NAI	Origin of virus: surveillance studies
NA	CY115257	152	K	N	oseltamivir		reduced inhibition	6	doi:10.1016/j.antiviral.2017.08.004	WHO human NAI	Origin of virus: surveillance studies
NA	CY115257	152	K	N	peramivir		normal inhibition	1	doi:10.1016/j.antiviral.2017.08.004	WHO human NAI	Origin of virus: surveillance studies
NA	CY115257	152	K	N	zanamivir		normal inhibition	2	doi:10.1016/j.antiviral.2017.08.004	WHO human NAI	Origin of virus: surveillance studies
NA	CY115257	165	P	L		M00004			doi:10.1016/j.antiviral.2017.08.004	WHO human NAI	
NA	CY115257	169	N	S	laninamivir		normal inhibition	1	doi:10.1016/j.antiviral.2022.105280	WHO human NAI	Origin of virus: reverse genetics
NA	CY115257	169	N	S	oseltamivir		normal inhibition	2	doi:10.1016/j.antiviral.2022.105280	WHO human NAI	Origin of virus: reverse genetics
NA	CY115257	169	N	S	peramivir		normal inhibition	1	doi:10.1016/j.antiviral.2022.105280	WHO human NAI	Origin of virus: reverse genetics
NA	CY115257	169	N	S	zanamivir	M00010	normal inhibition	1	doi:10.1016/j.antiviral.2022.105280	WHO human NAI	Origin of virus: reverse genetics
NA	CY115257	197	D	E	oseltamivir		reduced inhibition	26	doi:10.1128/aac.01339-05,doi:10.1128/aac.02628-13,doi:10.1128/aac.50.5.1872-1874.2006	WHO human NAI	Origin of virus: clinical detection/no NAI used; surveillance studies; reverse genetics | IC50 fold-change in source: 12–26
NA	CY115257	197	D	E	peramivir		reduced inhibition	18	doi:10.1128/aac.01339-05,doi:10.1128/aac.02628-13,doi:10.1128/aac.50.5.1872-1874.2006	WHO human NAI	Origin of virus: clinical detection/no NAI used; surveillance studies; reverse genetics | IC50 fold-change in source: 16–18
NA	CY115257	197	D	E	zanamivir		reduced inhibition	7	doi:10.1128/aac.01339-05,doi:10.1128/aac.02628-13,doi:10.1128/aac.50.5.1872-1874.2006	WHO human NAI	Origin of virus: clinical detection/no NAI used; surveillance studies; reverse genetics | IC50 fold-change in source: 3–7
NA	CY115257	197	D	G	oseltamivir		normal inhibition	3	doi:10.1016/j.antiviral.2016.06.001	WHO human NAI	Origin of virus: surveillance studies
NA	CY115257	197	D	G	zanamivir		reduced inhibition	5.4	doi:10.1016/j.antiviral.2016.06.001	WHO human NAI	Origin of virus: surveillance studies
NA	CY115257	197	D	N	laninamivir		normal inhibition	3	doi:10.1016/j.antiviral.2017.08.004,doi:10.1128/aac.00555-08,doi:10.1128/aac.49.11.4515-4520.2005,doi:10.1086/500465,doi:10.1001/jama.297.13.1435	WHO human NAI	Origin of virus: clinical detection/no NAI used; clinical detection/oseltamivir used; surveillance studies | IC50 fold-change in source: 2–3
NA	CY115257	197	D	N	oseltamivir		reduced inhibition	10	doi:10.1016/j.antiviral.2017.08.004,doi:10.1128/aac.00555-08,doi:10.1128/aac.49.11.4515-4520.2005,doi:10.1086/500465,doi:10.1001/jama.297.13.1435	WHO human NAI	Origin of virus: clinical detection/no NAI used; clinical detection/oseltamivir used; surveillance studies | IC50 fold-change in source: 4–10
NA	CY115257	197	D	N	peramivir		reduced inhibition	24	doi:10.1016/j.antiviral.2017.08.004,doi:10.1128/aac.00555-08,doi:10.1128/aac.49.11.4515-4520.2005,doi:10.1086/500465,doi:10.1001/jama.297.13.1435	WHO human NAI	Origin of virus: clinical detection/no NAI used; clinical detection/oseltamivir used; surveillance studies | IC50 fold-change in source: 5.4–24
NA	CY115257	197	D	N	zanamivir		reduced inhibition	17	doi:10.1016/j.antiviral.2017.08.004,doi:10.1128/aac.00555-08,doi:10.1128/aac.49.11.4515-4520.2005,doi:10.1086/500465,doi:10.1001/jama.297.13.1435	WHO human NAI	Origin of virus: clinical detection/no NAI used; clinical detection/oseltamivir used; surveillance studies | IC50 fold-change in source: 3–17
NA	CY115257	197	D	Y	oseltamivir		highly reduced inhibition	57	doi:10.1128/aac.02628-13,doi:10.1016/j.jcv.2007.10.019	WHO human NAI	Origin of virus: surveillance studies; reverse genetics | IC50 fold-change in source: 15-57
NA	CY115257	197	D	Y	peramivir		highly reduced inhibition	168	doi:10.1128/aac.02628-13,doi:10.1016/j.jcv.2007.10.019	WHO human NAI	Origin of virus: surveillance studies; reverse genetics
NA	CY115257	197	D	Y	zanamivir		reduced inhibition	14	doi:10.1128/aac.02628-13,doi:10.1016/j.jcv.2007.10.019	WHO human NAI	Origin of virus: surveillance studies; reverse genetics
NA	CY115257	200	A	T	laninamivir		reduced inhibition	27	doi:10.1016/j.antiviral.2020.104718,doi:10.1111/irv.12215,doi:10.1016/j.antiviral.2022.105280	WHO human NAI	Origin of virus: surveillance studies; reverse genetics | IC50 fold-change in source: 4–27
NA	CY115257	200	A	T	oseltamivir		reduced inhibition	48	doi:10.1016/j.antiviral.2020.104718,doi:10.1111/irv.12215,doi:10.1016/j.antiviral.2022.105280	WHO human NAI	Origin of virus: surveillance studies; reverse genetics | IC50 fold-change in source: 6–48
NA	CY115257	200	A	T	peramivir		reduced inhibition	85	doi:10.1016/j.antiviral.2020.104718,doi:10.1111/irv.12215,doi:10.1016/j.antiviral.2022.105280	WHO human NAI	Origin of virus: surveillance studies; reverse genetics | IC50 fold-change in source: 67–85
NA	CY115257	200	A	T	zanamivir		reduced inhibition	23	doi:10.1016/j.antiviral.2020.104718,doi:10.1111/irv.12215,doi:10.1016/j.antiviral.2022.105280	WHO human NAI	Origin of virus: surveillance studies; reverse genetics | IC50 fold-change in source: 3–23
NA	CY115257	221	I	L	oseltamivir		highly reduced inhibition	121	doi:10.1093/infdis/jiu244,doi:10.1016/j.antiviral.2019.104669	WHO human NAI	Origin of virus: clinical detection/oseltamivir used | IC50 fold-change in source: 70–121
NA	CY115257	221	I	L	peramivir		reduced inhibition	56	doi:10.1093/infdis/jiu244,doi:10.1016/j.antiviral.2019.104669	WHO human NAI	Origin of virus: clinical detection/oseltamivir used | IC50 fold-change in source: 39–56
NA	CY115257	221	I	L	zanamivir		reduced inhibition	41	doi:10.1093/infdis/jiu244,doi:10.1016/j.antiviral.2019.104669	WHO human NAI	Origin of virus: clinical detection/oseltamivir used | IC50 fold-change in source: 7–41
NA	CY115257	221	I	N	oseltamivir		highly reduced inhibition	219	doi:10.1016/j.antiviral.2019.104669	WHO human NAI	Origin of virus: reverse genetics | IC50 fold-change in source: 36–219
NA	CY115257	221	I	N	peramivir		highly reduced inhibition	956	doi:10.1016/j.antiviral.2019.104669	WHO human NAI	Origin of virus: reverse genetics | IC50 fold-change in source: 136–956
NA	CY115257	221	I	N	zanamivir		reduced inhibition	14	doi:10.1016/j.antiviral.2019.104669	WHO human NAI	Origin of virus: reverse genetics | IC50 fold-change in source: 6–14
NA	CY115257	221	I	T	laninamivir		normal inhibition	3	doi:10.1111/irv.12187,doi:10.1128/aac.01339-05,doi:10.1128/aac.02628-13,doi:10.1001/jama.297.13.1435,doi:10.1016/j.antiviral.2012.12.013,doi:10.1016/j.antiviral.2012.12.016	WHO human NAI	Origin of virus: clinical detection/no NAI used; surveillance studies; reverse genetics | IC50 fold-change in source: <3
NA	CY115257	221	I	T	oseltamivir		reduced inhibition	18	doi:10.1111/irv.12187,doi:10.1128/aac.01339-05,doi:10.1128/aac.02628-13,doi:10.1001/jama.297.13.1435,doi:10.1016/j.antiviral.2012.12.013,doi:10.1016/j.antiviral.2012.12.016	WHO human NAI	Origin of virus: clinical detection/no NAI used; surveillance studies; reverse genetics | IC50 fold-change in source: 5–18
NA	CY115257	221	I	T	peramivir		reduced inhibition	43	doi:10.1111/irv.12187,doi:10.1128/aac.01339-05,doi:10.1128/aac.02628-13,doi:10.1001/jama.297.13.1435,doi:10.1016/j.antiviral.2012.12.013,doi:10.1016/j.antiviral.2012.12.016	WHO human NAI	Origin of virus: clinical detection/no NAI used; surveillance studies; reverse genetics | IC50 fold-change in source: 15–43
NA	CY115257	221	I	T	zanamivir		normal inhibition	4	doi:10.1111/irv.12187,doi:10.1128/aac.01339-05,doi:10.1128/aac.02628-13,doi:10.1001/jama.297.13.1435,doi:10.1016/j.antiviral.2012.12.013,doi:10.1016/j.antiviral.2012.12.016	WHO human NAI	Origin of virus: clinical detection/no NAI used; surveillance studies; reverse genetics | IC50 fold-change in source: 2–4
NA	CY115257	221	I	V	laninamivir		normal inhibition	3	doi:10.1016/j.antiviral.2017.08.004	WHO human NAI	Origin of virus: surveillance studies
NA	CY115257	221	I	V	oseltamivir		normal inhibition	2	doi:10.1016/j.antiviral.2017.08.004	WHO human NAI	Origin of virus: surveillance studies
NA	CY115257	221	I	V	peramivir		reduced inhibition	6	doi:10.1016/j.antiviral.2017.08.004	WHO human NAI	Origin of virus: surveillance studies
NA	CY115257	221	I	V	zanamivir		normal inhibition	2	doi:10.1016/j.antiviral.2017.08.004	WHO human NAI	Origin of virus: surveillance studies
NA	CY115257	243	G	D	oseltamivir		reduced inhibition	23	doi:10.1016/j.antiviral.2022.105281	WHO human NAI	Origin of virus: surveillance studies
NA	CY115257	243	G	D	zanamivir		highly reduced inhibition	257	doi:10.1016/j.antiviral.2022.105281	WHO human NAI	Origin of virus: surveillance studies
NA	CY115257	243	G	S	laninamivir		normal inhibition	3	doi:10.1016/j.antiviral.2022.105281	WHO human NAI	Origin of virus: clinical detection/surveillance studies
NA	CY115257	243	G	S	oseltamivir		reduced inhibition	19	doi:10.1016/j.antiviral.2022.105281	WHO human NAI	Origin of virus: clinical detection/surveillance studies
NA	CY115257	243	G	S	peramivir		highly reduced inhibition	58	doi:10.1016/j.antiviral.2022.105281	WHO human NAI	Origin of virus: clinical detection/surveillance studies
NA	CY115257	243	G	S	zanamivir		reduced inhibition	22	doi:10.1016/j.antiviral.2022.105281	WHO human NAI	Origin of virus: clinical detection/surveillance studies
NA	CY115257	245	A	G	laninamivir		normal inhibition	1	doi:10.1016/j.antiviral.2025.106299	WHO human NAI	Origin of virus: surveillance studies | IC50 fold-change in source: 0–1
NA	CY115257	245	A	G	oseltamivir		normal inhibition	2	doi:10.1016/j.antiviral.2025.106299	WHO human NAI	Origin of virus: surveillance studies
NA	CY115257	245	A	G	peramivir		reduced inhibition	14	doi:10.1016/j.antiviral.2025.106299	WHO human NAI	Origin of virus: surveillance studies
NA	CY115257	245	A	G	zanamivir		normal inhibition	1	doi:10.1016/j.antiviral.2025.106299	WHO human NAI	Origin of virus: surveillance studies
NA	CY115257	245	A	T	laninamivir		reduced inhibition	5	doi:10.1016/j.antiviral.2020.104718,doi:10.1111/irv.12187	WHO human NAI	Origin of virus: surveillance studies | IC50 fold-change in source: 3–5
NA	CY115257	245	A	T	oseltamivir		reduced inhibition	24	doi:10.1016/j.antiviral.2020.104718,doi:10.1111/irv.12187	WHO human NAI	Origin of virus: surveillance studies | IC50 fold-change in source: 9–24
NA	CY115257	245	A	T	peramivir		reduced inhibition	10	doi:10.1016/j.antiviral.2020.104718,doi:10.1111/irv.12187	WHO human NAI	Origin of virus: surveillance studies | IC50 fold-change in source: 5–10
NA	CY115257	245	A	T	zanamivir		highly reduced inhibition	205	doi:10.1016/j.antiviral.2020.104718,doi:10.1111/irv.12187	WHO human NAI	Origin of virus: surveillance studies | IC50 fold-change in source: 39–205
NA	CY115257	246	S	P	oseltamivir		normal inhibition	2	doi:10.1016/j.antiviral.2018.07.001	WHO human NAI	Origin of virus: surveillance studies
NA	CY115257	246	S	P	zanamivir		reduced inhibition	40	doi:10.1016/j.antiviral.2018.07.001	WHO human NAI	Origin of virus: surveillance studies
NA	CY115257	247	G	D	laninamivir		normal inhibition	2	doi:10.1016/j.antiviral.2022.105280	WHO human NAI	Origin of virus: reverse genetics
NA	CY115257	247	G	D	oseltamivir		normal inhibition	4	doi:10.1016/j.antiviral.2022.105280	WHO human NAI	Origin of virus: reverse genetics
NA	CY115257	247	G	D	peramivir		normal inhibition	2	doi:10.1016/j.antiviral.2022.105280	WHO human NAI	Origin of virus: reverse genetics
NA	CY115257	247	G	D	zanamivir	M00011	normal inhibition	4	doi:10.1016/j.antiviral.2022.105280	WHO human NAI	Origin of virus: reverse genetics
NA	CY115257	273	H	Q	laninamivir		normal inhibition	1	doi:10.1016/j.antiviral.2012.12.013	WHO human NAI	Origin of virus: surveillance studies
NA	CY115257	273	H	Q	oseltamivir		normal inhibition	0.03	doi:10.1016/j.antiviral.2012.12.013	WHO human NAI	Origin of virus: surveillance studies
NA	CY115257	273	H	Q	peramivir		normal inhibition	0.23	doi:10.1016/j.antiviral.2012.12.013	WHO human NAI	Origin of virus: surveillance studies
NA	CY115257	273	H	Q	zanamivir		normal inhibition	3	doi:10.1016/j.antiviral.2012.12.013	WHO human NAI	Origin of virus: surveillance studies
NA	CY115257	273	H	Y	laninamivir		normal inhibition	1	doi:10.1016/j.antiviral.2017.08.004,doi:10.1111/irv.12113,doi:10.1128/aac.00555-08,doi:10.1128/aac.02628-13	WHO human NAI	Origin of virus: surveillance studies; reverse genetics
NA	CY115257	273	H	Y	oseltamivir		reduced inhibition	12	doi:10.1016/j.antiviral.2017.08.004,doi:10.1111/irv.12113,doi:10.1128/aac.00555-08,doi:10.1128/aac.02628-13	WHO human NAI	Origin of virus: surveillance studies; reverse genetics | IC50 fold-change in source: 2–12
NA	CY115257	273	H	Y	peramivir		highly reduced inhibition	13434	doi:10.1016/j.antiviral.2017.08.004,doi:10.1111/irv.12113,doi:10.1128/aac.00555-08,doi:10.1128/aac.02628-13	WHO human NAI	Origin of virus: surveillance studies; reverse genetics | IC50 fold-change in source: 15–13434
NA	CY115257	273	H	Y	zanamivir		normal inhibition	1	doi:10.1016/j.antiviral.2017.08.004,doi:10.1111/irv.12113,doi:10.1128/aac.00555-08,doi:10.1128/aac.02628-13	WHO human NAI	Origin of virus: surveillance studies; reverse genetics
NA	CY115257	292	R	K	oseltamivir		highly reduced inhibition	300	doi:10.1093/jac/dkh528	WHO human NAI	Origin of virus: reverse genetics | IC50 fold-change in source: >300
NA	CY115257	292	R	K	peramivir		highly reduced inhibition	502	doi:10.1093/jac/dkh528	WHO human NAI	Origin of virus: reverse genetics
NA	CY115257	292	R	K	zanamivir		reduced inhibition	29	doi:10.1093/jac/dkh528	WHO human NAI	Origin of virus: reverse genetics
NA	CY115257	294	N	S	oseltamivir		reduced inhibition	61	doi:10.1128/aac.02628-13,doi:10.3390/v11010006,doi:10.1016/j.antiviral.2019.104669,doi:10.1097/inf.0b013e3181ff863b	WHO human NAI	Origin of virus: clinical detection/no NAI used; reverse genetics | IC50 fold-change in source: 8–61
NA	CY115257	294	N	S	peramivir		reduced inhibition	58	doi:10.1128/aac.02628-13,doi:10.3390/v11010006,doi:10.1016/j.antiviral.2019.104669,doi:10.1097/inf.0b013e3181ff863b	WHO human NAI	Origin of virus: clinical detection/no NAI used; reverse genetics | IC50 fold-change in source: 17–58
NA	CY115257	294	N	S	zanamivir		reduced inhibition	18	doi:10.1128/aac.02628-13,doi:10.3390/v11010006,doi:10.1016/j.antiviral.2019.104669,doi:10.1097/inf.0b013e3181ff863b	WHO human NAI	Origin of virus: clinical detection/no NAI used; reverse genetics | IC50 fold-change in source: 1–18
NA	CY115257	360	K	E	laninamivir		normal inhibition	3	doi:10.1111/irv.12187	WHO human NAI	Origin of virus: surveillance studies | IC50 fold-change in source: <3
NA	CY115257	360	K	E	oseltamivir		normal inhibition	2	doi:10.1111/irv.12187	WHO human NAI	Origin of virus: surveillance studies
NA	CY115257	360	K	E	peramivir		highly reduced inhibition	165	doi:10.1111/irv.12187	WHO human NAI	Origin of virus: surveillance studies
NA	CY115257	360	K	E	zanamivir		normal inhibition	2	doi:10.1111/irv.12187	WHO human NAI	Origin of virus: surveillance studies
NA	CY115257	361	I	V	laninamivir		normal inhibition	1	doi:10.1016/j.antiviral.2022.105280	WHO human NAI	Origin of virus: reverse genetics
NA	CY115257	361	I	V	oseltamivir		normal inhibition	2	doi:10.1016/j.antiviral.2022.105280	WHO human NAI	Origin of virus: reverse genetics
NA	CY115257	361	I	V	peramivir		normal inhibition	1	doi:10.1016/j.antiviral.2022.105280	WHO human NAI	Origin of virus: reverse genetics
NA	CY115257	361	I	V	zanamivir	M00012	normal inhibition	1	doi:10.1016/j.antiviral.2022.105280	WHO human NAI	Origin of virus: reverse genetics
NA	CY115257	374	R	K	oseltamivir		highly reduced inhibition	407	doi:10.1128/aac.00555-08,doi:10.1128/aac.02628-13	WHO human NAI	Origin of virus: surveillance studies; reverse genetics | IC50 fold-change in source: 101–407
NA	CY115257	374	R	K	peramivir		highly reduced inhibition	352	doi:10.1128/aac.00555-08,doi:10.1128/aac.02628-13	WHO human NAI	Origin of virus: surveillance studies; reverse genetics
NA	CY115257	374	R	K	zanamivir		highly reduced inhibition	145	doi:10.1128/aac.00555-08,doi:10.1128/aac.02628-13	WHO human NAI	Origin of virus: surveillance studies; reverse genetics | IC50 fold-change in source: 29–145
NA	CY115257	395	A	E	laninamivir		normal inhibition	3	doi:10.1111/irv.12187	WHO human NAI	Origin of virus: surveillance studies | IC50 fold-change in source: <3
NA	CY115257	395	A	E	oseltamivir		reduced inhibition	5	doi:10.1111/irv.12187	WHO human NAI	Origin of virus: surveillance studies
NA	CY115257	395	A	E	peramivir		reduced inhibition	5.5	doi:10.1111/irv.12187	WHO human NAI	Origin of virus: surveillance studies
NA	CY115257	395	A	E	zanamivir		normal inhibition	1	doi:10.1111/irv.12187	WHO human NAI	Origin of virus: surveillance studies
NA	CY115257	396	L	H	oseltamivir		normal inhibition	3	doi:10.1016/j.antiviral.2020.104718	WHO human NAI	Origin of virus: surveillance studies
NA	CY115257	396	L	H	zanamivir		reduced inhibition	11	doi:10.1016/j.antiviral.2020.104718	WHO human NAI	Origin of virus: surveillance studies
NA	CY115257	407	G	S	oseltamivir		normal inhibition	4	doi:10.1001/jama.297.13.1435	WHO human NAI	Origin of virus: clinical detection/oseltamivir used; surveillance studies
NA	CY115257	407	G	S	zanamivir		reduced inhibition	7	doi:10.1001/jama.297.13.1435	WHO human NAI	Origin of virus: clinical detection/oseltamivir used; surveillance studies
NA	CY115257	432	D	G	laninamivir		normal inhibition	3	doi:10.1111/irv.12187,doi:10.1016/j.antiviral.2022.105280	WHO human NAI	Origin of virus: surveillance studies; reverse genetics | IC50 fold-change in source: 1–3
NA	CY115257	432	D	G	oseltamivir		normal inhibition	1	doi:10.1111/irv.12187,doi:10.1016/j.antiviral.2022.105280	WHO human NAI	Origin of virus: surveillance studies; reverse genetics
NA	CY115257	432	D	G	peramivir		highly reduced inhibition	148	doi:10.1111/irv.12187,doi:10.1016/j.antiviral.2022.105280	WHO human NAI	Origin of virus: surveillance studies; reverse genetics | IC50 fold-change in source: 41–148
NA	CY115257	432	D	G	zanamivir		normal inhibition	3	doi:10.1111/irv.12187,doi:10.1016/j.antiviral.2022.105280	WHO human NAI	Origin of virus: surveillance studies; reverse genetics | IC50 fold-change in source: 1–3
NA	CY115257	432	D	N	laninamivir		normal inhibition	1	doi:10.1016/j.antiviral.2020.104718	WHO human NAI	Origin of virus: surveillance studies
NA	CY115257	432	D	N	oseltamivir		normal inhibition	1	doi:10.1016/j.antiviral.2020.104718	WHO human NAI	Origin of virus: surveillance studies
NA	CY115257	432	D	N	peramivir		reduced inhibition	8	doi:10.1016/j.antiviral.2020.104718	WHO human NAI	Origin of virus: surveillance studies
NA	CY115257	432	D	N	zanamivir		normal inhibition	1	doi:10.1016/j.antiviral.2020.104718	WHO human NAI	Origin of virus: surveillance studies
NA	CY115257	439	H	P	laninamivir		normal inhibition	4	doi:10.1016/j.antiviral.2022.105280	WHO human NAI	Origin of virus: surveillance studies; reverse genetics | IC50 fold-change in source: 2-4
NA	CY115257	439	H	P	oseltamivir		reduced inhibition	6	doi:10.1016/j.antiviral.2022.105280	WHO human NAI	Origin of virus: surveillance studies; reverse genetics | IC50 fold-change in source: 1–6
NA	CY115257	439	H	P	peramivir		highly reduced inhibition	120	doi:10.1016/j.antiviral.2022.105280	WHO human NAI	Origin of virus: surveillance studies; reverse genetics | IC50 fold-change in source: 56–120
NA	CY115257	439	H	P	zanamivir		reduced inhibition	13	doi:10.1016/j.antiviral.2022.105280	WHO human NAI	Origin of virus: surveillance studies; reverse genetics | IC50 fold-change in source: 4–13
NA	CY115257	439	H	R	laninamivir		normal inhibition	2	doi:10.1016/j.antiviral.2022.105280	WHO human NAI	Origin of virus: surveillance studies; reverse genetics
NA	CY115257	439	H	R	oseltamivir		normal inhibition	1	doi:10.1016/j.antiviral.2022.105280	WHO human NAI	Origin of virus: surveillance studies; reverse genetics
NA	CY115257	439	H	R	peramivir		reduced inhibition	23	doi:10.1016/j.antiviral.2022.105280	WHO human NAI	Origin of virus: surveillance studies; reverse genetics | IC50 fold-change in source: 20–23
NA	CY115257	439	H	R	zanamivir		reduced inhibition	10	doi:10.1016/j.antiviral.2022.105280	WHO human NAI	Origin of virus: surveillance studies; reverse genetics | IC50 fold-change in source: 5–10
NA	CY115257	464	M	T	laninamivir		normal inhibition	1	doi:10.1016/j.antiviral.2020.104718	WHO human NAI	Origin of virus: surveillance studies
NA	CY115257	464	M	T	oseltamivir		normal inhibition	1	doi:10.1016/j.antiviral.2020.104718	WHO human NAI	Origin of virus: surveillance studies
NA	CY115257	464	M	T	peramivir		reduced inhibition	8	doi:10.1016/j.antiviral.2020.104718	WHO human NAI	Origin of virus: surveillance studies
NA	CY115257	464	M	T	zanamivir		normal inhibition	1	doi:10.1016/j.antiviral.2020.104718	WHO human NAI	Origin of virus: surveillance studies
PA	CY115260	20	T	K	baloxavir		reduced susceptibility	7	doi:10.1097/inf.0000000000004826	WHO PA	Origin of virus: clinical trial/substitution selected under baloxavir selection pressure
PA	CY115260	23	E	K	baloxavir		normal	2.6	doi:10.1038/s41598-018-27890-4,doi:10.1016/j.antiviral.2020.104807	WHO PA	Origin of virus: reverse genetics | EC50 fold-change in source: 0.8−2.6
PA	CY115260	34	M	I	baloxavir		normal	0.6	doi:10.1016/j.antiviral.2022.105281	WHO PA	Origin of virus: surveillance studies
PA	CY115260	36	F	V	baloxavir		normal	0.8	doi:10.1038/s41598-018-27890-4	WHO PA	Origin of virus: reverse genetics
PA	CY115260	38	I	F	baloxavir		suspected reduced	8	doi:10.1038/s41598-018-27890-4,doi:10.1073/pnas.1916825117	WHO PA	Origin of virus: reverse genetics | EC50 fold-change in source: 2.4−8
PA	CY115260	38	I	M	baloxavir		suspected reduced	8	doi:10.1038/s41598-018-27890-4,doi:10.1016/j.antiviral.2019.02.007,doi:10.1073/pnas.1916825117,doi:10.1016/j.antiviral.2020.104807	WHO PA	Origin of virus: reverse genetics | EC50 fold-change in source: 1.7−8
PA	CY115260	38	I	T	baloxavir		reduced susceptibility	15	doi:10.1038/s41598-018-27890-4,doi:10.1016/j.antiviral.2019.02.007,doi:10.1073/pnas.1916825117,doi:10.1016/j.antiviral.2020.104807	WHO PA	Origin of virus: reverse genetics | EC50 fold-change in source: 5−15
PA	CY115260	38	I	V	baloxavir		normal	1.9	doi:10.2807/1560-7917.es.2019.24.3.1800666,doi:10.1016/j.antiviral.2022.105281	WHO PA	Origin of virus: surveillance studies/no baloxavir exposure | EC50 fold-change in source: 0.9−1.9
PA	CY115260	120	E	D	baloxavir		normal	2.6	doi:10.1038/s41598-018-27890-4,doi:10.1016/j.antiviral.2022.105455	WHO PA	Origin of virus: reverse genetics | EC50 fold-change in source: 2.0−2.6
PA	CY115260	199	G	R	baloxavir		normal	2	doi:10.1128/aac.00009-22	WHO PA	Origin of virus: reverse genetics
NA	EF619973	96	V	A	laninamivir		normal inhibition	6	doi:10.1080/22221751.2025.2601372	WHO human NAI,WHO avian NAI	Origin of virus: recombinant NA | IC50 fold-change in source: 3–6
NA	EF619973	96	V	A	oseltamivir		reduced inhibition	18	doi:10.1099/vir.0.017459-0,doi:10.1016/j.antiviral.2006.10.004,doi:10.1080/22221751.2025.2601372	WHO human NAI,WHO avian NAI	Origin of virus (WHO human NAI / A(H5N1), WHO avian NAI / H5N1): surveillance studies | Origin of virus (WHO human NAI / A(H5N1), WHO avian NAI / H5N1): recombinant NA | IC50 fold-change in source: 11–18 | Phenotypes in source: normal inhibition (WHO human NAI / A(H5N1), WHO avian NAI / H5N1), reduced inhibition (WHO human NAI / A(H5N1), WHO avian NAI / H5N1) (most severe used: reduced inhibition) | Fold-change values in source: 3
NA	EF619973	96	V	A	peramivir		reduced inhibition	12	doi:10.1099/vir.0.017459-0,doi:10.1016/j.antiviral.2006.10.004,doi:10.1080/22221751.2025.2601372	WHO human NAI,WHO avian NAI	Origin of virus (WHO human NAI / A(H5N1), WHO avian NAI / H5N1): surveillance studies | Origin of virus (WHO human NAI / A(H5N1), WHO avian NAI / H5N1): recombinant NA | IC50 fold-change in source: 6–12 | Phenotypes in source: normal inhibition (WHO human NAI / A(H5N1), WHO avian NAI / H5N1), reduced inhibition (WHO human NAI / A(H5N1), WHO avian NAI / H5N1) (most severe used: reduced inhibition) | Fold-change values in source: 4
NA	EF619973	96	V	A	zanamivir		reduced inhibition	63	doi:10.1099/vir.0.017459-0,doi:10.1016/j.antiviral.2006.10.004,doi:10.1080/22221751.2025.2601372	WHO human NAI,WHO avian NAI	Origin of virus (WHO human NAI / A(H5N1), WHO avian NAI / H5N1): surveillance studies | Origin of virus (WHO human NAI / A(H5N1), WHO avian NAI / H5N1): recombinant NA | IC50 fold-change in source (WHO human NAI / A(H5N1), WHO avian NAI / H5N1): 10–63 | IC50 fold-change in source (WHO human NAI / A(H5N1), WHO avian NAI / H5N1): 14–22
NA	EF619973	96	V	I	laninamivir		normal inhibition	1	doi:10.1080/22221751.2025.2601372	WHO human NAI,WHO avian NAI	Origin of virus: recombinant NA
NA	EF619973	96	V	I	oseltamivir		normal inhibition	1	doi:10.1080/22221751.2025.2601372	WHO human NAI,WHO avian NAI	Origin of virus: recombinant NA
NA	EF619973	96	V	I	peramivir		normal inhibition	1	doi:10.1080/22221751.2025.2601372	WHO human NAI,WHO avian NAI	Origin of virus: recombinant NA
NA	EF619973	96	V	I	zanamivir		normal inhibition	2	doi:10.1080/22221751.2025.2601372	WHO human NAI,WHO avian NAI	Origin of virus: recombinant NA
NA	EF619973	97	I	T	laninamivir		normal inhibition	1	doi:10.1016/j.antiviral.2023.105679	WHO human NAI,WHO avian NAI	Origin of virus: surveillance studies
NA	EF619973	97	I	T	oseltamivir		reduced inhibition	19	doi:10.1016/j.vetmic.2019.06.005,doi:10.1016/j.antiviral.2023.105679	WHO human NAI,WHO avian NAI	Origin of virus: surveillance studies | Phenotypes in source: normal inhibition (WHO human NAI / A(H5N1), WHO avian NAI / H5N1), reduced inhibition (WHO human NAI / A(H5N1), WHO avian NAI / H5N1) (most severe used: reduced inhibition) | Fold-change values in source (WHO human NAI / A(H5N1), WHO avian NAI / H5N1): 1 | Fold-change values in source (WHO human NAI / A(H5N1), WHO avian NAI / H5N1): 19
NA	EF619973	97	I	T	peramivir		normal inhibition	1	doi:10.1016/j.antiviral.2023.105679	WHO human NAI,WHO avian NAI	Origin of virus: surveillance studies
NA	EF619973	97	I	T	zanamivir		reduced inhibition	12	doi:10.1016/j.vetmic.2019.06.005,doi:10.1016/j.antiviral.2023.105679	WHO human NAI,WHO avian NAI	Origin of virus: surveillance studies | Phenotypes in source: normal inhibition (WHO human NAI / A(H5N1), WHO avian NAI / H5N1), reduced inhibition (WHO human NAI / A(H5N1), WHO avian NAI / H5N1) (most severe used: reduced inhibition) | Fold-change values in source (WHO human NAI / A(H5N1), WHO avian NAI / H5N1): 1 | Fold-change values in source (WHO human NAI / A(H5N1), WHO avian NAI / H5N1): 12
NA	EF619973	97	I	V	oseltamivir		normal inhibition	9	doi:10.1016/j.vetmic.2019.06.005,doi:10.1371/journal.ppat.1000933,doi:10.1371/journal.pone.0003339	WHO human NAI,WHO avian NAI	Origin of virus: reverse genetics; surveillance studies | IC50 fold-change in source: 5–9
NA	EF619973	97	I	V	zanamivir	M00013	normal inhibition	4	doi:10.1016/j.vetmic.2019.06.005,doi:10.1371/journal.ppat.1000933,doi:10.1371/journal.pone.0003339	WHO human NAI,WHO avian NAI	Origin of virus: reverse genetics; surveillance studies | IC50 fold-change in source: 2–4
NA	EF619973	99	E	A	oseltamivir		reduced inhibition	35	doi:10.1128/jvi.02485-14,doi:10.1371/journal.ppat.1000933	WHO human NAI,WHO avian NAI	Origin of virus: reverse genetics | IC50 fold-change in source: 10–35
NA	EF619973	99	E	A	peramivir		normal inhibition	7	doi:10.1128/jvi.02485-14,doi:10.1371/journal.ppat.1000933	WHO human NAI,WHO avian NAI	Origin of virus: reverse genetics
NA	EF619973	99	E	A	zanamivir	M00015	highly reduced inhibition	1254	doi:10.1128/jvi.02485-14,doi:10.1371/journal.ppat.1000933	WHO human NAI,WHO avian NAI	Origin of virus: reverse genetics | IC50 fold-change in source: 51–1254
NA	EF619973	99	E	D	laninamivir		highly reduced inhibition	2735	doi:10.1080/22221751.2025.2601372	WHO human NAI,WHO avian NAI	Origin of virus: recombinant NA | IC50 fold-change in source: 1488–2735
NA	EF619973	99	E	D	oseltamivir		reduced inhibition	87	doi:10.1128/jvi.02485-14,doi:10.1080/22221751.2025.2601372	WHO human NAI,WHO avian NAI	Origin of virus (WHO human NAI / A(H5N1), WHO avian NAI / H5N1): reverse genetics | Origin of virus (WHO human NAI / A(H5N1), WHO avian NAI / H5N1): recombinant NA | IC50 fold-change in source: 18–22 | Fold-change values in source: 87
NA	EF619973	99	E	D	peramivir		highly reduced inhibition	3213	doi:10.1128/jvi.02485-14,doi:10.1080/22221751.2025.2601372	WHO human NAI,WHO avian NAI	Origin of virus (WHO human NAI / A(H5N1), WHO avian NAI / H5N1): reverse genetics | Origin of virus (WHO human NAI / A(H5N1), WHO avian NAI / H5N1): recombinant NA | IC50 fold-change in source: 1957–3213 | Fold-change values in source: 1436
NA	EF619973	99	E	D	zanamivir	M00017	highly reduced inhibition	8072	doi:10.1128/jvi.02485-14,doi:10.1080/22221751.2025.2601372	WHO human NAI,WHO avian NAI	Origin of virus (WHO human NAI / A(H5N1), WHO avian NAI / H5N1): reverse genetics | Origin of virus (WHO human NAI / A(H5N1), WHO avian NAI / H5N1): recombinant NA | IC50 fold-change in source: 6281–8072 | Fold-change values in source: 132
NA	EF619973	99	E	G	oseltamivir		normal inhibition	6	doi:10.1128/jvi.02485-14,doi:10.1128/aac.00334-09	WHO human NAI,WHO avian NAI	Origin of virus: reverse genetics; in vitro/zanamivir used | IC50 fold-change in source: 3–6
NA	EF619973	99	E	G	peramivir		highly reduced inhibition	164	doi:10.1128/jvi.02485-14,doi:10.1128/aac.00334-09	WHO human NAI,WHO avian NAI	Origin of virus: reverse genetics; in vitro/zanamivir used | IC50 fold-change in source: 12–164
NA	EF619973	99	E	G	zanamivir	M00018	highly reduced inhibition	1485	doi:10.1128/jvi.02485-14,doi:10.1128/aac.00334-09	WHO human NAI,WHO avian NAI	Origin of virus: reverse genetics; in vitro/zanamivir used | IC50 fold-change in source: 438–1485
NA	EF619973	116	Q	L	oseltamivir		reduced inhibition	26	doi:10.1016/j.antiviral.2010.06.009	WHO human NAI,WHO avian NAI	Origin of virus: in vivo/zanamivir used
NA	EF619973	116	Q	L	zanamivir		highly reduced inhibition	350	doi:10.1016/j.antiviral.2010.06.009	WHO human NAI,WHO avian NAI	Origin of virus: in vivo/zanamivir used
NA	EF619973	129	V	A	oseltamivir		normal inhibition	4	doi:10.1128/aac.01773-10	WHO human NAI,WHO avian NAI	Origin of virus: surveillance studies
NA	EF619973	129	V	A	zanamivir		normal inhibition	8	doi:10.1128/aac.01773-10	WHO human NAI,WHO avian NAI	Origin of virus: surveillance studies
NA	EF619973	130	K	N		M00019			doi:10.1099/vir.0.017459-0	WHO human NAI,WHO avian NAI	
NA	EF619973	132	R	G	laninamivir		highly reduced inhibition	1433	doi:10.1080/22221751.2025.2601372	WHO human NAI,WHO avian NAI	Origin of virus: recombinant NA | IC50 fold-change in source (WHO human NAI / A(H5N1)): 619–1433 | IC50 fold-change in source (WHO avian NAI / H5N1): 691–1433
NA	EF619973	132	R	G	oseltamivir		reduced inhibition	16	doi:10.1080/22221751.2025.2601372	WHO human NAI,WHO avian NAI	Origin of virus: recombinant NA | IC50 fold-change in source: 13–16
NA	EF619973	132	R	G	peramivir		highly reduced inhibition	1515	doi:10.1080/22221751.2025.2601372	WHO human NAI,WHO avian NAI	Origin of virus: recombinant NA | IC50 fold-change in source: 810–1515
NA	EF619973	132	R	G	zanamivir		highly reduced inhibition	1754	doi:10.1080/22221751.2025.2601372	WHO human NAI,WHO avian NAI	Origin of virus: recombinant NA | IC50 fold-change in source: 1273–1754
NA	EF619973	179	D	G	oseltamivir		reduced inhibition	32	doi:10.1128/aac.00334-09	WHO human NAI,WHO avian NAI	Origin of virus: reverse genetics; in vitro/zanamivir used
NA	EF619973	179	D	G	peramivir		normal inhibition	4	doi:10.1128/aac.00334-09	WHO human NAI,WHO avian NAI	Origin of virus: reverse genetics; in vitro/zanamivir used
NA	EF619973	179	D	G	zanamivir		reduced inhibition	44	doi:10.1128/aac.00334-09	WHO human NAI,WHO avian NAI	Origin of virus: reverse genetics; in vitro/zanamivir used
NA	EF619973	203	I	L		M00020			doi:10.1099/vir.0.017459-0	WHO human NAI,WHO avian NAI	
NA	EF619973	203	I	M	oseltamivir		reduced inhibition	36	doi:10.1128/aac.00334-09,doi:10.1093/infdis/jiad418,doi:10.1016/j.antiviral.2024.105959	WHO human NAI,WHO avian NAI	Origin of virus: reverse genetics; in vitro/zanamivir used; surveillance studies | IC50 fold-change in source (WHO human NAI / A(H5N1)): 13–36 | IC50 fold-change in source (WHO avian NAI / H5N1): 13-36
NA	EF619973	203	I	M	peramivir		normal inhibition	1	doi:10.1128/aac.00334-09,doi:10.1093/infdis/jiad418,doi:10.1016/j.antiviral.2024.105959	WHO human NAI,WHO avian NAI	Origin of virus: reverse genetics; in vitro/zanamivir used; surveillance studies
NA	EF619973	203	I	M	zanamivir	M00022	normal inhibition	3	doi:10.1128/aac.00334-09,doi:10.1093/infdis/jiad418,doi:10.1016/j.antiviral.2024.105959	WHO human NAI,WHO avian NAI	Origin of virus: reverse genetics; in vitro/zanamivir used; surveillance studies | IC50 fold-change in source (WHO human NAI / A(H5N1)): 1–3 | IC50 fold-change in source (WHO avian NAI / H5N1): 1-3
NA	EF619973	203	I	T	laninamivir		normal inhibition	2	doi:10.1080/22221751.2025.2601372	WHO human NAI,WHO avian NAI	Origin of virus: recombinant NA
NA	EF619973	203	I	T	oseltamivir		normal inhibition	3	doi:10.1080/22221751.2025.2601372	WHO human NAI,WHO avian NAI	Origin of virus: recombinant NA
NA	EF619973	203	I	T	peramivir		normal inhibition	4	doi:10.1080/22221751.2025.2601372	WHO human NAI,WHO avian NAI	Origin of virus: recombinant NA | IC50 fold-change in source: 3–4
NA	EF619973	203	I	T	zanamivir		normal inhibition	4	doi:10.1080/22221751.2025.2601372	WHO human NAI,WHO avian NAI	Origin of virus: recombinant NA | IC50 fold-change in source: 3–4
NA	EF619973	203	I	V	oseltamivir		normal inhibition	7	doi:10.1128/aac.00334-09,doi:10.1093/infdis/jiad418,doi:10.1016/j.antiviral.2024.105959	WHO human NAI,WHO avian NAI	Origin of virus: reverse genetics; in vitro/zanamivir used; surveillance studies | IC50 fold-change in source (WHO human NAI / A(H5N1)): 2–7 | IC50 fold-change in source (WHO avian NAI / H5N1): 2-7
NA	EF619973	203	I	V	peramivir		normal inhibition	1	doi:10.1128/aac.00334-09,doi:10.1093/infdis/jiad418,doi:10.1016/j.antiviral.2024.105959	WHO human NAI,WHO avian NAI	Origin of virus: reverse genetics; in vitro/zanamivir used; surveillance studies
NA	EF619973	203	I	V	zanamivir	M00023	normal inhibition	2	doi:10.1128/aac.00334-09,doi:10.1093/infdis/jiad418,doi:10.1016/j.antiviral.2024.105959	WHO human NAI,WHO avian NAI	Origin of virus: reverse genetics; in vitro/zanamivir used; surveillance studies | IC50 fold-change in source (WHO human NAI / A(H5N1)): 1–2 | IC50 fold-change in source (WHO avian NAI / H5N1): 1-2
NA	EF619973	227	S	N	laninamivir		normal inhibition	2	doi:10.1080/22221751.2025.2601372,doi:10.1016/j.antiviral.2023.105679	WHO human NAI,WHO avian NAI	Origin of virus (WHO human NAI / A(H5N1)): surveillance studies; recombinant NA | Origin of virus (WHO avian NAI / H5N1): surveillance studies
NA	EF619973	227	S	N	oseltamivir		reduced inhibition	24	doi:10.1093/infdis/jiad418,doi:10.1099/vir.0.017459-0,doi:10.1080/22221751.2025.2601372,doi:10.1016/j.antiviral.2023.105679,doi:10.1016/j.antiviral.2024.105959	WHO human NAI,WHO avian NAI	Origin of virus (WHO human NAI / A(H5N1), WHO avian NAI / H5N1): surveillance studies | Origin of virus (WHO human NAI / A(H5N1)): surveillance studies; recombinant NA | IC50 fold-change in source (WHO human NAI / A(H5N1)): 6–24 | IC50 fold-change in source (WHO human NAI / A(H5N1)): 5-7 | IC50 fold-change in source (WHO avian NAI / H5N1): 6-24 | Phenotypes in source: normal inhibition (WHO human NAI / A(H5N1), WHO avian NAI / H5N1), reduced inhibition (WHO human NAI / A(H5N1), WHO avian NAI / H5N1) (most severe used: reduced inhibition) | Fold-change values in source: 6
NA	EF619973	227	S	N	peramivir		normal inhibition	4	doi:10.1080/22221751.2025.2601372,doi:10.1016/j.antiviral.2023.105679	WHO human NAI,WHO avian NAI	Origin of virus (WHO human NAI / A(H5N1)): surveillance studies; recombinant NA | Origin of virus (WHO avian NAI / H5N1): surveillance studies
NA	EF619973	227	S	N	zanamivir	M00021	normal inhibition	6	doi:10.1093/infdis/jiad418,doi:10.1099/vir.0.017459-0,doi:10.1080/22221751.2025.2601372,doi:10.1016/j.antiviral.2023.105679,doi:10.1016/j.antiviral.2024.105959	WHO human NAI,WHO avian NAI	Origin of virus (WHO human NAI / A(H5N1), WHO avian NAI / H5N1): surveillance studies | Origin of virus (WHO human NAI / A(H5N1)): surveillance studies; recombinant NA | IC50 fold-change in source (WHO human NAI / A(H5N1)): 2–6 | IC50 fold-change in source (WHO human NAI / A(H5N1)): 1–2 | IC50 fold-change in source (WHO avian NAI / H5N1): 2-6 | Fold-change values in source: 1
NA	EF619973	255	H	Y	laninamivir		normal inhibition	6	doi:10.1128/jvi.02485-14,doi:10.1128/aac.00334-09,doi:10.1371/journal.ppat.1000933,doi:10.1038/4371108a,doi:10.3201/eid1912.130705,doi:10.1080/22221751.2025.2601372	WHO human NAI,WHO avian NAI	Origin of virus (WHO human NAI / A(H5N1), WHO avian NAI / H5N1): surveillance studies; clinical detection/oseltamivir used; reverse genetics; in vitro/zanamivir used | Origin of virus (WHO human NAI / A(H5N1), WHO avian NAI / H5N1): recombinant NA | Fold-change values in source (WHO human NAI / A(H5N1), WHO avian NAI / H5N1): 3 | Fold-change values in source (WHO human NAI / A(H5N1), WHO avian NAI / H5N1): 6
NA	EF619973	255	H	Y	oseltamivir		highly reduced inhibition	2502	doi:10.1128/jvi.02485-14,doi:10.1128/aac.00334-09,doi:10.1371/journal.ppat.1000933,doi:10.1038/4371108a,doi:10.3201/eid1912.130705,doi:10.1080/22221751.2025.2601372	WHO human NAI,WHO avian NAI	Origin of virus (WHO human NAI / A(H5N1), WHO avian NAI / H5N1): surveillance studies; clinical detection/oseltamivir used; reverse genetics; in vitro/zanamivir used | Origin of virus (WHO human NAI / A(H5N1), WHO avian NAI / H5N1): recombinant NA | IC50 fold-change in source (WHO human NAI / A(H5N1), WHO avian NAI / H5N1): 44–2502 | IC50 fold-change in source (WHO human NAI / A(H5N1), WHO avian NAI / H5N1): 159–184
NA	EF619973	255	H	Y	peramivir		highly reduced inhibition	1724	doi:10.1128/jvi.02485-14,doi:10.1128/aac.00334-09,doi:10.1371/journal.ppat.1000933,doi:10.1038/4371108a,doi:10.3201/eid1912.130705,doi:10.1080/22221751.2025.2601372	WHO human NAI,WHO avian NAI	Origin of virus (WHO human NAI / A(H5N1), WHO avian NAI / H5N1): surveillance studies; clinical detection/oseltamivir used; reverse genetics; in vitro/zanamivir used | Origin of virus (WHO human NAI / A(H5N1), WHO avian NAI / H5N1): recombinant NA | IC50 fold-change in source (WHO human NAI / A(H5N1), WHO avian NAI / H5N1): 23–533 | IC50 fold-change in source (WHO human NAI / A(H5N1), WHO avian NAI / H5N1): 1064–1724
NA	EF619973	255	H	Y	zanamivir	M00016	normal inhibition	3	doi:10.1128/jvi.02485-14,doi:10.1128/aac.00334-09,doi:10.1371/journal.ppat.1000933,doi:10.1038/4371108a,doi:10.3201/eid1912.130705,doi:10.1080/22221751.2025.2601372	WHO human NAI,WHO avian NAI	Origin of virus (WHO human NAI / A(H5N1), WHO avian NAI / H5N1): surveillance studies; clinical detection/oseltamivir used; reverse genetics; in vitro/zanamivir used | Origin of virus (WHO human NAI / A(H5N1), WHO avian NAI / H5N1): recombinant NA | IC50 fold-change in source (WHO human NAI / A(H5N1), WHO avian NAI / H5N1): 1–3 | IC50 fold-change in source (WHO human NAI / A(H5N1), WHO avian NAI / H5N1): 1–2
NA	EF619973	275	N	D	laninamivir		normal inhibition	2	doi:10.1016/j.antiviral.2023.105679	WHO human NAI,WHO avian NAI	Origin of virus: surveillance studies
NA	EF619973	275	N	D	oseltamivir		normal inhibition	1	doi:10.1016/j.antiviral.2023.105679	WHO human NAI,WHO avian NAI	Origin of virus: surveillance studies
NA	EF619973	275	N	D	peramivir		normal inhibition	2	doi:10.1016/j.antiviral.2023.105679	WHO human NAI,WHO avian NAI	Origin of virus: surveillance studies
NA	EF619973	275	N	D	zanamivir		normal inhibition	4	doi:10.1016/j.antiviral.2023.105679	WHO human NAI,WHO avian NAI	Origin of virus: surveillance studies
NA	EF619973	275	N	S	laninamivir		normal inhibition	3	doi:10.1016/j.antiviral.2023.105679	WHO human NAI,WHO avian NAI	Origin of virus: surveillance studies
NA	EF619973	275	N	S	oseltamivir		highly reduced inhibition	138	doi:10.1128/jvi.02485-14,doi:10.1371/journal.ppat.1000933,doi:10.1038/4371108a,doi:10.1016/j.jiph.2009.04.004,doi:10.1016/j.antiviral.2023.105679	WHO human NAI,WHO avian NAI	Origin of virus (WHO human NAI / A(H5N1), WHO avian NAI / H5N1): clinical detection/oseltamivir used; reverse genetics | Origin of virus (WHO human NAI / A(H5N1), WHO avian NAI / H5N1): surveillance studies | IC50 fold-change in source: 12–138 | Phenotypes in source: highly reduced inhibition (WHO human NAI / A(H5N1), WHO avian NAI / H5N1), reduced inhibition (WHO human NAI / A(H5N1), WHO avian NAI / H5N1) (most severe used: highly reduced inhibition) | Fold-change values in source: 14
NA	EF619973	275	N	S	peramivir		highly reduced inhibition	130	doi:10.1128/jvi.02485-14,doi:10.1371/journal.ppat.1000933,doi:10.1038/4371108a,doi:10.1016/j.jiph.2009.04.004,doi:10.1016/j.antiviral.2023.105679	WHO human NAI,WHO avian NAI	Origin of virus (WHO human NAI / A(H5N1), WHO avian NAI / H5N1): clinical detection/oseltamivir used; reverse genetics | Origin of virus (WHO human NAI / A(H5N1), WHO avian NAI / H5N1): surveillance studies | IC50 fold-change in source: 1–130 | Phenotypes in source: highly reduced inhibition (WHO human NAI / A(H5N1), WHO avian NAI / H5N1), normal inhibition (WHO human NAI / A(H5N1), WHO avian NAI / H5N1) (most severe used: highly reduced inhibition) | Fold-change values in source: 6
NA	EF619973	275	N	S	zanamivir	M00024	reduced inhibition	27	doi:10.1128/jvi.02485-14,doi:10.1371/journal.ppat.1000933,doi:10.1038/4371108a,doi:10.1016/j.jiph.2009.04.004,doi:10.1016/j.antiviral.2023.105679	WHO human NAI,WHO avian NAI	Origin of virus (WHO human NAI / A(H5N1), WHO avian NAI / H5N1): clinical detection/oseltamivir used; reverse genetics | Origin of virus (WHO human NAI / A(H5N1), WHO avian NAI / H5N1): surveillance studies | IC50 fold-change in source: 1–27 | Phenotypes in source: normal inhibition (WHO human NAI / A(H5N1), WHO avian NAI / H5N1), reduced inhibition (WHO human NAI / A(H5N1), WHO avian NAI / H5N1) (most severe used: reduced inhibition) | Fold-change values in source: 4
NA	EF619973	294	I	V		M00014			doi:10.1016/j.antiviral.2006.10.004	WHO human NAI,WHO avian NAI	
NA	EF619973	407	I	T	laninamivir		reduced inhibition	25	doi:10.1080/22221751.2025.2601372	WHO human NAI,WHO avian NAI	Origin of virus: recombinant NA | IC50 fold-change in source: 15–25
NA	EF619973	407	I	T	oseltamivir		normal inhibition	7	doi:10.1080/22221751.2025.2601372	WHO human NAI,WHO avian NAI	Origin of virus: recombinant NA | IC50 fold-change in source: 6–7
NA	EF619973	407	I	T	peramivir		reduced inhibition	23	doi:10.1080/22221751.2025.2601372	WHO human NAI,WHO avian NAI	Origin of virus: recombinant NA | IC50 fold-change in source: 16–23
NA	EF619973	407	I	T	zanamivir		reduced inhibition	90	doi:10.1080/22221751.2025.2601372	WHO human NAI,WHO avian NAI	Origin of virus: recombinant NA | IC50 fold-change in source: 75–90
NA	EF619973	412	K	R	laninamivir		normal inhibition	1	doi:10.1080/22221751.2025.2601372	WHO human NAI,WHO avian NAI	Origin of virus: surveillance studies
NA	EF619973	412	K	R	oseltamivir		normal inhibition	1	doi:10.1080/22221751.2025.2601372	WHO human NAI,WHO avian NAI	Origin of virus: surveillance studies
NA	EF619973	412	K	R	peramivir		normal inhibition	1	doi:10.1080/22221751.2025.2601372	WHO human NAI,WHO avian NAI	Origin of virus: surveillance studies
NA	EF619973	412	K	R	zanamivir		normal inhibition	1	doi:10.1080/22221751.2025.2601372	WHO human NAI,WHO avian NAI	Origin of virus: surveillance studies
NA	EF619973	412	K	T	oseltamivir		normal inhibition	9	doi:10.1093/infdis/jix003	WHO human NAI,WHO avian NAI	Origin of virus: surveillance studies; in vitro
NA	EF619973	412	K	T	peramivir		normal inhibition	5	doi:10.1093/infdis/jix003	WHO human NAI,WHO avian NAI	Origin of virus: surveillance studies; in vitro
NA	EF619973	412	K	T	zanamivir		reduced inhibition	12	doi:10.1093/infdis/jix003	WHO human NAI,WHO avian NAI	Origin of virus: surveillance studies; in vitro
NA	EF619973	418	T	I	laninamivir		reduced inhibition	33	doi:10.1080/22221751.2025.2601372,doi:10.1093/infdis/jiad418,doi:10.1016/j.antiviral.2010.06.009	WHO human NAI,WHO avian NAI	Origin of virus: reverse genetics, surveillance studies, recombinant NA | IC50 fold-change in source (WHO human NAI / A(H5N1)): 24–33 | IC50 fold-change in source (WHO avian NAI / H5N1): 24-33
NA	EF619973	418	T	I	oseltamivir		normal inhibition	8	doi:10.1080/22221751.2025.2601372,doi:10.1093/infdis/jiad418,doi:10.1016/j.antiviral.2010.06.009	WHO human NAI,WHO avian NAI	Origin of virus: reverse genetics, surveillance studies, recombinant NA | IC50 fold-change in source: 1–8
NA	EF619973	418	T	I	peramivir		reduced inhibition	26	doi:10.1080/22221751.2025.2601372,doi:10.1093/infdis/jiad418,doi:10.1016/j.antiviral.2010.06.009	WHO human NAI,WHO avian NAI	Origin of virus: reverse genetics, surveillance studies, recombinant NA | IC50 fold-change in source: 6–26
NA	EF619973	418	T	I	zanamivir		highly reduced inhibition	119	doi:10.1080/22221751.2025.2601372,doi:10.1093/infdis/jiad418,doi:10.1016/j.antiviral.2010.06.009	WHO human NAI,WHO avian NAI	Origin of virus: reverse genetics, surveillance studies, recombinant NA | IC50 fold-change in source: 17–119
NA	EF619973	418	T	N	laninamivir		normal inhibition	2	doi:10.1016/j.antiviral.2023.105679	WHO human NAI,WHO avian NAI	Origin of virus: surveillance studies
NA	EF619973	418	T	N	oseltamivir		normal inhibition	2	doi:10.1016/j.antiviral.2023.105679	WHO human NAI,WHO avian NAI	Origin of virus: surveillance studies
NA	EF619973	418	T	N	peramivir		normal inhibition	2	doi:10.1016/j.antiviral.2023.105679	WHO human NAI,WHO avian NAI	Origin of virus: surveillance studies
NA	EF619973	418	T	N	zanamivir	M00025	reduced inhibition	12	doi:10.1016/j.antiviral.2023.105679	WHO human NAI,WHO avian NAI	Origin of virus: surveillance studies
NA	EF619973	419	S	G	laninamivir		normal inhibition	1	doi:10.1080/22221751.2025.2601372	WHO human NAI,WHO avian NAI	Origin of virus: surveillance studies
NA	EF619973	419	S	G	oseltamivir		normal inhibition	2	doi:10.1080/22221751.2025.2601372	WHO human NAI,WHO avian NAI	Origin of virus: surveillance studies
NA	EF619973	419	S	G	peramivir		normal inhibition	3	doi:10.1080/22221751.2025.2601372	WHO human NAI,WHO avian NAI	Origin of virus: surveillance studies | IC50 fold-change in source: 2–3
NA	EF619973	419	S	G	zanamivir		normal inhibition	8	doi:10.1080/22221751.2025.2601372	WHO human NAI,WHO avian NAI	Origin of virus: surveillance studies | IC50 fold-change in source: 6–8
NA	KX297920.1	117	E	V	oseltamivir		reduced inhibition	30	doi:10.1016/j.antiviral.2020.104886	WHO avian NAI	Origin of virus: reverse genetics
NA	KX297920.1	117	E	V	peramivir		highly reduced inhibition	130	doi:10.1016/j.antiviral.2020.104886	WHO avian NAI	Origin of virus: reverse genetics
NA	KX297920.1	117	E	V	zanamivir		highly reduced inhibition	255	doi:10.1016/j.antiviral.2020.104886	WHO avian NAI	Origin of virus: reverse genetics
NA	KX297920.1	134	Q	K	laninamivir		highly reduced inhibition	550	doi:10.1128/jvi.01580-17,doi:10.1128/jvi.01679-20	WHO avian NAI	Origin of virus: in vitro; reverse genetics/zanamivir used
NA	KX297920.1	134	Q	K	oseltamivir		normal inhibition	1	doi:10.1128/jvi.01580-17,doi:10.1128/jvi.01679-20	WHO avian NAI	Origin of virus: in vitro; reverse genetics/zanamivir used
NA	KX297920.1	134	Q	K	peramivir		highly reduced inhibition	185	doi:10.1128/jvi.01580-17,doi:10.1128/jvi.01679-20	WHO avian NAI	Origin of virus: in vitro; reverse genetics/zanamivir used
NA	KX297920.1	134	Q	K	zanamivir		highly reduced inhibition	263	doi:10.1128/jvi.01580-17,doi:10.1128/jvi.01679-20	WHO avian NAI	Origin of virus: in vitro; reverse genetics/zanamivir used
NA	KX297920.1	145	G	V	laninamivir		reduced inhibition	22	doi:10.1128/jvi.01580-17,doi:10.1128/jvi.01679-20	WHO avian NAI	Origin of virus: in vitro; reverse genetics/zanamivir used
NA	KX297920.1	145	G	V	oseltamivir		normal inhibition	2	doi:10.1128/jvi.01580-17,doi:10.1128/jvi.01679-20	WHO avian NAI	Origin of virus: in vitro; reverse genetics/zanamivir used
NA	KX297920.1	145	G	V	peramivir		normal inhibition	5	doi:10.1128/jvi.01580-17,doi:10.1128/jvi.01679-20	WHO avian NAI	Origin of virus: in vitro; reverse genetics/zanamivir used
NA	KX297920.1	145	G	V	zanamivir		reduced inhibition	25	doi:10.1128/jvi.01580-17,doi:10.1128/jvi.01679-20	WHO avian NAI	Origin of virus: in vitro; reverse genetics/zanamivir used
NA	KX297920.1	273	H	Y	laninamivir		normal inhibition	3	doi:10.1128/jvi.01580-17,doi:10.1128/jvi.01679-20,doi:10.1016/j.antiviral.2020.104886	WHO avian NAI	Origin of virus: in vitro; reverse genetics
NA	KX297920.1	273	H	Y	oseltamivir		highly reduced inhibition	425	doi:10.1128/jvi.01580-17,doi:10.1128/jvi.01679-20,doi:10.1016/j.antiviral.2020.104886	WHO avian NAI	Origin of virus: in vitro; reverse genetics | IC50 fold-change in source: 202–425
NA	KX297920.1	273	H	Y	peramivir		highly reduced inhibition	244	doi:10.1128/jvi.01580-17,doi:10.1128/jvi.01679-20,doi:10.1016/j.antiviral.2020.104886	WHO avian NAI	Origin of virus: in vitro; reverse genetics | IC50 fold-change in source: 103–244
NA	KX297920.1	273	H	Y	zanamivir		normal inhibition	2	doi:10.1128/jvi.01580-17,doi:10.1128/jvi.01679-20,doi:10.1016/j.antiviral.2020.104886	WHO avian NAI	Origin of virus: in vitro; reverse genetics | IC50 fold-change in source: 1–2
NA	KX297920.1	291	R	K	laninamivir		highly reduced inhibition	152	doi:10.1128/jvi.01580-17,doi:10.1128/jvi.01679-20	WHO avian NAI	Origin of virus: in vitro; reverse genetics
NA	KX297920.1	291	R	K	oseltamivir		highly reduced inhibition	50636336	doi:10.1128/jvi.01580-17,doi:10.1128/jvi.01679-20	WHO avian NAI	Origin of virus: in vitro; reverse genetics
NA	KX297920.1	291	R	K	peramivir		highly reduced inhibition	8540	doi:10.1128/jvi.01580-17,doi:10.1128/jvi.01679-20	WHO avian NAI	Origin of virus: in vitro; reverse genetics
NA	KX297920.1	291	R	K	zanamivir		reduced inhibition	93	doi:10.1128/jvi.01580-17,doi:10.1128/jvi.01679-20	WHO avian NAI	Origin of virus: in vitro; reverse genetics
NA	KX297920.1	293	N	S	oseltamivir		reduced inhibition	79	doi:10.1016/j.antiviral.2020.104886,doi:10.1016/j.antiviral.2021.105079	WHO avian NAI	Origin of virus: reverse genetics, surveillance studies | IC50 fold-change in source: 62−79
NA	KX297920.1	293	N	S	peramivir		reduced inhibition	15	doi:10.1016/j.antiviral.2020.104886,doi:10.1016/j.antiviral.2021.105079	WHO avian NAI	Origin of virus: reverse genetics, surveillance studies
NA	KX297920.1	293	N	S	zanamivir		normal inhibition	3	doi:10.1016/j.antiviral.2020.104886,doi:10.1016/j.antiviral.2021.105079	WHO avian NAI	Origin of virus: reverse genetics, surveillance studies
NA	MW287218.1	274	H	Y	laninamivir		normal inhibition	5	doi:10.1128/jvi.01580-17,doi:10.1128/jvi.01679-20	WHO avian NAI	Origin of virus: in vitro; reverse genetics
NA	MW287218.1	274	H	Y	oseltamivir		highly reduced inhibition	318	doi:10.1128/jvi.01580-17,doi:10.1128/jvi.01679-20	WHO avian NAI	Origin of virus: in vitro; reverse genetics
NA	MW287218.1	274	H	Y	peramivir		highly reduced inhibition	115	doi:10.1128/jvi.01580-17,doi:10.1128/jvi.01679-20	WHO avian NAI	Origin of virus: in vitro; reverse genetics
NA	MW287218.1	274	H	Y	zanamivir		normal inhibition	2	doi:10.1128/jvi.01580-17,doi:10.1128/jvi.01679-20	WHO avian NAI	Origin of virus: in vitro; reverse genetics
NA	MW287218.1	276	E	D	laninamivir		reduced inhibition	81	doi:10.1128/jvi.01580-17,doi:10.1128/jvi.01679-20	WHO avian NAI	Origin of virus: in vitro; reverse genetics/zanamivir used
NA	MW287218.1	276	E	D	oseltamivir		reduced inhibition	11	doi:10.1128/jvi.01580-17,doi:10.1128/jvi.01679-20	WHO avian NAI	Origin of virus: in vitro; reverse genetics/zanamivir used
NA	MW287218.1	276	E	D	peramivir		reduced inhibition	18	doi:10.1128/jvi.01580-17,doi:10.1128/jvi.01679-20	WHO avian NAI	Origin of virus: in vitro; reverse genetics/zanamivir used
NA	MW287218.1	276	E	D	zanamivir		highly reduced inhibition	249	doi:10.1128/jvi.01580-17,doi:10.1128/jvi.01679-20	WHO avian NAI	Origin of virus: in vitro; reverse genetics/zanamivir used
NA	MW287218.1	292	R	K	laninamivir		highly reduced inhibition	293	doi:10.1128/jvi.01580-17,doi:10.1128/jvi.01679-20	WHO avian NAI	Origin of virus: in vitro; reverse genetics
NA	MW287218.1	292	R	K	oseltamivir		highly reduced inhibition	52862135	doi:10.1128/jvi.01580-17,doi:10.1128/jvi.01679-20	WHO avian NAI	Origin of virus: in vitro; reverse genetics
NA	MW287218.1	292	R	K	peramivir		highly reduced inhibition	30252	doi:10.1128/jvi.01580-17,doi:10.1128/jvi.01679-20	WHO avian NAI	Origin of virus: in vitro; reverse genetics
NA	MW287218.1	292	R	K	zanamivir		highly reduced inhibition	465	doi:10.1128/jvi.01580-17,doi:10.1128/jvi.01679-20	WHO avian NAI	Origin of virus: in vitro; reverse genetics
NA	MW287218.1	428	I	L	laninamivir		reduced inhibition	21	doi:10.1128/jvi.01580-17,doi:10.1128/jvi.01679-20	WHO avian NAI	Origin of virus: in vitro; reverse genetics/zanamivir used
NA	MW287218.1	428	I	L	oseltamivir		reduced inhibition	19	doi:10.1128/jvi.01580-17,doi:10.1128/jvi.01679-20	WHO avian NAI	Origin of virus: in vitro; reverse genetics/zanamivir used
NA	MW287218.1	428	I	L	peramivir		normal inhibition	9	doi:10.1128/jvi.01580-17,doi:10.1128/jvi.01679-20	WHO avian NAI	Origin of virus: in vitro; reverse genetics/zanamivir used
NA	MW287218.1	428	I	L	zanamivir		reduced inhibition	76	doi:10.1128/jvi.01580-17,doi:10.1128/jvi.01679-20	WHO avian NAI	Origin of virus: in vitro; reverse genetics/zanamivir used
NA	MW287220.1	119	E	D	laninamivir		highly reduced inhibition	370	doi:10.1128/jvi.01679-20,doi:10.1128/jvi.01514-15	WHO avian NAI	Origin of virus: in vitro; reverse genetics/zanamivir used
NA	MW287220.1	119	E	D	oseltamivir		normal inhibition	2	doi:10.1128/jvi.01679-20,doi:10.1128/jvi.01514-15	WHO avian NAI	Origin of virus: in vitro; reverse genetics/zanamivir used
NA	MW287220.1	119	E	D	peramivir		reduced inhibition	31	doi:10.1128/jvi.01679-20,doi:10.1128/jvi.01514-15	WHO avian NAI	Origin of virus: in vitro; reverse genetics/zanamivir used
NA	MW287220.1	119	E	D	zanamivir		highly reduced inhibition	249	doi:10.1128/jvi.01679-20,doi:10.1128/jvi.01514-15	WHO avian NAI	Origin of virus: in vitro; reverse genetics/zanamivir used
NA	MW287220.1	119	E	V	oseltamivir		reduced inhibition	75	doi:10.1016/j.antiviral.2020.104886	WHO avian NAI	Origin of virus: reverse genetics
NA	MW287220.1	119	E	V	peramivir		normal inhibition	4	doi:10.1016/j.antiviral.2020.104886	WHO avian NAI	Origin of virus: reverse genetics
NA	MW287220.1	119	E	V	zanamivir		normal inhibition	4	doi:10.1016/j.antiviral.2020.104886	WHO avian NAI	Origin of virus: reverse genetics
NA	MW287220.1	247	A	V	laninamivir		reduced inhibition	14	doi:10.1128/jvi.01679-20,doi:10.1128/jvi.01514-15	WHO avian NAI	Origin of virus: in vitro; reverse genetics/zanamivir used
NA	MW287220.1	247	A	V	oseltamivir		normal inhibition	3	doi:10.1128/jvi.01679-20,doi:10.1128/jvi.01514-15	WHO avian NAI	Origin of virus: in vitro; reverse genetics/zanamivir used
NA	MW287220.1	247	A	V	peramivir		normal inhibition	5	doi:10.1128/jvi.01679-20,doi:10.1128/jvi.01514-15	WHO avian NAI	Origin of virus: in vitro; reverse genetics/zanamivir used
NA	MW287220.1	247	A	V	zanamivir		reduced inhibition	17	doi:10.1128/jvi.01679-20,doi:10.1128/jvi.01514-15	WHO avian NAI	Origin of virus: in vitro; reverse genetics/zanamivir used
NA	MW287220.1	275	H	Y	oseltamivir		reduced inhibition	13	doi:10.1016/j.antiviral.2020.104886	WHO avian NAI	Origin of virus: reverse genetics
NA	MW287220.1	275	H	Y	peramivir		normal inhibition	3	doi:10.1016/j.antiviral.2020.104886	WHO avian NAI	Origin of virus: reverse genetics
NA	MW287220.1	275	H	Y	zanamivir		normal inhibition	3	doi:10.1016/j.antiviral.2020.104886	WHO avian NAI	Origin of virus: reverse genetics
NA	MW287220.1	293	R	K	laninamivir		highly reduced inhibition	126	doi:10.1128/jvi.01679-20,doi:10.1128/jvi.01514-15	WHO avian NAI	Origin of virus: in vitro; reverse genetics/oseltamivir used
NA	MW287220.1	293	R	K	oseltamivir		highly reduced inhibition	15068	doi:10.1128/jvi.01679-20,doi:10.1128/jvi.01514-15	WHO avian NAI	Origin of virus: in vitro; reverse genetics/oseltamivir used
NA	MW287220.1	293	R	K	peramivir		highly reduced inhibition	844	doi:10.1128/jvi.01679-20,doi:10.1128/jvi.01514-15	WHO avian NAI	Origin of virus: in vitro; reverse genetics/oseltamivir used
NA	MW287220.1	293	R	K	zanamivir		reduced inhibition	46	doi:10.1128/jvi.01679-20,doi:10.1128/jvi.01514-15	WHO avian NAI	Origin of virus: in vitro; reverse genetics/oseltamivir used
NA	MW287220.1	295	N	S	oseltamivir		normal inhibition	1	doi:10.1016/j.antiviral.2020.104886	WHO avian NAI	Origin of virus: reverse genetics
NA	MW287220.1	295	N	S	peramivir		normal inhibition	3	doi:10.1016/j.antiviral.2020.104886	WHO avian NAI	Origin of virus: reverse genetics
NA	MW287220.1	295	N	S	zanamivir		reduced inhibition	18	doi:10.1016/j.antiviral.2020.104886	WHO avian NAI	Origin of virus: reverse genetics
NA	MW287220.1	372	R	K	laninamivir		reduced inhibition	95	doi:10.1128/jvi.01679-20,doi:10.1128/jvi.01514-15	WHO avian NAI	Origin of virus: in vitro; reverse genetics/zanamivir used
NA	MW287220.1	372	R	K	oseltamivir		reduced inhibition	23	doi:10.1128/jvi.01679-20,doi:10.1128/jvi.01514-15	WHO avian NAI	Origin of virus: in vitro; reverse genetics/zanamivir used
NA	MW287220.1	372	R	K	peramivir		reduced inhibition	12	doi:10.1128/jvi.01679-20,doi:10.1128/jvi.01514-15	WHO avian NAI	Origin of virus: in vitro; reverse genetics/zanamivir used
NA	MW287220.1	372	R	K	zanamivir		reduced inhibition	53	doi:10.1128/jvi.01679-20,doi:10.1128/jvi.01514-15	WHO avian NAI	Origin of virus: in vitro; reverse genetics/zanamivir used
NA	MW325955.1	118	E	D	laninamivir		reduced inhibition	60	doi:10.1128/jvi.01679-20,doi:10.1128/jvi.01514-15	WHO avian NAI	Origin of virus: in vitro; reverse genetics/zanamivir used
NA	MW325955.1	118	E	D	oseltamivir		normal inhibition	3	doi:10.1128/jvi.01679-20,doi:10.1128/jvi.01514-15	WHO avian NAI	Origin of virus: in vitro; reverse genetics/zanamivir used
NA	MW325955.1	118	E	D	peramivir		normal inhibition	1	doi:10.1128/jvi.01679-20,doi:10.1128/jvi.01514-15	WHO avian NAI	Origin of virus: in vitro; reverse genetics/zanamivir used
NA	MW325955.1	118	E	D	zanamivir		highly reduced inhibition	101	doi:10.1128/jvi.01679-20,doi:10.1128/jvi.01514-15	WHO avian NAI	Origin of virus: in vitro; reverse genetics/zanamivir used
NA	MW325955.1	118	E	G	laninamivir		reduced inhibition	42	doi:10.1128/jvi.01679-20,doi:10.1128/jvi.01514-15	WHO avian NAI	Origin of virus: in vitro; reverse genetics/zanamivir used
NA	MW325955.1	118	E	G	oseltamivir		normal inhibition	1	doi:10.1128/jvi.01679-20,doi:10.1128/jvi.01514-15	WHO avian NAI	Origin of virus: in vitro; reverse genetics/zanamivir used
NA	MW325955.1	118	E	G	peramivir		normal inhibition	1	doi:10.1128/jvi.01679-20,doi:10.1128/jvi.01514-15	WHO avian NAI	Origin of virus: in vitro; reverse genetics/zanamivir used
NA	MW325955.1	118	E	G	zanamivir		reduced inhibition	67	doi:10.1128/jvi.01679-20,doi:10.1128/jvi.01514-15	WHO avian NAI	Origin of virus: in vitro; reverse genetics/zanamivir used
NA	MW325955.1	118	E	V	laninamivir		normal inhibition	0.5	doi:10.1128/jvi.01679-20,doi:10.1128/jvi.01514-15	WHO avian NAI	Origin of virus: in vitro; reverse genetics/oseltamivir used
NA	MW325955.1	118	E	V	oseltamivir		reduced inhibition	55	doi:10.1128/jvi.01679-20,doi:10.1128/jvi.01514-15	WHO avian NAI	Origin of virus: in vitro; reverse genetics/oseltamivir used
NA	MW325955.1	118	E	V	peramivir		normal inhibition	2	doi:10.1128/jvi.01679-20,doi:10.1128/jvi.01514-15	WHO avian NAI	Origin of virus: in vitro; reverse genetics/oseltamivir used
NA	MW325955.1	118	E	V	zanamivir		normal inhibition	1	doi:10.1128/jvi.01679-20,doi:10.1128/jvi.01514-15	WHO avian NAI	Origin of virus: in vitro; reverse genetics/oseltamivir used
NA	MW325955.1	151	R	W	laninamivir		normal inhibition	4	doi:10.1128/jvi.01679-20,doi:10.1128/jvi.01514-15	WHO avian NAI	Origin of virus: in vitro; reverse genetics/oseltamivir used
NA	MW325955.1	151	R	W	oseltamivir		reduced inhibition	14	doi:10.1128/jvi.01679-20,doi:10.1128/jvi.01514-15	WHO avian NAI	Origin of virus: in vitro; reverse genetics/oseltamivir used
NA	MW325955.1	151	R	W	peramivir		normal inhibition	1	doi:10.1128/jvi.01679-20,doi:10.1128/jvi.01514-15	WHO avian NAI	Origin of virus: in vitro; reverse genetics/oseltamivir used
NA	MW325955.1	151	R	W	zanamivir		reduced inhibition	11	doi:10.1128/jvi.01679-20,doi:10.1128/jvi.01514-15	WHO avian NAI	Origin of virus: in vitro; reverse genetics/oseltamivir used
NA	MW325955.1	274	H	Y	laninamivir		normal inhibition	1	doi:10.1128/jvi.01679-20,doi:10.1128/jvi.01514-15	WHO avian NAI	Origin of virus: in vitro; reverse genetics
NA	MW325955.1	274	H	Y	oseltamivir		reduced inhibition	17	doi:10.1128/jvi.01679-20,doi:10.1128/jvi.01514-15	WHO avian NAI	Origin of virus: in vitro; reverse genetics
NA	MW325955.1	274	H	Y	peramivir		normal inhibition	2	doi:10.1128/jvi.01679-20,doi:10.1128/jvi.01514-15	WHO avian NAI	Origin of virus: in vitro; reverse genetics
NA	MW325955.1	274	H	Y	zanamivir		normal inhibition	2	doi:10.1128/jvi.01679-20,doi:10.1128/jvi.01514-15	WHO avian NAI	Origin of virus: in vitro; reverse genetics
NA	MW325955.1	275	I	T		M00026			doi:10.1128/jvi.01679-20,doi:10.1128/jvi.01514-15	WHO avian NAI	
NA	MW325955.1	276	E	D	laninamivir		normal inhibition	3	doi:10.1128/jvi.01679-20,doi:10.1128/jvi.01514-15	WHO avian NAI	Origin of virus: in vitro; reverse genetics/zanamivir used
NA	MW325955.1	276	E	D	oseltamivir		normal inhibition	7	doi:10.1128/jvi.01679-20,doi:10.1128/jvi.01514-15	WHO avian NAI	Origin of virus: in vitro; reverse genetics/zanamivir used
NA	MW325955.1	276	E	D	peramivir		normal inhibition	5	doi:10.1128/jvi.01679-20,doi:10.1128/jvi.01514-15	WHO avian NAI	Origin of virus: in vitro; reverse genetics/zanamivir used
NA	MW325955.1	276	E	D	zanamivir	M00027	reduced inhibition	26	doi:10.1128/jvi.01679-20,doi:10.1128/jvi.01514-15	WHO avian NAI	Origin of virus: in vitro; reverse genetics/zanamivir used
NA	MW325955.1	292	R	K	laninamivir		reduced inhibition	11	doi:10.1128/jvi.01679-20,doi:10.1128/jvi.01514-15	WHO avian NAI	Origin of virus: in vitro; reverse genetics/oseltamivir used
NA	MW325955.1	292	R	K	oseltamivir		highly reduced inhibition	44326	doi:10.1128/jvi.01679-20,doi:10.1128/jvi.01514-15	WHO avian NAI	Origin of virus: in vitro; reverse genetics/oseltamivir used
NA	MW325955.1	292	R	K	peramivir		highly reduced inhibition	415	doi:10.1128/jvi.01679-20,doi:10.1128/jvi.01514-15	WHO avian NAI	Origin of virus: in vitro; reverse genetics/oseltamivir used
NA	MW325955.1	292	R	K	zanamivir		reduced inhibition	21	doi:10.1128/jvi.01679-20,doi:10.1128/jvi.01514-15	WHO avian NAI	Origin of virus: in vitro; reverse genetics/oseltamivir used
NA	MW325955.1	293	D	N	laninamivir		reduced inhibition	31	doi:10.1128/jvi.01679-20,doi:10.1128/jvi.01514-15	WHO avian NAI	Origin of virus: in vitro; reverse genetics/zanamivir used
NA	MW325955.1	293	D	N	oseltamivir		reduced inhibition	14	doi:10.1128/jvi.01679-20,doi:10.1128/jvi.01514-15	WHO avian NAI	Origin of virus: in vitro; reverse genetics/zanamivir used
NA	MW325955.1	293	D	N	peramivir		normal inhibition	5	doi:10.1128/jvi.01679-20,doi:10.1128/jvi.01514-15	WHO avian NAI	Origin of virus: in vitro; reverse genetics/zanamivir used
NA	MW325955.1	293	D	N	zanamivir		reduced inhibition	57	doi:10.1128/jvi.01679-20,doi:10.1128/jvi.01514-15	WHO avian NAI	Origin of virus: in vitro; reverse genetics/zanamivir used
NA	NC_007368	119	E	A	oseltamivir		normal inhibition	9	doi:10.1128/jvi.71.5.3385-3390.1997,doi:10.1128/aac.49.11.4515-4520.2005	WHO avian NAI	Origin of virus: in vitro/zanamivir used
NA	NC_007368	119	E	A	peramivir		normal inhibition	1	doi:10.1128/jvi.71.5.3385-3390.1997,doi:10.1128/aac.49.11.4515-4520.2005	WHO avian NAI	Origin of virus: in vitro/zanamivir used
NA	NC_007368	119	E	A	zanamivir		highly reduced inhibition	600	doi:10.1128/jvi.71.5.3385-3390.1997,doi:10.1128/aac.49.11.4515-4520.2005	WHO avian NAI	Origin of virus: in vitro/zanamivir used | IC50 fold-change in source: 100–600
NA	NC_007368	119	E	D	oseltamivir		normal inhibition	5	doi:10.1093/jac/dkl321,doi:10.1128/jvi.71.5.3385-3390.1997,doi:10.1128/aac.49.11.4515-4520.2005,doi:10.1016/j.virusres.2019.03.019	WHO human NAI,WHO avian NAI	Origin of virus (WHO human NAI / A(H3N2)): reverse genetics | Origin of virus (WHO avian NAI / N2): in ovo; in vitro/zanamivir used | IC50 fold-change in source: 4–5 | Fold-change values in source: 2
NA	NC_007368	119	E	D	peramivir		reduced inhibition	33	doi:10.1093/jac/dkl321,doi:10.1128/jvi.71.5.3385-3390.1997,doi:10.1128/aac.49.11.4515-4520.2005,doi:10.1016/j.virusres.2019.03.019	WHO human NAI,WHO avian NAI	Origin of virus (WHO human NAI / A(H3N2)): reverse genetics | Origin of virus (WHO avian NAI / N2): in ovo; in vitro/zanamivir used | Phenotypes in source: normal inhibition (WHO human NAI / A(H3N2)), reduced inhibition (WHO avian NAI / N2) (most severe used: reduced inhibition) | Fold-change values in source (WHO human NAI / A(H3N2)): 2 | Fold-change values in source (WHO avian NAI / N2): 33
NA	NC_007368	119	E	D	zanamivir		highly reduced inhibition	500	doi:10.1093/jac/dkl321,doi:10.1128/jvi.71.5.3385-3390.1997,doi:10.1128/aac.49.11.4515-4520.2005,doi:10.1016/j.virusres.2019.03.019	WHO human NAI,WHO avian NAI	Origin of virus (WHO human NAI / A(H3N2)): reverse genetics | Origin of virus (WHO avian NAI / N2): in ovo; in vitro/zanamivir used | IC50 fold-change in source: 323–500 | Phenotypes in source: highly reduced inhibition (WHO avian NAI / N2), reduced inhibition (WHO human NAI / A(H3N2)) (most severe used: highly reduced inhibition) | Fold-change values in source: 32
NA	NC_007368	119	E	G	oseltamivir		reduced inhibition	87	doi:10.1128/jvi.71.5.3385-3390.1997,doi:10.1128/aac.49.11.4515-4520.2005,doi:10.1099/jgv.0.001369	WHO avian NAI	Origin of virus: in vivo; in vitro/zanamivir used | IC50 fold-change in source: 2–87
NA	NC_007368	119	E	G	peramivir		normal inhibition	2	doi:10.1128/jvi.71.5.3385-3390.1997,doi:10.1128/aac.49.11.4515-4520.2005,doi:10.1099/jgv.0.001369	WHO avian NAI	Origin of virus: in vivo; in vitro/zanamivir used
NA	NC_007368	119	E	G	zanamivir		highly reduced inhibition	700	doi:10.1128/jvi.71.5.3385-3390.1997,doi:10.1128/aac.49.11.4515-4520.2005,doi:10.1099/jgv.0.001369	WHO avian NAI	Origin of virus: in vivo; in vitro/zanamivir used | IC50 fold-change in source: 71–700
NA	NC_007368	119	E	I	oseltamivir		highly reduced inhibition	208	doi:10.1128/aac.01608-09	WHO human NAI	Origin of virus: clinical detection/oseltamivir used; in vitro
NA	NC_007368	119	E	I	peramivir		normal inhibition	3	doi:10.1128/aac.01608-09	WHO human NAI	Origin of virus: clinical detection/oseltamivir used; in vitro
NA	NC_007368	119	E	I	zanamivir		reduced inhibition	17	doi:10.1128/aac.01608-09	WHO human NAI	Origin of virus: clinical detection/oseltamivir used; in vitro
NA	NC_007368	119	E	V	laninamivir		normal inhibition	4	doi:10.1016/j.antiviral.2025.106217,doi:10.1177/135965350601100804,doi:10.1128/aac.49.11.4515-4520.2005,doi:10.1093/jac/dkl321,doi:10.1128/aac.01608-09,doi:10.1093/cid/ciq183,doi:10.1086/500465,doi:10.1128/jcm.01732-10,doi:10.1128/aac.01364-13,doi:10.1128/aac.03667-14,doi:10.1111/irv.12108	WHO human NAI	Origin of virus: surveillance studies; clinical detection/oseltamivir used, clinical detection/oseltamivir used+zanamivir used; in vitro; reverse genetics | IC50 fold-change in source: 1–4
NA	NC_007368	119	E	V	oseltamivir		highly reduced inhibition	2057	doi:10.1016/j.antiviral.2025.106217,doi:10.1177/135965350601100804,doi:10.1128/aac.49.11.4515-4520.2005,doi:10.1093/jac/dkl321,doi:10.1128/aac.01608-09,doi:10.1093/cid/ciq183,doi:10.1086/500465,doi:10.1128/jcm.01732-10,doi:10.1128/aac.01364-13,doi:10.1128/aac.03667-14,doi:10.1111/irv.12108,doi:10.1016/j.antiviral.2020.104886	WHO human NAI,WHO avian NAI	Origin of virus (WHO human NAI / A(H3N2)): surveillance studies; clinical detection/oseltamivir used, clinical detection/oseltamivir used+zanamivir used; in vitro; reverse genetics | Origin of virus (WHO avian NAI / N2): reverse genetics | IC50 fold-change in source: 18–2057 | Phenotypes in source: highly reduced inhibition (WHO human NAI / A(H3N2)), reduced inhibition (WHO avian NAI / N2) (most severe used: highly reduced inhibition) | Fold-change values in source: 48
NA	NC_007368	119	E	V	peramivir		normal inhibition	3	doi:10.1016/j.antiviral.2025.106217,doi:10.1177/135965350601100804,doi:10.1128/aac.49.11.4515-4520.2005,doi:10.1093/jac/dkl321,doi:10.1128/aac.01608-09,doi:10.1093/cid/ciq183,doi:10.1086/500465,doi:10.1128/jcm.01732-10,doi:10.1128/aac.01364-13,doi:10.1128/aac.03667-14,doi:10.1111/irv.12108,doi:10.1016/j.antiviral.2020.104886	WHO human NAI,WHO avian NAI	Origin of virus (WHO human NAI / A(H3N2)): surveillance studies; clinical detection/oseltamivir used, clinical detection/oseltamivir used+zanamivir used; in vitro; reverse genetics | Origin of virus (WHO avian NAI / N2): reverse genetics | IC50 fold-change in source: 1–3 | Fold-change values in source: 1
NA	NC_007368	119	E	V	zanamivir	M00028	normal inhibition	7	doi:10.1016/j.antiviral.2025.106217,doi:10.1177/135965350601100804,doi:10.1128/aac.49.11.4515-4520.2005,doi:10.1093/jac/dkl321,doi:10.1128/aac.01608-09,doi:10.1093/cid/ciq183,doi:10.1086/500465,doi:10.1128/jcm.01732-10,doi:10.1128/aac.01364-13,doi:10.1128/aac.03667-14,doi:10.1111/irv.12108,doi:10.1016/j.antiviral.2020.104886	WHO human NAI,WHO avian NAI	Origin of virus (WHO human NAI / A(H3N2)): surveillance studies; clinical detection/oseltamivir used, clinical detection/oseltamivir used+zanamivir used; in vitro; reverse genetics | Origin of virus (WHO avian NAI / N2): reverse genetics | IC50 fold-change in source: 1–7 | Fold-change values in source: 3
NA	NC_007368	136	Q	K	laninamivir		normal inhibition	2	doi:10.1016/j.antiviral.2016.06.001,doi:10.1111/irv.12215,doi:10.1128/aac.03667-14,doi:10.3201/eid1603.091321	WHO human NAI	Origin of virus: surveillance studies; clinical detection, clinical detection/oseltamivir used+zanamivir used
NA	NC_007368	136	Q	K	oseltamivir		normal inhibition	7	doi:10.1016/j.antiviral.2016.06.001,doi:10.1111/irv.12215,doi:10.1128/aac.03667-14,doi:10.3201/eid1603.091321	WHO human NAI	Origin of virus: surveillance studies; clinical detection, clinical detection/oseltamivir used+zanamivir used | IC50 fold-change in source: 1–7
NA	NC_007368	136	Q	K	peramivir		normal inhibition	9	doi:10.1016/j.antiviral.2016.06.001,doi:10.1111/irv.12215,doi:10.1128/aac.03667-14,doi:10.3201/eid1603.091321	WHO human NAI	Origin of virus: surveillance studies; clinical detection, clinical detection/oseltamivir used+zanamivir used | IC50 fold-change in source: 3–9
NA	NC_007368	136	Q	K	zanamivir	M00032	highly reduced inhibition	132	doi:10.1016/j.antiviral.2016.06.001,doi:10.1111/irv.12215,doi:10.1128/aac.03667-14,doi:10.3201/eid1603.091321	WHO human NAI	Origin of virus: surveillance studies; clinical detection, clinical detection/oseltamivir used+zanamivir used | IC50 fold-change in source: 11–132
NA	NC_007368	142	N	S	laninamivir		reduced inhibition	53	doi:10.1016/j.antiviral.2016.06.001	WHO human NAI	Origin of virus: clinical detection/surveillance studies
NA	NC_007368	142	N	S	oseltamivir		highly reduced inhibition	595	doi:10.1016/j.antiviral.2016.06.001	WHO human NAI	Origin of virus: clinical detection/surveillance studies
NA	NC_007368	142	N	S	peramivir		reduced inhibition	40	doi:10.1016/j.antiviral.2016.06.001	WHO human NAI	Origin of virus: clinical detection/surveillance studies
NA	NC_007368	142	N	S	zanamivir		highly reduced inhibition	244	doi:10.1016/j.antiviral.2016.06.001	WHO human NAI	Origin of virus: clinical detection/surveillance studies
NA	NC_007368	148	T	I		M00029			doi:10.1128/aac.01364-13	WHO human NAI	
NA	NC_007368	151	D	A	laninamivir		normal inhibition	7	doi:10.1016/j.antiviral.2016.06.001,doi:10.1128/aac.00555-08	WHO human NAI	Origin of virus: surveillance studies
NA	NC_007368	151	D	A	oseltamivir		normal inhibition	3	doi:10.1016/j.antiviral.2016.06.001,doi:10.1128/aac.00555-08	WHO human NAI	Origin of virus: surveillance studies | IC50 fold-change in source: 2–3
NA	NC_007368	151	D	A	peramivir		reduced inhibition	10	doi:10.1016/j.antiviral.2016.06.001,doi:10.1128/aac.00555-08	WHO human NAI	Origin of virus: surveillance studies
NA	NC_007368	151	D	A	zanamivir		reduced inhibition	43	doi:10.1016/j.antiviral.2016.06.001,doi:10.1128/aac.00555-08	WHO human NAI	Origin of virus: surveillance studies | IC50 fold-change in source: 29–43
NA	NC_007368	151	D	E	oseltamivir		reduced inhibition	11	doi:10.1128/jvi.00477-06	WHO human NAI	Origin of virus: reverse genetics
NA	NC_007368	151	D	E	zanamivir		normal inhibition	2	doi:10.1128/jvi.00477-06	WHO human NAI	Origin of virus: reverse genetics
NA	NC_007368	151	D	G	oseltamivir		normal inhibition	1	doi:10.1016/j.antiviral.2013.11.001	WHO human NAI	Origin of virus: reverse genetics
NA	NC_007368	151	D	G	zanamivir		highly reduced inhibition	1500	doi:10.1016/j.antiviral.2013.11.001	WHO human NAI	Origin of virus: reverse genetics | IC50 fold-change in source: >1500
NA	NC_007368	222	I	L	oseltamivir		normal inhibition	9	doi:10.1128/aac.01699-10	WHO human NAI	Origin of virus: reverse genetics
NA	NC_007368	222	I	L	zanamivir	M00030	normal inhibition	2	doi:10.1128/aac.01699-10	WHO human NAI	Origin of virus: reverse genetics
NA	NC_007368	222	I	T		M00033			doi:10.1016/j.antiviral.2016.06.001	WHO human NAI	
NA	NC_007368	222	I	V		M00031			doi:10.1128/jcm.01732-10,doi:10.1086/508777	WHO human NAI	
NA	NC_007368	224	R	K	oseltamivir		highly reduced inhibition	4000	doi:10.1128/jvi.00477-06	WHO human NAI	Origin of virus: reverse genetics | IC50 fold-change in source: >4000
NA	NC_007368	224	R	K	zanamivir		reduced inhibition	50	doi:10.1128/jvi.00477-06	WHO human NAI	Origin of virus: reverse genetics | IC50 fold-change in source: >50
NA	NC_007368	244	GSASG	G	laninamivir		normal inhibition	1	doi:10.1128/aac.03667-14,doi:10.1086/595736,doi:10.1128/aac.04939-14	WHO human NAI	Origin of virus: clinical detection/oseltamivir used
NA	NC_007368	244	GSASG	G	oseltamivir		highly reduced inhibition	222	doi:10.1128/aac.03667-14,doi:10.1086/595736,doi:10.1128/aac.04939-14	WHO human NAI	Origin of virus: clinical detection/oseltamivir used | IC50 fold-change in source: 157–222
NA	NC_007368	244	GSASG	G	peramivir		normal inhibition	1	doi:10.1128/aac.03667-14,doi:10.1086/595736,doi:10.1128/aac.04939-14	WHO human NAI	Origin of virus: clinical detection/oseltamivir used
NA	NC_007368	244	GSASG	G	zanamivir		reduced inhibition	21	doi:10.1128/aac.03667-14,doi:10.1086/595736,doi:10.1128/aac.04939-14	WHO human NAI	Origin of virus: clinical detection/oseltamivir used | IC50 fold-change in source: 3–21
NA	NC_007368	245	S	N	laninamivir		normal inhibition	1	doi:10.1128/aac.02556-13	WHO human NAI	Origin of virus: surveillance studies; reverse genetics
NA	NC_007368	245	S	N	oseltamivir		normal inhibition	1	doi:10.1128/aac.02556-13	WHO human NAI	Origin of virus: surveillance studies; reverse genetics
NA	NC_007368	245	S	N	peramivir		normal inhibition	1	doi:10.1128/aac.02556-13	WHO human NAI	Origin of virus: surveillance studies; reverse genetics
NA	NC_007368	245	S	N	zanamivir	M00035	normal inhibition	1	doi:10.1128/aac.02556-13	WHO human NAI	Origin of virus: surveillance studies; reverse genetics
NA	NC_007368	246	ASGKA	A	laninamivir		normal inhibition	1	doi:10.1128/aac.04939-14	WHO human NAI	Origin of virus: surveillance studies/recombinant NA
NA	NC_007368	246	ASGKA	A	oseltamivir		highly reduced inhibition	235	doi:10.1128/aac.04939-14	WHO human NAI	Origin of virus: surveillance studies/recombinant NA
NA	NC_007368	246	ASGKA	A	peramivir		normal inhibition	5	doi:10.1128/aac.04939-14	WHO human NAI	Origin of virus: surveillance studies/recombinant NA
NA	NC_007368	246	ASGKA	A	zanamivir		reduced inhibition	17	doi:10.1128/aac.04939-14	WHO human NAI	Origin of virus: surveillance studies/recombinant NA
NA	NC_007368	246	A	V	oseltamivir		normal inhibition	1.9	doi:10.1016/j.antiviral.2025.106217	WHO human NAI	Origin of virus: clinical detection/surveillance studies
NA	NC_007368	246	A	V	zanamivir		reduced inhibition	10.2	doi:10.1016/j.antiviral.2025.106217	WHO human NAI	Origin of virus: clinical detection/surveillance studies
NA	NC_007368	247	S	P	laninamivir		normal inhibition	9	doi:10.1128/aac.02556-13,doi:10.3201/eid3011.240892	WHO human NAI	Origin of virus: surveillance studies; reverse genetics
NA	NC_007368	247	S	P	oseltamivir		reduced inhibition	46	doi:10.1128/aac.02556-13,doi:10.3201/eid3011.240892	WHO human NAI	Origin of virus: surveillance studies; reverse genetics | IC50 fold-change in source: 42-46
NA	NC_007368	247	S	P	peramivir		normal inhibition	2	doi:10.1128/aac.02556-13,doi:10.3201/eid3011.240892	WHO human NAI	Origin of virus: surveillance studies; reverse genetics
NA	NC_007368	247	S	P	zanamivir	M00036	highly reduced inhibition	266	doi:10.1128/aac.02556-13,doi:10.3201/eid3011.240892	WHO human NAI	Origin of virus: surveillance studies; reverse genetics | IC50 fold-change in source: 94-266
NA	NC_007368	249	K	E	laninamivir		normal inhibition	3	doi:10.1016/j.antiviral.2017.08.004,doi:10.1016/j.antiviral.2025.106217	WHO human NAI	Origin of virus: surveillance studies | IC50 fold-change in source: 1–3
NA	NC_007368	249	K	E	oseltamivir		reduced inhibition	15	doi:10.1016/j.antiviral.2017.08.004,doi:10.1016/j.antiviral.2025.106217	WHO human NAI	Origin of virus: surveillance studies | IC50 fold-change in source: 10–15
NA	NC_007368	249	K	E	peramivir		normal inhibition	3	doi:10.1016/j.antiviral.2017.08.004,doi:10.1016/j.antiviral.2025.106217	WHO human NAI	Origin of virus: surveillance studies | IC50 fold-change in source: 1–3
NA	NC_007368	249	K	E	zanamivir	M00038	normal inhibition	6	doi:10.1016/j.antiviral.2017.08.004,doi:10.1016/j.antiviral.2025.106217	WHO human NAI	Origin of virus: surveillance studies | IC50 fold-change in source: 4–6
NA	NC_007368	274	H	Y	oseltamivir		normal inhibition	1	doi:10.1016/j.antiviral.2020.104886	WHO avian NAI	Origin of virus: reverse genetics
NA	NC_007368	274	H	Y	peramivir		normal inhibition	2	doi:10.1016/j.antiviral.2020.104886	WHO avian NAI	Origin of virus: reverse genetics
NA	NC_007368	274	H	Y	zanamivir		normal inhibition	5	doi:10.1016/j.antiviral.2020.104886	WHO avian NAI	Origin of virus: reverse genetics
NA	NC_007368	276	E	D	oseltamivir		reduced inhibition	15	doi:10.1128/jvi.00477-06	WHO human NAI	Origin of virus: reverse genetics
NA	NC_007368	276	E	D	zanamivir		highly reduced inhibition	160	doi:10.1128/jvi.00477-06	WHO human NAI	Origin of virus: reverse genetics
NA	NC_007368	292	R	K	laninamivir		normal inhibition	3	doi:10.1016/j.antiviral.2014.07.001,doi:10.1016/j.antiviral.2016.06.001,doi:10.1177/135965350601100804,doi:10.1128/aac.00555-08,doi:10.1093/jac/dkl321,doi:10.1093/cid/ciq183,doi:10.1128/aac.03667-14,doi:10.1128/jvi.00477-06,doi:10.1016/s0166-3542(01)00215-7,doi:10.1128/aac.49.10.4075-4084.2005,doi:10.1016/s0140-6736(04)16934-1	WHO human NAI	Origin of virus: clinical detection/oseltamivir used, clinical detection/oseltamivir used+zanamivir used, clinical detection/oseltamivir used+peramivir used; in vitro/zanamivir used; reverse genetics; clinical detection/surveillance studies | IC50 fold-change in source: 2–3
NA	NC_007368	292	R	K	oseltamivir		highly reduced inhibition	10000	doi:10.1016/j.antiviral.2014.07.001,doi:10.1016/j.antiviral.2016.06.001,doi:10.1177/135965350601100804,doi:10.1128/aac.00555-08,doi:10.1093/jac/dkl321,doi:10.1093/cid/ciq183,doi:10.1128/aac.03667-14,doi:10.1128/jvi.00477-06,doi:10.1016/s0166-3542(01)00215-7,doi:10.1128/aac.49.10.4075-4084.2005,doi:10.1016/s0140-6736(04)16934-1	WHO human NAI,WHO avian NAI	Origin of virus (WHO human NAI / A(H3N2)): clinical detection/oseltamivir used, clinical detection/oseltamivir used+zanamivir used, clinical detection/oseltamivir used+peramivir used; in vitro/zanamivir used; reverse genetics; clinical detection/surveillance studies | Origin of virus (WHO avian NAI / N2): in vivo, in ovo; in vitro/zanamivir used; reverse genetics | IC50 fold-change in source (WHO human NAI / A(H3N2)): >10000 | IC50 fold-change in source (WHO avian NAI / N2): 1268–>2900
NA	NC_007368	292	R	K	peramivir		highly reduced inhibition	719	doi:10.1016/j.antiviral.2014.07.001,doi:10.1016/j.antiviral.2016.06.001,doi:10.1177/135965350601100804,doi:10.1128/aac.00555-08,doi:10.1093/jac/dkl321,doi:10.1093/cid/ciq183,doi:10.1128/aac.03667-14,doi:10.1128/jvi.00477-06,doi:10.1016/s0166-3542(01)00215-7,doi:10.1128/aac.49.10.4075-4084.2005,doi:10.1016/s0140-6736(04)16934-1	WHO human NAI,WHO avian NAI	Origin of virus (WHO human NAI / A(H3N2)): clinical detection/oseltamivir used, clinical detection/oseltamivir used+zanamivir used, clinical detection/oseltamivir used+peramivir used; in vitro/zanamivir used; reverse genetics; clinical detection/surveillance studies | Origin of virus (WHO avian NAI / N2): in vivo, in ovo; in vitro/zanamivir used; reverse genetics | IC50 fold-change in source (WHO human NAI / A(H3N2)): 14–719 | IC50 fold-change in source (WHO avian NAI / N2): 43–100 | Phenotypes in source: highly reduced inhibition (WHO human NAI / A(H3N2)), reduced inhibition (WHO avian NAI / N2) (most severe used: highly reduced inhibition)
NA	NC_007368	292	R	K	zanamivir		highly reduced inhibition	134	doi:10.1016/j.antiviral.2014.07.001,doi:10.1016/j.antiviral.2016.06.001,doi:10.1177/135965350601100804,doi:10.1128/aac.00555-08,doi:10.1093/jac/dkl321,doi:10.1093/cid/ciq183,doi:10.1128/aac.03667-14,doi:10.1128/jvi.00477-06,doi:10.1016/s0166-3542(01)00215-7,doi:10.1128/aac.49.10.4075-4084.2005,doi:10.1016/s0140-6736(04)16934-1	WHO human NAI,WHO avian NAI	Origin of virus (WHO human NAI / A(H3N2)): clinical detection/oseltamivir used, clinical detection/oseltamivir used+zanamivir used, clinical detection/oseltamivir used+peramivir used; in vitro/zanamivir used; reverse genetics; clinical detection/surveillance studies | Origin of virus (WHO avian NAI / N2): in vivo, in ovo; in vitro/zanamivir used; reverse genetics | IC50 fold-change in source (WHO human NAI / A(H3N2)): 3–134 | IC50 fold-change in source (WHO avian NAI / N2): 4–26 | Phenotypes in source: highly reduced inhibition (WHO human NAI / A(H3N2)), reduced inhibition (WHO avian NAI / N2) (most severe used: highly reduced inhibition)
NA	NC_007368	294	N	S	oseltamivir		highly reduced inhibition	1879	doi:10.1177/135965350601100804,doi:10.1016/s0140-6736(04)16934-1,doi:10.1016/j.antiviral.2020.104886	WHO human NAI,WHO avian NAI	Origin of virus (WHO human NAI / A(H3N2)): clinical detection/oseltamivir used; reverse genetics | Origin of virus (WHO avian NAI / N2): reverse genetics | IC50 fold-change in source: 300–1879 | Phenotypes in source: highly reduced inhibition (WHO human NAI / A(H3N2)), normal inhibition (WHO avian NAI / N2) (most severe used: highly reduced inhibition) | Fold-change values in source: 3
NA	NC_007368	294	N	S	peramivir		normal inhibition	1	doi:10.1177/135965350601100804,doi:10.1016/s0140-6736(04)16934-1,doi:10.1016/j.antiviral.2020.104886	WHO human NAI,WHO avian NAI	Origin of virus (WHO human NAI / A(H3N2)): clinical detection/oseltamivir used; reverse genetics | Origin of virus (WHO avian NAI / N2): reverse genetics
NA	NC_007368	294	N	S	zanamivir		reduced inhibition	14	doi:10.1177/135965350601100804,doi:10.1016/s0140-6736(04)16934-1,doi:10.1016/j.antiviral.2020.104886	WHO human NAI,WHO avian NAI	Origin of virus (WHO human NAI / A(H3N2)): clinical detection/oseltamivir used; reverse genetics | Origin of virus (WHO avian NAI / N2): reverse genetics | Phenotypes in source: normal inhibition (WHO human NAI / A(H3N2)), reduced inhibition (WHO avian NAI / N2) (most severe used: reduced inhibition) | Fold-change values in source (WHO human NAI / A(H3N2)): 8 | Fold-change values in source (WHO avian NAI / N2): 14
NA	NC_007368	329	N	K	oseltamivir		reduced inhibition	21	doi:10.1016/j.antiviral.2015.02.003,doi:10.2807/esw.02.41.01147-en,doi:10.1099/jgv.0.001648	WHO human NAI	Origin of virus: surveillance studies | IC50 fold-change in source: 5–21
NA	NC_007368	329	N	K	zanamivir		reduced inhibition	12	doi:10.1016/j.antiviral.2015.02.003,doi:10.2807/esw.02.41.01147-en,doi:10.1099/jgv.0.001648	WHO human NAI	Origin of virus: surveillance studies | IC50 fold-change in source: 3–12
NA	NC_007368	329	N	R	oseltamivir		reduced inhibition	13	doi:10.1099/jgv.0.001648	WHO human NAI	Origin of virus: surveillance studies
NA	NC_007368	329	N	R	zanamivir		normal inhibition	8	doi:10.1099/jgv.0.001648	WHO human NAI	Origin of virus: surveillance studies
NA	NC_007368	331	S	R	oseltamivir		reduced inhibition	77	doi:10.1016/j.antiviral.2015.02.003,doi:10.2807/esw.02.41.01147-en,doi:10.1099/jgv.0.001648	WHO human NAI	Origin of virus: surveillance studies | IC50 fold-change in source: 5–77
NA	NC_007368	331	S	R	zanamivir	M00034	reduced inhibition	30	doi:10.1016/j.antiviral.2015.02.003,doi:10.2807/esw.02.41.01147-en,doi:10.1099/jgv.0.001648	WHO human NAI	Origin of virus: surveillance studies | IC50 fold-change in source: 3–30
NA	NC_007368	334	S	R	oseltamivir		normal inhibition	2	doi:10.1099/jgv.0.001648	WHO human NAI	Origin of virus: surveillance studies | IC50 fold-change in source: <2
NA	NC_007368	334	S	R	zanamivir		normal inhibition	2	doi:10.1099/jgv.0.001648	WHO human NAI	Origin of virus: surveillance studies | IC50 fold-change in source: <2
NA	NC_007368	371	R	K	oseltamivir		reduced inhibition	45	doi:10.1128/jvi.00477-06	WHO human NAI	Origin of virus: reverse genetics
NA	NC_007368	371	R	K	zanamivir		reduced inhibition	15	doi:10.1128/jvi.00477-06	WHO human NAI	Origin of virus: reverse genetics
NA	NC_007368	391	Q	K		M00037			doi:10.1016/j.antiviral.2017.08.004	WHO human NAI	
NA	NC_026429	115	E	A	laninamivir		reduced inhibition	62	doi:10.1093/infdis/jiw625	WHO human NAI,WHO avian NAI	Origin of virus: in vitro; recombinant NA
NA	NC_026429	115	E	A	oseltamivir		reduced inhibition	19	doi:10.1093/infdis/jiw625	WHO human NAI,WHO avian NAI	Origin of virus: in vitro; recombinant NA
NA	NC_026429	115	E	A	peramivir		reduced inhibition	20	doi:10.1093/infdis/jiw625	WHO human NAI,WHO avian NAI	Origin of virus: in vitro; recombinant NA
NA	NC_026429	115	E	A	zanamivir		highly reduced inhibition	228	doi:10.1093/infdis/jiw625	WHO human NAI,WHO avian NAI	Origin of virus: in vitro; recombinant NA
NA	NC_026429	115	E	D	laninamivir		highly reduced inhibition	383	doi:10.1093/infdis/jiw625	WHO human NAI,WHO avian NAI	Origin of virus: in vitro; recombinant NA
NA	NC_026429	115	E	D	oseltamivir		reduced inhibition	14	doi:10.1093/infdis/jiw625	WHO human NAI,WHO avian NAI	Origin of virus: in vitro; recombinant NA
NA	NC_026429	115	E	D	peramivir		highly reduced inhibition	411	doi:10.1093/infdis/jiw625	WHO human NAI,WHO avian NAI	Origin of virus: in vitro; recombinant NA
NA	NC_026429	115	E	D	zanamivir		highly reduced inhibition	1436	doi:10.1093/infdis/jiw625	WHO human NAI,WHO avian NAI	Origin of virus: in vitro; recombinant NA
NA	NC_026429	115	E	G	laninamivir		highly reduced inhibition	124	doi:10.1093/infdis/jiw625	WHO human NAI,WHO avian NAI	Origin of virus: in vitro; recombinant NA
NA	NC_026429	115	E	G	oseltamivir		normal inhibition	2	doi:10.1093/infdis/jiw625	WHO human NAI,WHO avian NAI	Origin of virus: in vitro; recombinant NA
NA	NC_026429	115	E	G	peramivir		reduced inhibition	48	doi:10.1093/infdis/jiw625	WHO human NAI,WHO avian NAI	Origin of virus: in vitro; recombinant NA
NA	NC_026429	115	E	G	zanamivir		highly reduced inhibition	419	doi:10.1093/infdis/jiw625	WHO human NAI,WHO avian NAI	Origin of virus: in vitro; recombinant NA
NA	NC_026429	115	E	V	laninamivir		normal inhibition	5	doi:10.1093/infdis/jiw625,doi:10.1093/infdis/jiu447,doi:10.1038/s41598-021-95771-4	WHO human NAI,WHO avian NAI	Origin of virus (WHO human NAI / A(H7N9)): surveillance studies; plaque purification; in vitro; recombinant NA; reverse genetics | Origin of virus (WHO avian NAI / H7N9): surveillance studies; plaque purification; in vitro | IC50 fold-change in source: 2−5
NA	NC_026429	115	E	V	oseltamivir		highly reduced inhibition	169	doi:10.1093/infdis/jiw625,doi:10.1093/infdis/jiu447,doi:10.1038/s41598-021-95771-4	WHO human NAI,WHO avian NAI	Origin of virus (WHO human NAI / A(H7N9)): surveillance studies; plaque purification; in vitro; recombinant NA; reverse genetics | Origin of virus (WHO avian NAI / H7N9): surveillance studies; plaque purification; in vitro | IC50 fold-change in source: 84−169
NA	NC_026429	115	E	V	peramivir		normal inhibition	2	doi:10.1093/infdis/jiw625,doi:10.1093/infdis/jiu447,doi:10.1038/s41598-021-95771-4	WHO human NAI,WHO avian NAI	Origin of virus (WHO human NAI / A(H7N9)): surveillance studies; plaque purification; in vitro; recombinant NA; reverse genetics | Origin of virus (WHO avian NAI / H7N9): surveillance studies; plaque purification; in vitro | IC50 fold-change in source: 1−2
NA	NC_026429	115	E	V	zanamivir	M00039	normal inhibition	9	doi:10.1093/infdis/jiw625,doi:10.1093/infdis/jiu447,doi:10.1038/s41598-021-95771-4	WHO human NAI,WHO avian NAI	Origin of virus (WHO human NAI / A(H7N9)): surveillance studies; plaque purification; in vitro; recombinant NA; reverse genetics | Origin of virus (WHO avian NAI / H7N9): surveillance studies; plaque purification; in vitro | IC50 fold-change in source: 6−9
NA	NC_026429	132	Q	K	laninamivir		highly reduced inhibition	313	doi:10.1093/infdis/jiw625	WHO human NAI,WHO avian NAI	Origin of virus: in vitro; recombinant NA
NA	NC_026429	132	Q	K	oseltamivir		normal inhibition	1	doi:10.1093/infdis/jiw625	WHO human NAI,WHO avian NAI	Origin of virus: in vitro; recombinant NA
NA	NC_026429	132	Q	K	peramivir		highly reduced inhibition	131	doi:10.1093/infdis/jiw625	WHO human NAI,WHO avian NAI	Origin of virus: in vitro; recombinant NA
NA	NC_026429	132	Q	K	zanamivir		highly reduced inhibition	702	doi:10.1093/infdis/jiw625	WHO human NAI,WHO avian NAI	Origin of virus: in vitro; recombinant NA
NA	NC_026429	148	R	K	laninamivir		reduced inhibition	16	doi:10.1093/infdis/jiw625	WHO human NAI,WHO avian NAI	Origin of virus: in vitro; recombinant NA
NA	NC_026429	148	R	K	oseltamivir		normal inhibition	1	doi:10.1093/infdis/jiw625	WHO human NAI,WHO avian NAI	Origin of virus: in vitro; recombinant NA
NA	NC_026429	148	R	K	peramivir		normal inhibition	3	doi:10.1093/infdis/jiw625	WHO human NAI,WHO avian NAI	Origin of virus: in vitro; recombinant NA
NA	NC_026429	148	R	K	zanamivir		normal inhibition	5	doi:10.1093/infdis/jiw625	WHO human NAI,WHO avian NAI	Origin of virus: in vitro; recombinant NA
NA	NC_026429	219	I	K	laninamivir		reduced inhibition	27	doi:10.1093/infdis/jiw625,doi:10.1093/infdis/jiu447	WHO human NAI,WHO avian NAI	Origin of virus (WHO human NAI / A(H7N9)): in vitro; recombinant NA; surveillance studies; plaque purification | Origin of virus (WHO avian NAI / H7N9): in vitro; recombinant NA; surveillance studies | IC50 fold-change in source: 13−27
NA	NC_026429	219	I	K	oseltamivir		reduced inhibition	46	doi:10.1093/infdis/jiw625,doi:10.1093/infdis/jiu447	WHO human NAI,WHO avian NAI	Origin of virus (WHO human NAI / A(H7N9)): in vitro; recombinant NA; surveillance studies; plaque purification | Origin of virus (WHO avian NAI / H7N9): in vitro; recombinant NA; surveillance studies | IC50 fold-change in source: 32−46
NA	NC_026429	219	I	K	peramivir		reduced inhibition	11	doi:10.1093/infdis/jiw625,doi:10.1093/infdis/jiu447	WHO human NAI,WHO avian NAI	Origin of virus (WHO human NAI / A(H7N9)): in vitro; recombinant NA; surveillance studies; plaque purification | Origin of virus (WHO avian NAI / H7N9): in vitro; recombinant NA; surveillance studies | IC50 fold-change in source: 6−11
NA	NC_026429	219	I	K	zanamivir		reduced inhibition	17	doi:10.1093/infdis/jiw625,doi:10.1093/infdis/jiu447	WHO human NAI,WHO avian NAI	Origin of virus (WHO human NAI / A(H7N9)): in vitro; recombinant NA; surveillance studies; plaque purification | Origin of virus (WHO avian NAI / H7N9): in vitro; recombinant NA; surveillance studies | IC50 fold-change in source: 8−17
NA	NC_026429	219	I	L	laninamivir		normal inhibition	2	doi:10.1038/s41598-021-95771-4	WHO human NAI,WHO avian NAI	Origin of virus: reverse genetics
NA	NC_026429	219	I	L	oseltamivir		normal inhibition	5	doi:10.1038/s41598-021-95771-4	WHO human NAI,WHO avian NAI	Origin of virus: reverse genetics
NA	NC_026429	219	I	L	peramivir		normal inhibition	1	doi:10.1038/s41598-021-95771-4	WHO human NAI,WHO avian NAI	Origin of virus: reverse genetics
NA	NC_026429	219	I	L	zanamivir	M00040	normal inhibition	2	doi:10.1038/s41598-021-95771-4	WHO human NAI,WHO avian NAI	Origin of virus: reverse genetics
NA	NC_026429	219	I	R	laninamivir		reduced inhibition	63	doi:10.1093/infdis/jiw625,doi:10.1093/infdis/jiu447	WHO human NAI,WHO avian NAI	Origin of virus (WHO human NAI / A(H7N9)): in vitro; recombinant NA; surveillance studies; plaque purification | Origin of virus (WHO avian NAI / H7N9): in vitro; recombinant NA; surveillance studies | IC50 fold-change in source: 14−63
NA	NC_026429	219	I	R	oseltamivir		highly reduced inhibition	143	doi:10.1093/infdis/jiw625,doi:10.1093/infdis/jiu447	WHO human NAI,WHO avian NAI	Origin of virus (WHO human NAI / A(H7N9)): in vitro; recombinant NA; surveillance studies; plaque purification | Origin of virus (WHO avian NAI / H7N9): in vitro; recombinant NA; surveillance studies | IC50 fold-change in source: 37−143
NA	NC_026429	219	I	R	peramivir		reduced inhibition	44	doi:10.1093/infdis/jiw625,doi:10.1093/infdis/jiu447	WHO human NAI,WHO avian NAI	Origin of virus (WHO human NAI / A(H7N9)): in vitro; recombinant NA; surveillance studies; plaque purification | Origin of virus (WHO avian NAI / H7N9): in vitro; recombinant NA; surveillance studies | IC50 fold-change in source: 12−44
NA	NC_026429	219	I	R	zanamivir		reduced inhibition	38	doi:10.1093/infdis/jiw625,doi:10.1093/infdis/jiu447	WHO human NAI,WHO avian NAI	Origin of virus (WHO human NAI / A(H7N9)): in vitro; recombinant NA; surveillance studies; plaque purification | Origin of virus (WHO avian NAI / H7N9): in vitro; recombinant NA; surveillance studies | IC50 fold-change in source: 12−38
NA	NC_026429	244	T	P	laninamivir		normal inhibition	9	doi:10.1093/infdis/jiw625	WHO human NAI,WHO avian NAI	Origin of virus: in vitro; recombinant NA
NA	NC_026429	244	T	P	oseltamivir		reduced inhibition	27	doi:10.1093/infdis/jiw625	WHO human NAI,WHO avian NAI	Origin of virus: in vitro; recombinant NA
NA	NC_026429	244	T	P	peramivir		normal inhibition	4	doi:10.1093/infdis/jiw625	WHO human NAI,WHO avian NAI	Origin of virus: in vitro; recombinant NA
NA	NC_026429	244	T	P	zanamivir		reduced inhibition	69	doi:10.1093/infdis/jiw625	WHO human NAI,WHO avian NAI	Origin of virus: in vitro; recombinant NA
NA	NC_026429	271	H	Y	laninamivir		normal inhibition	2	doi:10.1093/infdis/jiw625	WHO human NAI,WHO avian NAI	Origin of virus: in vitro; surveillance studies
NA	NC_026429	271	H	Y	oseltamivir		highly reduced inhibition	105	doi:10.1093/infdis/jiw625	WHO human NAI,WHO avian NAI	Origin of virus: in vitro; surveillance studies
NA	NC_026429	271	H	Y	peramivir		normal inhibition	9	doi:10.1093/infdis/jiw625	WHO human NAI,WHO avian NAI	Origin of virus: in vitro; surveillance studies
NA	NC_026429	271	H	Y	zanamivir		normal inhibition	2	doi:10.1093/infdis/jiw625	WHO human NAI,WHO avian NAI	Origin of virus: in vitro; surveillance studies
NA	NC_026429	273	E	D	laninamivir		reduced inhibition	90	doi:10.1093/infdis/jiw625	WHO human NAI,WHO avian NAI	Origin of virus: in vitro; recombinant NA
NA	NC_026429	273	E	D	oseltamivir		reduced inhibition	13	doi:10.1093/infdis/jiw625	WHO human NAI,WHO avian NAI	Origin of virus: in vitro; recombinant NA
NA	NC_026429	273	E	D	peramivir		reduced inhibition	25	doi:10.1093/infdis/jiw625	WHO human NAI,WHO avian NAI	Origin of virus: in vitro; recombinant NA
NA	NC_026429	273	E	D	zanamivir		highly reduced inhibition	427	doi:10.1093/infdis/jiw625	WHO human NAI,WHO avian NAI	Origin of virus: in vitro; recombinant NA
NA	NC_026429	289	R	K	laninamivir		reduced inhibition	35	doi:10.1093/infdis/jiw625,doi:10.1093/infdis/jiu447,doi:10.1038/ncomms3854,doi:10.3201/eid1909.130724	WHO human NAI,WHO avian NAI	Origin of virus (WHO human NAI / A(H7N9)): in vitro; recombinant NA; surveillance studies; plaque purification | Origin of virus (WHO avian NAI / H7N9): in vitro; recombinant NA; surveillance studies | IC50 fold-change in source: 16–35
NA	NC_026429	289	R	K	oseltamivir		highly reduced inhibition	4600	doi:10.1093/infdis/jiw625,doi:10.1093/infdis/jiu447,doi:10.1038/ncomms3854,doi:10.3201/eid1909.130724	WHO human NAI,WHO avian NAI	Origin of virus (WHO human NAI / A(H7N9)): in vitro; recombinant NA; surveillance studies; plaque purification | Origin of virus (WHO avian NAI / H7N9): in vitro; recombinant NA; surveillance studies | IC50 fold-change in source: >4600
NA	NC_026429	289	R	K	peramivir		highly reduced inhibition	2487	doi:10.1093/infdis/jiw625,doi:10.1093/infdis/jiu447,doi:10.1038/ncomms3854,doi:10.3201/eid1909.130724	WHO human NAI,WHO avian NAI	Origin of virus (WHO human NAI / A(H7N9)): in vitro; recombinant NA; surveillance studies; plaque purification | Origin of virus (WHO avian NAI / H7N9): in vitro; recombinant NA; surveillance studies | IC50 fold-change in source: 405–2487
NA	NC_026429	289	R	K	zanamivir		reduced inhibition	67	doi:10.1093/infdis/jiw625,doi:10.1093/infdis/jiu447,doi:10.1038/ncomms3854,doi:10.3201/eid1909.130724	WHO human NAI,WHO avian NAI	Origin of virus (WHO human NAI / A(H7N9)): in vitro; recombinant NA; surveillance studies; plaque purification | Origin of virus (WHO avian NAI / H7N9): in vitro; recombinant NA; surveillance studies | IC50 fold-change in source: 11–67
NA	NC_026429	291	N	S	laninamivir		normal inhibition	3	doi:10.1093/infdis/jiw625	WHO human NAI,WHO avian NAI	Origin of virus: in vitro; recombinant NA
NA	NC_026429	291	N	S	oseltamivir		normal inhibition	2	doi:10.1093/infdis/jiw625	WHO human NAI,WHO avian NAI	Origin of virus: in vitro; recombinant NA
NA	NC_026429	291	N	S	peramivir		normal inhibition	1	doi:10.1093/infdis/jiw625	WHO human NAI,WHO avian NAI	Origin of virus: in vitro; recombinant NA
NA	NC_026429	291	N	S	zanamivir		reduced inhibition	10	doi:10.1093/infdis/jiw625	WHO human NAI,WHO avian NAI	Origin of virus: in vitro; recombinant NA
NA	NC_026429	367	R	K	laninamivir		reduced inhibition	19	doi:10.1093/infdis/jiw625	WHO human NAI,WHO avian NAI	Origin of virus: in vitro; recombinant NA
NA	NC_026429	367	R	K	oseltamivir		reduced inhibition	70	doi:10.1093/infdis/jiw625	WHO human NAI,WHO avian NAI	Origin of virus: in vitro; recombinant NA
NA	NC_026429	367	R	K	peramivir		reduced inhibition	29	doi:10.1093/infdis/jiw625	WHO human NAI,WHO avian NAI	Origin of virus: in vitro; recombinant NA
NA	NC_026429	367	R	K	zanamivir		reduced inhibition	64	doi:10.1093/infdis/jiw625	WHO human NAI,WHO avian NAI	Origin of virus: in vitro; recombinant NA
NA	NC_026434	110	S	F	oseltamivir		reduced inhibition	10.5	doi:10.1016/j.jiac.2018.05.003,doi:10.1016/j.antiviral.2018.07.001	WHO human NAI	Origin of virus: surveillance studies | IC50 fold-change in source: 9.8–10.5
NA	NC_026434	110	S	F	zanamivir		reduced inhibition	18	doi:10.1016/j.jiac.2018.05.003,doi:10.1016/j.antiviral.2018.07.001	WHO human NAI	Origin of virus: surveillance studies | IC50 fold-change in source: 17–18
NA	NC_026434	117	I	M		M00043			doi:10.1016/j.phrp.2013.10.005	WHO human NAI	
NA	NC_026434	117	I	R	oseltamivir		normal inhibition	1	doi:10.1016/j.antiviral.2017.08.004	WHO human NAI	Origin of virus: surveillance studies
NA	NC_026434	117	I	R	zanamivir		reduced inhibition	10	doi:10.1016/j.antiviral.2017.08.004	WHO human NAI	Origin of virus: surveillance studies
NA	NC_026434	117	I	V		M00041			doi:10.1016/j.phrp.2013.10.005	WHO human NAI	
NA	NC_026434	119	E	A	laninamivir		reduced inhibition	82	doi:10.1128/aac.03313-14,doi:10.1128/jvi.02485-14,doi:10.1016/j.antiviral.2025.106217	WHO human NAI	Origin of virus: surveillance studies; reverse genetics
NA	NC_026434	119	E	A	oseltamivir		reduced inhibition	17	doi:10.1128/aac.03313-14,doi:10.1128/jvi.02485-14,doi:10.1016/j.antiviral.2025.106217	WHO human NAI	Origin of virus: surveillance studies; reverse genetics | IC50 fold-change in source: 6.3–17
NA	NC_026434	119	E	A	peramivir		reduced inhibition	12	doi:10.1128/aac.03313-14,doi:10.1128/jvi.02485-14,doi:10.1016/j.antiviral.2025.106217	WHO human NAI	Origin of virus: surveillance studies; reverse genetics | IC50 fold-change in source: 7–12
NA	NC_026434	119	E	A	zanamivir	M00048	reduced inhibition	90	doi:10.1128/aac.03313-14,doi:10.1128/jvi.02485-14,doi:10.1016/j.antiviral.2025.106217	WHO human NAI	Origin of virus: surveillance studies; reverse genetics | IC50 fold-change in source: 17–90
NA	NC_026434	119	E	D	laninamivir		highly reduced inhibition	702	doi:10.1128/jvi.02485-14,doi:10.1093/infdis/jiv288,doi:10.1128/jvi.01825-18	WHO human NAI	Origin of virus: clinical detection/zanamivir used; reverse genetics | IC50 fold-change in source: 649–702
NA	NC_026434	119	E	D	oseltamivir		reduced inhibition	94	doi:10.1128/jvi.02485-14,doi:10.1093/infdis/jiv288,doi:10.1128/jvi.01825-18	WHO human NAI	Origin of virus: clinical detection/zanamivir used; reverse genetics | IC50 fold-change in source: 25–94
NA	NC_026434	119	E	D	peramivir		highly reduced inhibition	402	doi:10.1128/jvi.02485-14,doi:10.1093/infdis/jiv288,doi:10.1128/jvi.01825-18	WHO human NAI	Origin of virus: clinical detection/zanamivir used; reverse genetics | IC50 fold-change in source: 104–402
NA	NC_026434	119	E	D	zanamivir	M00046	highly reduced inhibition	2731	doi:10.1128/jvi.02485-14,doi:10.1093/infdis/jiv288,doi:10.1128/jvi.01825-18	WHO human NAI	Origin of virus: clinical detection/zanamivir used; reverse genetics | IC50 fold-change in source: 583–2731
NA	NC_026434	119	E	G	laninamivir		highly reduced inhibition	327	doi:10.1128/jvi.02485-14,doi:10.1128/jvi.01825-18,doi:10.1093/infdis/jiq010,doi:10.1093/infdis/jiv245	WHO human NAI	Origin of virus: reverse genetics; clinical detection/zanamivir used | IC50 fold-change in source: 112–327
NA	NC_026434	119	E	G	oseltamivir		normal inhibition	7	doi:10.1128/jvi.02485-14,doi:10.1128/jvi.01825-18,doi:10.1093/infdis/jiq010,doi:10.1093/infdis/jiv245	WHO human NAI	Origin of virus: reverse genetics; clinical detection/zanamivir used | IC50 fold-change in source: 1–7
NA	NC_026434	119	E	G	peramivir		highly reduced inhibition	167	doi:10.1128/jvi.02485-14,doi:10.1128/jvi.01825-18,doi:10.1093/infdis/jiq010,doi:10.1093/infdis/jiv245	WHO human NAI	Origin of virus: reverse genetics; clinical detection/zanamivir used | IC50 fold-change in source: 51–167
NA	NC_026434	119	E	G	zanamivir	M00047	highly reduced inhibition	1306	doi:10.1128/jvi.02485-14,doi:10.1128/jvi.01825-18,doi:10.1093/infdis/jiq010,doi:10.1093/infdis/jiv245	WHO human NAI	Origin of virus: reverse genetics; clinical detection/zanamivir used | IC50 fold-change in source: 113–1306
NA	NC_026434	119	E	V	oseltamivir		highly reduced inhibition	1727	doi:10.1093/infdis/jiq010,doi:10.1177/135965350601100804,doi:10.1016/j.phrp.2013.10.005	WHO human NAI	Origin of virus: reverse genetics | IC50 fold-change in source: 15–1727 | Phenotypes in source: highly reduced inhibition (A(H1N1)), reduced inhibition (A(H1N1)pdm09) (most severe used: highly reduced inhibition) | Fold-change values in source: 60
NA	NC_026434	119	E	V	peramivir		highly reduced inhibition	5050	doi:10.1093/infdis/jiq010,doi:10.1177/135965350601100804,doi:10.1016/j.phrp.2013.10.005	WHO human NAI	Origin of virus: reverse genetics | Phenotypes in source: highly reduced inhibition (A(H1N1)), reduced inhibition (A(H1N1)pdm09) (most severe used: highly reduced inhibition) | Fold-change values in source (A(H1N1)pdm09): 25 | Fold-change values in source (A(H1N1)): 5050
NA	NC_026434	119	E	V	zanamivir	M00042	highly reduced inhibition	2144	doi:10.1093/infdis/jiq010,doi:10.1177/135965350601100804,doi:10.1016/j.phrp.2013.10.005	WHO human NAI	Origin of virus: reverse genetics | IC50 fold-change in source: 136–2144 | Fold-change values in source: 571
NA	NC_026434	136	Q	H	laninamivir		normal inhibition	1	doi:10.1016/j.antiviral.2012.12.013	WHO human NAI	Origin of virus: surveillance studies
NA	NC_026434	136	Q	H	oseltamivir		normal inhibition	1	doi:10.1016/j.antiviral.2012.12.013	WHO human NAI	Origin of virus: surveillance studies
NA	NC_026434	136	Q	H	peramivir		normal inhibition	1	doi:10.1016/j.antiviral.2012.12.013	WHO human NAI	Origin of virus: surveillance studies
NA	NC_026434	136	Q	H	zanamivir		normal inhibition	1	doi:10.1016/j.antiviral.2012.12.013	WHO human NAI	Origin of virus: surveillance studies
NA	NC_026434	136	Q	K	laninamivir		reduced inhibition	45	doi:10.1128/aac.03313-14,doi:10.1016/j.antiviral.2025.106217,doi:10.1128/jvi.02507-12,doi:10.1128/aac.02269-12	WHO human NAI	Origin of virus: surveillance studies; reverse genetics; in vitro | IC50 fold-change in source: 42–45
NA	NC_026434	136	Q	K	oseltamivir		normal inhibition	1	doi:10.1128/aac.03313-14,doi:10.1016/j.antiviral.2025.106217,doi:10.1128/jvi.02507-12,doi:10.1128/aac.02269-12,doi:10.1016/j.antiviral.2009.11.005,doi:10.1128/jvi.01200-09	WHO human NAI	Origin of virus (A(H1N1)pdm09): surveillance studies; reverse genetics; in vitro | Origin of virus (A(H1N1)): surveillance studies | IC50 fold-change in source: 0.5-1
NA	NC_026434	136	Q	K	peramivir		highly reduced inhibition	143	doi:10.1128/aac.03313-14,doi:10.1016/j.antiviral.2025.106217,doi:10.1128/jvi.02507-12,doi:10.1128/aac.02269-12,doi:10.1016/j.antiviral.2009.11.005,doi:10.1128/jvi.01200-09	WHO human NAI	Origin of virus (A(H1N1)pdm09): surveillance studies; reverse genetics; in vitro | Origin of virus (A(H1N1)): surveillance studies | IC50 fold-change in source: 75–80 | Phenotypes in source: highly reduced inhibition (A(H1N1)pdm09), reduced inhibition (A(H1N1)) (most severe used: highly reduced inhibition) | Fold-change values in source: 143
NA	NC_026434	136	Q	K	zanamivir	M00049	highly reduced inhibition	749	doi:10.1128/aac.03313-14,doi:10.1016/j.antiviral.2025.106217,doi:10.1128/jvi.02507-12,doi:10.1128/aac.02269-12,doi:10.1016/j.antiviral.2009.11.005,doi:10.1128/jvi.01200-09	WHO human NAI	Origin of virus (A(H1N1)pdm09): surveillance studies; reverse genetics; in vitro | Origin of virus (A(H1N1)): surveillance studies | IC50 fold-change in source (A(H1N1)pdm09): 86–749 | IC50 fold-change in source (A(H1N1)): 36–327
NA	NC_026434	136	Q	R	laninamivir		reduced inhibition	33	doi:10.1016/j.antiviral.2014.07.001	WHO human NAI	Origin of virus: surveillance studies
NA	NC_026434	136	Q	R	oseltamivir		normal inhibition	1	doi:10.1016/j.antiviral.2014.07.001	WHO human NAI	Origin of virus: surveillance studies
NA	NC_026434	136	Q	R	peramivir		highly reduced inhibition	234	doi:10.1016/j.antiviral.2014.07.001	WHO human NAI	Origin of virus: surveillance studies
NA	NC_026434	136	Q	R	zanamivir		highly reduced inhibition	200	doi:10.1016/j.antiviral.2014.07.001	WHO human NAI	Origin of virus: surveillance studies
NA	NC_026434	147	G	R		M00052			doi:10.1016/j.antiviral.2017.08.004	WHO human NAI	
NA	NC_026434	151	D	E		M00050			doi:10.1016/j.antiviral.2009.11.005	WHO human NAI	
NA	NC_026434	151	D	G		M00053			doi:10.1016/j.antiviral.2009.11.005	WHO human NAI	
NA	NC_026434	151	D	N		M00051			doi:10.1016/j.antiviral.2009.11.005	WHO human NAI	
NA	NC_026434	152	R	K	laninamivir		reduced inhibition	16	doi:10.1128/jvi.02485-14,doi:10.1128/jvi.01825-18	WHO human NAI	Origin of virus: reverse genetics
NA	NC_026434	152	R	K	oseltamivir		reduced inhibition	43	doi:10.1128/jvi.02485-14,doi:10.1128/jvi.01825-18	WHO human NAI	Origin of virus: reverse genetics | IC50 fold-change in source: 18–43
NA	NC_026434	152	R	K	peramivir		normal inhibition	7	doi:10.1128/jvi.02485-14,doi:10.1128/jvi.01825-18	WHO human NAI	Origin of virus: reverse genetics | IC50 fold-change in source: 4–7
NA	NC_026434	152	R	K	zanamivir		reduced inhibition	12	doi:10.1128/jvi.02485-14,doi:10.1128/jvi.01825-18	WHO human NAI	Origin of virus: reverse genetics | IC50 fold-change in source: 4–12
NA	NC_026434	155	Y	H	oseltamivir		highly reduced inhibition	123	doi:10.1128/aac.01339-05	WHO human NAI	Origin of virus: surveillance studies
NA	NC_026434	155	Y	H	zanamivir		highly reduced inhibition	555	doi:10.1128/aac.01339-05	WHO human NAI	Origin of virus: surveillance studies
NA	NC_026434	199	D	E	laninamivir		normal inhibition	3	doi:10.1128/jvi.01825-18,doi:10.1016/j.antiviral.2015.02.003	WHO human NAI	Origin of virus: surveillance studies; reverse genetics
NA	NC_026434	199	D	E	oseltamivir		reduced inhibition	26	doi:10.1128/jvi.01825-18,doi:10.1016/j.antiviral.2015.02.003	WHO human NAI	Origin of virus: surveillance studies; reverse genetics | IC50 fold-change in source: 16–26
NA	NC_026434	199	D	E	peramivir		normal inhibition	3	doi:10.1128/jvi.01825-18,doi:10.1016/j.antiviral.2015.02.003	WHO human NAI	Origin of virus: surveillance studies; reverse genetics
NA	NC_026434	199	D	E	zanamivir		normal inhibition	8	doi:10.1128/jvi.01825-18,doi:10.1016/j.antiviral.2015.02.003	WHO human NAI	Origin of virus: surveillance studies; reverse genetics | IC50 fold-change in source: 7–8
NA	NC_026434	199	D	G	laninamivir		normal inhibition	2	doi:10.1128/aac.03313-14,doi:10.1093/infdis/jiq010	WHO human NAI	Origin of virus: surveillance studies; in vitro; reverse genetics
NA	NC_026434	199	D	G	oseltamivir		reduced inhibition	17	doi:10.1128/aac.03313-14,doi:10.1093/infdis/jiq010	WHO human NAI	Origin of virus: surveillance studies; in vitro; reverse genetics
NA	NC_026434	199	D	G	peramivir		normal inhibition	2	doi:10.1128/aac.03313-14,doi:10.1093/infdis/jiq010	WHO human NAI	Origin of virus: surveillance studies; in vitro; reverse genetics
NA	NC_026434	199	D	G	zanamivir		normal inhibition	6	doi:10.1128/aac.03313-14,doi:10.1093/infdis/jiq010	WHO human NAI	Origin of virus: surveillance studies; in vitro; reverse genetics
NA	NC_026434	199	D	N		M00054			doi:10.1111/irv.12113,doi:10.1093/infdis/jiq040	WHO human NAI	
NA	NC_026434	199	D	V	laninamivir		normal inhibition	1	doi:10.1016/j.antiviral.2012.12.013	WHO human NAI	Origin of virus: surveillance studies
NA	NC_026434	199	D	V	oseltamivir		normal inhibition	2	doi:10.1016/j.antiviral.2012.12.013	WHO human NAI	Origin of virus: surveillance studies
NA	NC_026434	199	D	V	peramivir		normal inhibition	1	doi:10.1016/j.antiviral.2012.12.013	WHO human NAI	Origin of virus: surveillance studies
NA	NC_026434	199	D	V	zanamivir		normal inhibition	1	doi:10.1016/j.antiviral.2012.12.013	WHO human NAI	Origin of virus: surveillance studies
NA	NC_026434	199	D	Y	laninamivir		normal inhibition	7	doi:10.1016/j.antiviral.2020.104718	WHO human NAI	Origin of virus: clinical detection/surveillance studies
NA	NC_026434	199	D	Y	oseltamivir		reduced inhibition	37	doi:10.1016/j.antiviral.2020.104718	WHO human NAI	Origin of virus: clinical detection/surveillance studies
NA	NC_026434	199	D	Y	peramivir		normal inhibition	4	doi:10.1016/j.antiviral.2020.104718	WHO human NAI	Origin of virus: clinical detection/surveillance studies
NA	NC_026434	199	D	Y	zanamivir		reduced inhibition	28	doi:10.1016/j.antiviral.2020.104718	WHO human NAI	Origin of virus: clinical detection/surveillance studies
NA	NC_026434	223	I	K	laninamivir		normal inhibition	4	doi:10.1016/j.antiviral.2015.02.003,doi:10.1128/aac.01848-13,doi:10.1086/656439	WHO human NAI	Origin of virus: clinical detection/surveillance studies; reverse genetics
NA	NC_026434	223	I	K	oseltamivir		reduced inhibition	39	doi:10.1016/j.antiviral.2015.02.003,doi:10.1128/aac.01848-13,doi:10.1086/656439	WHO human NAI	Origin of virus: clinical detection/surveillance studies; reverse genetics | IC50 fold-change in source: 12–39
NA	NC_026434	223	I	K	peramivir		normal inhibition	4	doi:10.1016/j.antiviral.2015.02.003,doi:10.1128/aac.01848-13,doi:10.1086/656439	WHO human NAI	Origin of virus: clinical detection/surveillance studies; reverse genetics | IC50 fold-change in source: 1–4
NA	NC_026434	223	I	K	zanamivir	M00057	normal inhibition	6	doi:10.1016/j.antiviral.2015.02.003,doi:10.1128/aac.01848-13,doi:10.1086/656439	WHO human NAI	Origin of virus: clinical detection/surveillance studies; reverse genetics | IC50 fold-change in source: 5–6
NA	NC_026434	223	I	L	laninamivir		normal inhibition	1	doi:10.1016/j.antiviral.2022.105281	WHO human NAI	Origin of virus: clinical detection/surveillance studies
NA	NC_026434	223	I	L	oseltamivir		reduced inhibition	11	doi:10.1016/j.antiviral.2022.105281	WHO human NAI	Origin of virus: clinical detection/surveillance studies
NA	NC_026434	223	I	L	peramivir		normal inhibition	1	doi:10.1016/j.antiviral.2022.105281	WHO human NAI	Origin of virus: clinical detection/surveillance studies
NA	NC_026434	223	I	L	zanamivir		normal inhibition	2	doi:10.1016/j.antiviral.2022.105281	WHO human NAI	Origin of virus: clinical detection/surveillance studies
NA	NC_026434	223	I	M	laninamivir		normal inhibition	1	doi:10.1016/j.antiviral.2022.105281	WHO human NAI	Origin of virus: clinical detection/surveillance studies
NA	NC_026434	223	I	M	oseltamivir		reduced inhibition	12	doi:10.1016/j.antiviral.2022.105281,doi:10.1128/aac.00334-09	WHO human NAI	Origin of virus (A(H1N1)pdm09): clinical detection/surveillance studies | Origin of virus (A(H1N1)): reverse genetics; in vitro/zanamivir used | Phenotypes in source: normal inhibition (A(H1N1)), reduced inhibition (A(H1N1)pdm09) (most severe used: reduced inhibition) | Fold-change values in source (A(H1N1)): 8 | Fold-change values in source (A(H1N1)pdm09): 12
NA	NC_026434	223	I	M	peramivir		normal inhibition	2	doi:10.1016/j.antiviral.2022.105281,doi:10.1128/aac.00334-09	WHO human NAI	Origin of virus (A(H1N1)pdm09): clinical detection/surveillance studies | Origin of virus (A(H1N1)): reverse genetics; in vitro/zanamivir used | Fold-change values in source (A(H1N1)): 1 | Fold-change values in source (A(H1N1)pdm09): 2
NA	NC_026434	223	I	M	zanamivir	M00059	normal inhibition	2	doi:10.1016/j.antiviral.2022.105281,doi:10.1128/aac.00334-09	WHO human NAI	Origin of virus (A(H1N1)pdm09): clinical detection/surveillance studies | Origin of virus (A(H1N1)): reverse genetics; in vitro/zanamivir used | Fold-change values in source (A(H1N1)): 1 | Fold-change values in source (A(H1N1)pdm09): 2
NA	NC_026434	223	I	R	laninamivir		normal inhibition	5	doi:10.1016/j.antiviral.2015.02.003,doi:10.1128/aac.01848-13,doi:10.1016/j.antiviral.2022.105281,doi:10.1056/nejmc1003749,doi:10.3201/eid1708.102004,doi:10.1128/aac.05994-11,doi:10.1016/j.antiviral.2016.06.001	WHO human NAI	Origin of virus: clinical detection/no NAI used; clinical detection/oseltamivir used/zanamivir used; reverse genetics; clinical detection/surveillance studies | IC50 fold-change in source: 2–5
NA	NC_026434	223	I	R	oseltamivir		reduced inhibition	58	doi:10.1016/j.antiviral.2015.02.003,doi:10.1128/aac.01848-13,doi:10.1016/j.antiviral.2022.105281,doi:10.1056/nejmc1003749,doi:10.3201/eid1708.102004,doi:10.1128/aac.05994-11,doi:10.1016/j.antiviral.2016.06.001	WHO human NAI	Origin of virus: clinical detection/no NAI used; clinical detection/oseltamivir used/zanamivir used; reverse genetics; clinical detection/surveillance studies | IC50 fold-change in source: 13–58
NA	NC_026434	223	I	R	peramivir		reduced inhibition	11	doi:10.1016/j.antiviral.2015.02.003,doi:10.1128/aac.01848-13,doi:10.1016/j.antiviral.2022.105281,doi:10.1056/nejmc1003749,doi:10.3201/eid1708.102004,doi:10.1128/aac.05994-11,doi:10.1016/j.antiviral.2016.06.001	WHO human NAI	Origin of virus: clinical detection/no NAI used; clinical detection/oseltamivir used/zanamivir used; reverse genetics; clinical detection/surveillance studies | IC50 fold-change in source: 5–11
NA	NC_026434	223	I	R	zanamivir	M00058	reduced inhibition	12	doi:10.1016/j.antiviral.2015.02.003,doi:10.1128/aac.01848-13,doi:10.1016/j.antiviral.2022.105281,doi:10.1056/nejmc1003749,doi:10.3201/eid1708.102004,doi:10.1128/aac.05994-11,doi:10.1016/j.antiviral.2016.06.001	WHO human NAI	Origin of virus: clinical detection/no NAI used; clinical detection/oseltamivir used/zanamivir used; reverse genetics; clinical detection/surveillance studies | IC50 fold-change in source: 8–12
NA	NC_026434	223	I	T	laninamivir		normal inhibition	2	doi:10.1016/j.antiviral.2025.106217,doi:10.1016/j.antiviral.2015.02.003	WHO human NAI	Origin of virus: clinical detection/surveillance studies
NA	NC_026434	223	I	T	oseltamivir		reduced inhibition	15	doi:10.1016/j.antiviral.2025.106217,doi:10.1016/j.antiviral.2015.02.003	WHO human NAI	Origin of virus: clinical detection/surveillance studies | IC50 fold-change in source: 9–15
NA	NC_026434	223	I	T	peramivir		normal inhibition	2	doi:10.1016/j.antiviral.2025.106217,doi:10.1016/j.antiviral.2015.02.003	WHO human NAI	Origin of virus: clinical detection/surveillance studies
NA	NC_026434	223	I	T	zanamivir		normal inhibition	3	doi:10.1016/j.antiviral.2025.106217,doi:10.1016/j.antiviral.2015.02.003	WHO human NAI	Origin of virus: clinical detection/surveillance studies
NA	NC_026434	223	I	V	laninamivir		normal inhibition	1	doi:10.1128/aac.03313-14,doi:10.1093/infdis/jiq010,doi:10.3201/eid3007.240480	WHO human NAI	Origin of virus: reverse genetics; clinical detection/surveillance studies
NA	NC_026434	223	I	V	oseltamivir		normal inhibition	6	doi:10.1128/aac.03313-14,doi:10.1093/infdis/jiq010,doi:10.3201/eid3007.240480,doi:10.1128/aac.00334-09	WHO human NAI	Origin of virus (A(H1N1)pdm09): reverse genetics; clinical detection/surveillance studies | Origin of virus (A(H1N1)): reverse genetics; in vitro/zanamivir used | IC50 fold-change in source: 3–6 | Fold-change values in source: 3
NA	NC_026434	223	I	V	peramivir		normal inhibition	2	doi:10.1128/aac.03313-14,doi:10.1093/infdis/jiq010,doi:10.3201/eid3007.240480,doi:10.1128/aac.00334-09	WHO human NAI	Origin of virus (A(H1N1)pdm09): reverse genetics; clinical detection/surveillance studies | Origin of virus (A(H1N1)): reverse genetics; in vitro/zanamivir used | IC50 fold-change in source: 1–2 | Fold-change values in source: 1
NA	NC_026434	223	I	V	zanamivir	M00055	normal inhibition	2	doi:10.1128/aac.03313-14,doi:10.1093/infdis/jiq010,doi:10.3201/eid3007.240480,doi:10.1128/aac.00334-09	WHO human NAI	Origin of virus (A(H1N1)pdm09): reverse genetics; clinical detection/surveillance studies | Origin of virus (A(H1N1)): reverse genetics; in vitro/zanamivir used | IC50 fold-change in source: 1–2
NA	NC_026434	247	S	G	laninamivir		normal inhibition	1.1	doi:10.1016/j.antiviral.2025.106217,doi:10.1016/j.antiviral.2015.02.003	WHO human NAI	Origin of virus: clinical detection/surveillance studies | IC50 fold-change in source: 1-1.1
NA	NC_026434	247	S	G	oseltamivir		reduced inhibition	15	doi:10.1016/j.antiviral.2025.106217,doi:10.1016/j.antiviral.2015.02.003,doi:10.1128/aac.00555-08	WHO human NAI	Origin of virus (A(H1N1)pdm09): clinical detection/surveillance studies | Origin of virus (A(H1N1)): surveillance studies | IC50 fold-change in source: 11-15 | Phenotypes in source: normal inhibition (A(H1N1)), reduced inhibition (A(H1N1)pdm09) (most severe used: reduced inhibition) | Fold-change values in source: 5
NA	NC_026434	247	S	G	peramivir		normal inhibition	1.3	doi:10.1016/j.antiviral.2025.106217,doi:10.1016/j.antiviral.2015.02.003	WHO human NAI	Origin of virus: clinical detection/surveillance studies | IC50 fold-change in source: 1-1.3
NA	NC_026434	247	S	G	zanamivir		normal inhibition	1	doi:10.1016/j.antiviral.2025.106217,doi:10.1016/j.antiviral.2015.02.003,doi:10.1128/aac.00555-08	WHO human NAI	Origin of virus (A(H1N1)pdm09): clinical detection/surveillance studies | Origin of virus (A(H1N1)): surveillance studies
NA	NC_026434	247	S	N	laninamivir		normal inhibition	3	doi:10.3201/eid3007.240480,doi:10.2807/ese.16.23.19884-en,doi:10.2807/1560-7917.es.2025.30.48.2500873,doi:10.3201/eid3011.240892	WHO human NAI	Origin of virus (A(H1N1)pdm09): clinical detection/surveillance studies | Origin of virus (A(H1N1)v): surveillance studies
NA	NC_026434	247	S	N	oseltamivir		normal inhibition	8	doi:10.3201/eid3007.240480,doi:10.2807/ese.16.23.19884-en,doi:10.2807/1560-7917.es.2025.30.48.2500873,doi:10.3201/eid3011.240892	WHO human NAI	Origin of virus (A(H1N1)pdm09): clinical detection/surveillance studies | Origin of virus (A(H1N1)v): surveillance studies | IC50 fold-change in source (A(H1N1)pdm09): 2.7–8 | IC50 fold-change in source (A(H1N1)v): 2–4
NA	NC_026434	247	S	N	peramivir		normal inhibition	3	doi:10.3201/eid3007.240480,doi:10.2807/ese.16.23.19884-en,doi:10.2807/1560-7917.es.2025.30.48.2500873,doi:10.3201/eid3011.240892	WHO human NAI	Origin of virus (A(H1N1)pdm09): clinical detection/surveillance studies | Origin of virus (A(H1N1)v): surveillance studies | IC50 fold-change in source: 1–3
NA	NC_026434	247	S	N	zanamivir	M00056	normal inhibition	5	doi:10.3201/eid3007.240480,doi:10.2807/ese.16.23.19884-en,doi:10.2807/1560-7917.es.2025.30.48.2500873,doi:10.3201/eid3011.240892	WHO human NAI	Origin of virus (A(H1N1)pdm09): clinical detection/surveillance studies | Origin of virus (A(H1N1)v): surveillance studies | IC50 fold-change in source: 2–5 | Fold-change values in source: 2
NA	NC_026434	247	S	R	laninamivir		highly reduced inhibition	122	doi:10.1016/j.antiviral.2017.08.004	WHO human NAI	Origin of virus: clinical detection/no NAI used | IC50 fold-change in source: 90–122
NA	NC_026434	247	S	R	oseltamivir		reduced inhibition	37	doi:10.1016/j.antiviral.2017.08.004	WHO human NAI	Origin of virus: clinical detection/no NAI used | IC50 fold-change in source: 36–37
NA	NC_026434	247	S	R	peramivir		highly reduced inhibition	115	doi:10.1016/j.antiviral.2017.08.004	WHO human NAI	Origin of virus: clinical detection/no NAI used | IC50 fold-change in source: 94–115
NA	NC_026434	247	S	R	zanamivir		reduced inhibition	54	doi:10.1016/j.antiviral.2017.08.004	WHO human NAI	Origin of virus: clinical detection/no NAI used | IC50 fold-change in source: 51–54
NA	NC_026434	275	H	Y	laninamivir		normal inhibition	4.9	doi:10.1016/j.antiviral.2025.106217,doi:10.1056/nejmc0910060,doi:10.1016/j.antiviral.2009.11.005,doi:10.1128/aac.00581-10,doi:10.1016/j.antiviral.2012.01.006,doi:10.1007/s10156-012-0377-8,doi:10.1111/irv.12187,doi:10.1111/irv.12132,doi:10.1111/irv.12113,doi:10.1016/j.antiviral.2013.06.003,doi:10.1111/irv.12215	WHO human NAI	Origin of virus: clinical detection/oseltamivir used; clinical detection/surveillance studies; in vitro | IC50 fold-change in source: 0.8–4.9
NA	NC_026434	275	H	Y	oseltamivir		highly reduced inhibition	2846	doi:10.1016/j.antiviral.2025.106217,doi:10.1056/nejmc0910060,doi:10.1016/j.antiviral.2009.11.005,doi:10.1128/aac.00581-10,doi:10.1016/j.antiviral.2012.01.006,doi:10.1007/s10156-012-0377-8,doi:10.1111/irv.12187,doi:10.1111/irv.12132,doi:10.1111/irv.12113,doi:10.1016/j.antiviral.2013.06.003,doi:10.1111/irv.12215,doi:10.1016/j.phrp.2013.10.005,doi:10.1128/aac.00555-08,doi:10.1128/aac.49.11.4515-4520.2005	WHO human NAI	Origin of virus (A(H1N1)pdm09): clinical detection/oseltamivir used; clinical detection/surveillance studies; in vitro | Origin of virus (A(H1N1)): surveillance studies; reverse genetics | IC50 fold-change in source (A(H1N1)pdm09): 221–2846 | IC50 fold-change in source (A(H1N1)): 321–2597
NA	NC_026434	275	H	Y	peramivir		highly reduced inhibition	1095	doi:10.1016/j.antiviral.2025.106217,doi:10.1056/nejmc0910060,doi:10.1016/j.antiviral.2009.11.005,doi:10.1128/aac.00581-10,doi:10.1016/j.antiviral.2012.01.006,doi:10.1007/s10156-012-0377-8,doi:10.1111/irv.12187,doi:10.1111/irv.12132,doi:10.1111/irv.12113,doi:10.1016/j.antiviral.2013.06.003,doi:10.1111/irv.12215,doi:10.1016/j.phrp.2013.10.005,doi:10.1128/aac.00555-08,doi:10.1128/aac.49.11.4515-4520.2005	WHO human NAI	Origin of virus (A(H1N1)pdm09): clinical detection/oseltamivir used; clinical detection/surveillance studies; in vitro | Origin of virus (A(H1N1)): surveillance studies; reverse genetics | IC50 fold-change in source (A(H1N1)pdm09): 50–751 | IC50 fold-change in source (A(H1N1)): 111–1095
NA	NC_026434	275	H	Y	zanamivir	M00044	normal inhibition	6	doi:10.1016/j.antiviral.2025.106217,doi:10.1056/nejmc0910060,doi:10.1016/j.antiviral.2009.11.005,doi:10.1128/aac.00581-10,doi:10.1016/j.antiviral.2012.01.006,doi:10.1007/s10156-012-0377-8,doi:10.1111/irv.12187,doi:10.1111/irv.12132,doi:10.1111/irv.12113,doi:10.1016/j.antiviral.2013.06.003,doi:10.1111/irv.12215,doi:10.1016/j.phrp.2013.10.005,doi:10.1128/aac.00555-08,doi:10.1128/aac.49.11.4515-4520.2005	WHO human NAI	Origin of virus (A(H1N1)pdm09): clinical detection/oseltamivir used; clinical detection/surveillance studies; in vitro | Origin of virus (A(H1N1)): surveillance studies; reverse genetics | IC50 fold-change in source (A(H1N1)pdm09): 0.5–6 | IC50 fold-change in source (A(H1N1)): 1–2
NA	NC_026434	293	R	K	oseltamivir		reduced inhibition	33	doi:10.1128/jvi.02485-14,doi:10.1016/j.phrp.2013.10.005	WHO human NAI	Origin of virus: reverse genetics | Phenotypes in source: normal inhibition (A(H1N1)), reduced inhibition (A(H1N1)pdm09) (most severe used: reduced inhibition) | Fold-change values in source (A(H1N1)): 1 | Fold-change values in source (A(H1N1)pdm09): 33
NA	NC_026434	293	R	K	peramivir		normal inhibition	8	doi:10.1128/jvi.02485-14	WHO human NAI	Origin of virus: reverse genetics
NA	NC_026434	293	R	K	zanamivir	M00061	reduced inhibition	18	doi:10.1128/jvi.02485-14,doi:10.1016/j.phrp.2013.10.005	WHO human NAI	Origin of virus: reverse genetics | Phenotypes in source: normal inhibition (A(H1N1)pdm09), reduced inhibition (A(H1N1)) (most severe used: reduced inhibition) | Fold-change values in source (A(H1N1)pdm09): 4 | Fold-change values in source (A(H1N1)): 18
NA	NC_026434	295	N	S	laninamivir		normal inhibition	3	doi:10.1128/aac.03313-14,doi:10.1128/jvi.02485-14,doi:10.1093/infdis/jiq010,doi:10.1016/j.antiviral.2014.07.001	WHO human NAI	Origin of virus: reverse genetics
NA	NC_026434	295	N	S	oseltamivir		highly reduced inhibition	208	doi:10.1128/aac.03313-14,doi:10.1128/jvi.02485-14,doi:10.1093/infdis/jiq010,doi:10.1016/j.antiviral.2014.07.001,doi:10.1177/135965350601100804,doi:10.1016/j.phrp.2013.10.005	WHO human NAI	Origin of virus: reverse genetics | IC50 fold-change in source (A(H1N1)pdm09): 64–208 | IC50 fold-change in source (A(H1N1)): 40–197
NA	NC_026434	295	N	S	peramivir		reduced inhibition	12	doi:10.1128/aac.03313-14,doi:10.1128/jvi.02485-14,doi:10.1093/infdis/jiq010,doi:10.1016/j.antiviral.2014.07.001,doi:10.1177/135965350601100804,doi:10.1016/j.phrp.2013.10.005	WHO human NAI	Origin of virus: reverse genetics | IC50 fold-change in source: 3–12
NA	NC_026434	295	N	S	zanamivir	M00045	normal inhibition	9	doi:10.1128/aac.03313-14,doi:10.1128/jvi.02485-14,doi:10.1093/infdis/jiq010,doi:10.1016/j.antiviral.2014.07.001,doi:10.1177/135965350601100804,doi:10.1016/j.phrp.2013.10.005	WHO human NAI	Origin of virus: reverse genetics | IC50 fold-change in source (A(H1N1)pdm09): 2–9 | IC50 fold-change in source (A(H1N1)): 1–5
NA	NC_026434	313	Q	R		M00063			doi:10.1016/j.antiviral.2009.11.005,doi:10.1016/s1473-3099(11)70318-8	WHO human NAI	
NA	NC_026434	334	S	N		M00062			doi:10.1016/j.phrp.2013.10.005	WHO human NAI	
NA	NC_026434	427	I	T	laninamivir		reduced inhibition	11	doi:10.1016/j.antiviral.2020.104718	WHO human NAI	Origin of virus: surveillance studies
NA	NC_026434	427	I	T	oseltamivir		reduced inhibition	37	doi:10.1016/j.antiviral.2020.104718	WHO human NAI	Origin of virus: surveillance studies
NA	NC_026434	427	I	T	peramivir		normal inhibition	6	doi:10.1016/j.antiviral.2020.104718	WHO human NAI	Origin of virus: surveillance studies
NA	NC_026434	427	I	T	zanamivir	M00064	reduced inhibition	41	doi:10.1016/j.antiviral.2020.104718	WHO human NAI	Origin of virus: surveillance studies
NA	NC_026434	427	I	V	laninamivir		normal inhibition	1		WHO human NAI	Origin of virus: surveillance studies
NA	NC_026434	427	I	V	oseltamivir		reduced inhibition	17		WHO human NAI	Origin of virus: surveillance studies
NA	NC_026434	427	I	V	peramivir		normal inhibition	1		WHO human NAI	Origin of virus: surveillance studies
NA	NC_026434	427	I	V	zanamivir		normal inhibition	1		WHO human NAI	Origin of virus: surveillance studies
NA	NC_026434	436	I	N	laninamivir		reduced inhibition	19	doi:10.1099/jgv.0.001029	WHO human NAI	Origin of virus: reverse genetics
NA	NC_026434	436	I	N	oseltamivir		reduced inhibition	31	doi:10.1099/jgv.0.001029	WHO human NAI	Origin of virus: reverse genetics
NA	NC_026434	436	I	N	peramivir		reduced inhibition	20	doi:10.1099/jgv.0.001029	WHO human NAI	Origin of virus: reverse genetics
NA	NC_026434	436	I	N	zanamivir	M00060	reduced inhibition	71	doi:10.1099/jgv.0.001029	WHO human NAI	Origin of virus: reverse genetics
NA	NC_026434	458	P	T	laninamivir		highly reduced inhibition	211	doi:10.1128/jvi.01825-18	WHO human NAI	Origin of virus: reverse genetics
NA	NC_026434	458	P	T	oseltamivir		highly reduced inhibition	280	doi:10.1128/jvi.01825-18	WHO human NAI	Origin of virus: reverse genetics
NA	NC_026434	458	P	T	peramivir		highly reduced inhibition	148	doi:10.1128/jvi.01825-18	WHO human NAI	Origin of virus: reverse genetics
NA	NC_026434	458	P	T	zanamivir		highly reduced inhibition	808	doi:10.1128/jvi.01825-18	WHO human NAI	Origin of virus: reverse genetics
PA	NC_026437	23	E	G	baloxavir		reduced susceptibility	7	doi:10.2807/1560-7917.es.2019.24.3.1800666,doi:10.1016/j.antiviral.2020.104718,doi:10.1016/j.antiviral.2022.105281,doi:10.1371/journal.ppat.1010698,doi:10.1016/j.antiviral.2022.105457,doi:10.1093/infdis/jiaa164,doi:10.1111/irv.12821,doi:10.1016/j.antiviral.2025.106217	WHO PA	Origin of virus (A(H1N1)pdm09): surveillance studies; reverse genetics | Origin of virus (A(H3N2)): reverse genetics; surveillance studies | EC50 fold-change in source (A(H1N1)pdm09): 3.7−7 | EC50 fold-change in source (A(H3N2)): 1.8−6 | Phenotypes in source: reduced susceptibility (A(H1N1)pdm09), suspected reduced (A(H3N2)) (most severe used: reduced susceptibility)
PA	NC_026437	23	E	K	baloxavir		reduced susceptibility	17	doi:10.1016/j.virs.2023.06.002,doi:10.1038/s41598-018-27890-4,doi:10.1093/infdis/jiaa164,doi:10.1016/j.antiviral.2022.105281,doi:10.1371/journal.ppat.1010698,doi:10.1016/j.antiviral.2020.104828,doi:10.2807/1560-7917.es.2026.31.1.2500336	WHO PA	Origin of virus (A(H1N1), A(H3N2)): reverse genetics | Origin of virus (A(H1N1)pdm09): surveillance studies/no baloxavir exposure; reverse genetics | EC50 fold-change in source (A(H1N1)): 5−17 | EC50 fold-change in source (A(H1N1)pdm09): 7−13 | Fold-change values in source: 6
PA	NC_026437	23	E	R	baloxavir		reduced susceptibility	19	doi:10.1016/j.antiviral.2022.105369	WHO PA	Origin of virus: reverse genetics | Fold-change values in source (A(H1N1)pdm09): 13 | Fold-change values in source (A(H3N2)): 19
PA	NC_026437	24	Y	C	baloxavir		reduced susceptibility	5.3	doi:10.1016/j.antiviral.2025.106299,doi:10.2807/1560-7917.es.2026.31.1.2500336	WHO PA	Origin of virus (A(H1N1)pdm09): surveillance studies | Origin of virus (A(H3N2)): surveillance studies/no baloxavir exposure | EC50 fold-change in source: 2.0−5.3 | Phenotypes in source: reduced susceptibility (A(H1N1)pdm09), suspected reduced (A(H3N2)) (most severe used: reduced susceptibility) | Fold-change values in source: 4
PA	NC_026437	27	D	G	baloxavir		reduced susceptibility	12	doi:10.1080/22221751.2026.2620222	WHO PA	Origin of virus: reverse genetics
PA	NC_026437	34	K	R	baloxavir		reduced susceptibility	5	doi:10.1016/j.antiviral.2022.105281,doi:10.1016/j.antiviral.2022.105457	WHO PA	Origin of virus: surveillance studies | EC50 fold-change in source (A(H1N1)pdm09): 1.6−5 | EC50 fold-change in source (A(H3N2)): 3.7−4 | Phenotypes in source: reduced susceptibility (A(H3N2)), suspected reduced (A(H1N1)pdm09) (most severe used: reduced susceptibility)
PA	NC_026437	36	A	V	baloxavir		reduced susceptibility	6	doi:10.1038/s41598-018-27890-4	WHO PA	Origin of virus: reverse genetics | Fold-change values in source (A(H1N1)): 3.6 | Fold-change values in source (A(H3N2)): 6
PA	NC_026437	37	A	T	baloxavir		reduced susceptibility	8	doi:10.1093/infdis/jiab196,doi:10.1038/s41598-018-27890-4,doi:10.1093/infdis/jiaa164,doi:10.1016/j.antiviral.2023.105679	WHO PA	Origin of virus (A(H1N1)pdm09): surveillance studies/substitution selected under baloxavir selection pressure | Origin of virus (A(H3N2)): reverse genetics | Origin of virus (A(H5N1)): surveillance studies/no baloxavir exposure | EC50 fold-change in source: 5−6 | Fold-change values in source (A(H1N1)pdm09): 5 | Fold-change values in source (A(H3N2)): 8
PA	NC_026437	38	I	F	baloxavir		reduced susceptibility	24	doi:10.1038/s41598-018-27890-4,doi:10.1093/infdis/jiaa164,doi:10.1016/j.antiviral.2019.02.007,doi:10.1073/pnas.1916825117,doi:10.1007/s00705-023-05958-5	WHO PA	Origin of virus: reverse genetics | EC50 fold-change in source (A(H1N1)): 8−11 | EC50 fold-change in source (A(H1N1)pdm09): 7−17 | EC50 fold-change in source (A(H3N2)): 16−20 | Fold-change values in source: 24
PA	NC_026437	38	I	L	baloxavir		reduced susceptibility	12	doi:10.1111/irv.12821,doi:10.2807/1560-7917.es.2019.24.3.1800666,doi:10.1016/j.antiviral.2020.104718,doi:10.1093/infdis/jiz472,doi:10.1128/aac.00009-22,doi:10.1016/j.antiviral.2022.105281	WHO PA	Origin of virus (A(H1N1)): reverse genetics | Origin of virus (A(H1N1)pdm09): surveillance studies/no baloxavir exposure; reverse genetics | Origin of virus (A(H3N2)): reverse genetics; surveillance studies | EC50 fold-change in source (A(H1N1)pdm09): 7−12 | EC50 fold-change in source (A(H3N2)): 2.2−8 | Phenotypes in source: reduced susceptibility (A(H1N1), A(H1N1)pdm09), suspected reduced (A(H3N2)) (most severe used: reduced susceptibility) | Fold-change values in source: 6
PA	NC_026437	38	I	M	baloxavir		reduced susceptibility	29	doi:10.1038/s41598-018-27890-4,doi:10.3201/eid3011.240892,doi:10.1016/j.antiviral.2019.02.007,doi:10.1073/pnas.1916825117,doi:10.1093/infdis/jiz665,doi:10.1016/j.antiviral.2023.105679,doi:10.1007/s00705-023-05958-5,doi:10.1080/22221751.2025.2601372	WHO PA	Origin of virus (A(H1N1)): reverse genetics | Origin of virus (A(H1N1)v): surveillance studies | Origin of virus (A(H1N1)pdm09): reverse genetics; mouse model/substitution selected under baloxavir selection pressure | Origin of virus (A(H3N2)): reverse genetics; surveillance studies/no baloxavir exposure; surveillance studies/substitution selected under baloxavir selection pressure | Origin of virus (A(H5N1)): surveillance studies/no baloxavir exposure; reverse genetics | EC50 fold-change in source (A(H1N1)pdm09): 7−29 | EC50 fold-change in source (A(H3N2)): 3.7−24 | EC50 fold-change in source (A(H5N1)): 6−17 | Fold-change values in source (A(H1N1)): 13 | Fold-change values in source (A(H1N1)v): 15
PA	NC_026437	38	I	N	baloxavir		reduced susceptibility	90	doi:10.1093/infdis/jiaa164,doi:10.1111/irv.12821,doi:10.2807/1560-7917.es.2026.31.1.2500336,doi:10.3201/eid3105.241123	WHO PA	Origin of virus (A(H1N1), A(H3N2)): reverse genetics | Origin of virus (A(H1N1)pdm09): surveillance studies/no baloxavir exposure | EC50 fold-change in source: 83−90 | Fold-change values in source (A(H3N2)): 10 | Fold-change values in source (A(H1N1)): 24
PA	NC_026437	38	I	S	baloxavir		reduced susceptibility	112	doi:10.1111/irv.12821,doi:10.1016/j.antiviral.2022.105281,doi:10.1016/j.antiviral.2020.104828,doi:10.2807/1560-7917.es.2026.31.1.2500336,doi:10.1093/infdis/jiz472,doi:10.1093/infdis/jiaa061	WHO PA	Origin of virus (A(H1N1), A(H3N2)): reverse genetics | Origin of virus (A(H1N1)pdm09): cell culture/substitution selected under baloxavir selection pressure; clinical trial/substitution selected under baloxavir selection pressure; surveillance studies/substitution selected under baloxavir selection pressure | EC50 fold-change in source: 31−112 | Fold-change values in source (A(H3N2)): 6 | Fold-change values in source (A(H1N1)): 12
PA	NC_026437	38	I	T	baloxavir		reduced susceptibility	614	doi:10.1016/j.antiviral.2023.105679,doi:10.1007/s00705-023-05958-5	WHO PA	Origin of virus (A(H1N1)): reverse genetics; cell culture/substitution selected under baloxavir selection pressure | Origin of virus (A(H1N1)pdm09): reverse genetics; cell culture/substitution selected under baloxavir selection pressure; clinical trial/substitution selected under baloxavir selection pressure; surveillance studies/substitution selected under baloxavir selection pressure | Origin of virus (A(H3N2)): reverse genetics; clinical trial/substitution selected under baloxavir selection pressure; cell culture/no baloxavir exposure; surveillance studies/substitution selected under baloxavir selection pressure; surveillance studies/no baloxavir exposure | Origin of virus (A(H5N1)): surveillance studies/no baloxavir exposure; reverse genetics | EC50 fold-change in source (A(H1N1)): 27−54 | EC50 fold-change in source (A(H1N1)pdm09): 11−216 | EC50 fold-change in source (A(H3N2)): 20−614 | EC50 fold-change in source (A(H5N1)): 48−108
PA	NC_026437	38	I	V	baloxavir		suspected reduced	3.7	doi:10.1038/s41598-018-27890-4,doi:10.2807/1560-7917.es.2019.24.3.1800666,doi:10.1016/j.antiviral.2022.105281,doi:10.2807/1560-7917.es.2026.31.1.2500336	WHO PA	Origin of virus (A(H1N1)): reverse genetics | Origin of virus (A(H1N1)pdm09): surveillance studies/no baloxavir exposure | Origin of virus (A(H3N2)): reverse genetics; surveillance studies/no baloxavir exposure | EC50 fold-change in source (A(H1N1)pdm09): 2.2−3.7 | EC50 fold-change in source (A(H3N2)): 0.4−1.8 | Phenotypes in source: normal (A(H1N1), A(H3N2)), suspected reduced (A(H1N1)pdm09) (most severe used: suspected reduced) | Fold-change values in source: 2.2
PA	NC_026437	106	L	R	baloxavir		reduced susceptibility	17	doi:10.1016/j.antiviral.2024.105961	WHO PA	Origin of virus: reverse genetics/substitution selected under baloxavir selection pressure
PA	NC_026437	119	E	D	baloxavir		reduced susceptibility	6	doi:10.1038/s41598-018-27890-4	WHO PA	Origin of virus: reverse genetics | Fold-change values in source (A(H3N2)): 5 | Fold-change values in source (A(H1N1)): 6
PA	NC_026437	122	V	A	baloxavir		reduced susceptibility	11	doi:10.1016/j.antiviral.2025.106299	WHO PA	Origin of virus: surveillance studies
PA	NC_026437	198	E	K	baloxavir		reduced susceptibility	6	doi:10.1007/s00705-022-05456-0	WHO PA	Origin of virus: reverse genetics | Phenotypes in source: normal (A(H1N1), A(H1N1)pdm09), reduced susceptibility (A(H3N2)) (most severe used: reduced susceptibility) | Fold-change values in source (A(H1N1)pdm09): 1.8 | Fold-change values in source (A(H1N1)): 2.5 | Fold-change values in source (A(H3N2)): 6
PA	NC_026437	199	E	D	baloxavir		normal	2.9	doi:10.1128/aac.00009-22	WHO PA	Origin of virus: reverse genetics
PA	NC_026437	199	E	G	baloxavir		reduced susceptibility	8	doi:10.1016/j.antiviral.2022.105281,doi:10.1016/j.antiviral.2022.105457,doi:10.1093/infdis/jiz665,doi:10.1016/j.antiviral.2025.106217,doi:10.1038/s41598-018-27890-4,doi:10.1093/infdis/jiaa164,doi:10.2807/1560-7917.es.2026.31.1.2500336,doi:10.2807/1560-7917.es.2023.28.39.2300501,doi:10.3201/eid3011.240892	WHO PA	Origin of virus (A(H1N1)pdm09): mouse model/substitution selected under baloxavir selection pressure; surveillance studies | Origin of virus (A(H3N2)): reverse genetics; surveillance studies/no baloxavir exposure | Origin of virus (A(H3N2)v): surveillance studies | EC50 fold-change in source (A(H1N1)pdm09): 0.5−3.7 | EC50 fold-change in source (A(H3N2)): 3.5−8 | Phenotypes in source: normal (A(H3N2)v), reduced susceptibility (A(H3N2)), suspected reduced (A(H1N1)pdm09) (most severe used: reduced susceptibility) | Fold-change values in source: 1
PA	NC_026437	199	E	K	baloxavir		reduced susceptibility	5	doi:10.1016/j.antiviral.2025.106173,doi:10.2807/1560-7917.es.2026.31.1.2500336,doi:10.1016/j.antiviral.2025.106217	WHO PA	Origin of virus (A(H1N1)pdm09): surveillance studies/substitution selected under baloxavir selection pressure | Origin of virus (A(H3N2)): surveillance studies/no baloxavir exposure | EC50 fold-change in source: 3.1–5
